-2.704490677639842,-0.28210056722164173,-2.6687226861715314,-0.2477133333683012,0
-2.704490677639842,-0.2477133333683012,-2.6687226861715314,-0.21332609951496115,0
-2.704490677639842,-0.21332609951496115,-2.6687226861715314,-0.1789388656616211,0
-2.668722686171532,-0.28210056722164173,-2.6329546947032214,-0.2477133333683012,0
-2.632954694703221,-0.28210056722164173,-2.597186703234911,-0.2477133333683012,0
-2.668722686171532,-0.2477133333683012,-2.6329546947032214,-0.21332609951496115,0
-2.668722686171532,-0.21332609951496115,-2.6329546947032214,-0.1789388656616211,0
-2.632954694703221,-0.2477133333683012,-2.597186703234911,-0.21332609951496115,0
-2.632954694703221,-0.21332609951496115,-2.597186703234911,-0.1789388656616211,0
2.410332102328539,-0.041389930248260404,2.446100093796849,-0.007002696394920342,1
2.410332102328539,-0.007002696394920342,2.446100093796849,0.02738453745841972,1
2.4461000937968493,-0.041389930248260404,2.48186808526516,-0.007002696394920342,1
2.4461000937968493,-0.007002696394920342,2.48186808526516,0.02738453745841972,1
2.410332102328539,0.02738453745841972,2.446100093796849,0.06177177131175978,1
2.4461000937968493,0.02738453745841972,2.48186808526516,0.06177177131175978,1
2.4818680852651593,-0.041389930248260404,2.51763607673347,-0.007002696394920342,1
2.4818680852651593,-0.007002696394920342,2.51763607673347,0.02738453745841972,1
2.4818680852651593,0.02738453745841972,2.51763607673347,0.06177177131175978,1
-1.2737710189074276,-2.6892069369554523,-1.2380030274391176,-2.654819703102112,2
-1.4168429847806692,-2.5516580015420915,-1.381074993312359,-2.5172707676887516,2
-1.4526109762489794,-2.4828835338354116,-1.416842984780669,-2.448496299982071,2
-1.4168429847806692,-2.5172707676887516,-1.381074993312359,-2.482883533835411,2
-1.4168429847806692,-2.4828835338354116,-1.381074993312359,-2.448496299982071,2
-1.4168429847806692,-2.4484962999820707,-1.381074993312359,-2.4141090661287308,2
-1.3453070018440485,-2.6204324692487715,-1.309539010375738,-2.5860452353954315,2
-1.3810749933123587,-2.5860452353954315,-1.3453070018440485,-2.5516580015420915,2
-1.3810749933123587,-2.5516580015420915,-1.3453070018440485,-2.5172707676887516,2
-1.3453070018440485,-2.5860452353954315,-1.309539010375738,-2.5516580015420915,2
-1.3453070018440485,-2.5516580015420915,-1.309539010375738,-2.5172707676887516,2
-1.3095390103757383,-2.6548197031021123,-1.2737710189074276,-2.620432469248772,2
-1.3095390103757383,-2.6204324692487715,-1.2737710189074276,-2.5860452353954315,2
-1.2737710189074276,-2.6548197031021123,-1.2380030274391176,-2.620432469248772,2
-1.2737710189074276,-2.6204324692487715,-1.2380030274391176,-2.5860452353954315,2
-1.3095390103757383,-2.5860452353954315,-1.2737710189074276,-2.5516580015420915,2
-1.3095390103757383,-2.5516580015420915,-1.2737710189074276,-2.5172707676887516,2
-1.2737710189074276,-2.5860452353954315,-1.2380030274391176,-2.5516580015420915,2
-1.2737710189074276,-2.5516580015420915,-1.2380030274391176,-2.5172707676887516,2
-1.3810749933123587,-2.5172707676887516,-1.3453070018440485,-2.482883533835411,2
-1.3810749933123587,-2.4828835338354116,-1.3453070018440485,-2.448496299982071,2
-1.3453070018440485,-2.5172707676887516,-1.309539010375738,-2.482883533835411,2
-1.3453070018440485,-2.4828835338354116,-1.309539010375738,-2.448496299982071,2
-1.3810749933123587,-2.4484962999820707,-1.3453070018440485,-2.4141090661287308,2
-1.3810749933123587,-2.4141090661287308,-1.3453070018440485,-2.379721832275391,2
-1.3453070018440485,-2.4484962999820707,-1.309539010375738,-2.4141090661287308,2
-1.3453070018440485,-2.4141090661287308,-1.309539010375738,-2.379721832275391,2
-1.3095390103757383,-2.5172707676887516,-1.2737710189074276,-2.482883533835411,2
-1.3095390103757383,-2.4828835338354116,-1.2737710189074276,-2.448496299982071,2
-1.2737710189074276,-2.5172707676887516,-1.2380030274391176,-2.482883533835411,2
-1.2737710189074276,-2.4828835338354116,-1.2380030274391176,-2.448496299982071,2
-1.3095390103757383,-2.4484962999820707,-1.2737710189074276,-2.4141090661287308,2
-1.3095390103757383,-2.4141090661287308,-1.2737710189074276,-2.379721832275391,2
-1.2737710189074276,-2.4484962999820707,-1.2380030274391176,-2.4141090661287308,2
-1.2737710189074276,-2.4141090661287308,-1.2380030274391176,-2.379721832275391,2
-1.2380030274391176,-2.6892069369554523,-1.2022350359708072,-2.654819703102112,2
-1.202235035970807,-2.7235941708087923,-1.1664670445024967,-2.6892069369554523,2
-1.202235035970807,-2.6892069369554523,-1.1664670445024967,-2.654819703102112,2
-1.1664670445024967,-2.7235941708087923,-1.1306990530341863,-2.6892069369554523,2
-1.1664670445024967,-2.6892069369554523,-1.1306990530341863,-2.654819703102112,2
-1.1306990530341865,-2.7235941708087923,-1.0949310615658758,-2.6892069369554523,2
-1.1306990530341865,-2.6892069369554523,-1.0949310615658758,-2.654819703102112,2
-1.0949310615658758,-2.7235941708087923,-1.0591630700975658,-2.6892069369554523,2
-1.0949310615658758,-2.6892069369554523,-1.0591630700975658,-2.654819703102112,2
-1.0591630700975658,-2.7235941708087923,-1.0233950786292554,-2.6892069369554523,2
-1.0591630700975658,-2.6892069369554523,-1.0233950786292554,-2.654819703102112,2
-1.0233950786292552,-2.7235941708087923,-0.9876270871609449,-2.6892069369554523,2
-1.0233950786292552,-2.6892069369554523,-0.9876270871609449,-2.654819703102112,2
-0.9876270871609449,-2.7235941708087923,-0.9518590956926345,-2.6892069369554523,2
-0.9876270871609449,-2.6892069369554523,-0.9518590956926345,-2.654819703102112,2
-1.2380030274391176,-2.6548197031021123,-1.2022350359708072,-2.620432469248772,2
-1.2380030274391176,-2.6204324692487715,-1.2022350359708072,-2.5860452353954315,2
-1.202235035970807,-2.6548197031021123,-1.1664670445024967,-2.620432469248772,2
-1.202235035970807,-2.6204324692487715,-1.1664670445024967,-2.5860452353954315,2
-1.2380030274391176,-2.5860452353954315,-1.2022350359708072,-2.5516580015420915,2
-1.2380030274391176,-2.5516580015420915,-1.2022350359708072,-2.5172707676887516,2
-1.202235035970807,-2.5860452353954315,-1.1664670445024967,-2.5516580015420915,2
-1.202235035970807,-2.5516580015420915,-1.1664670445024967,-2.5172707676887516,2
-1.1664670445024967,-2.6548197031021123,-1.1306990530341863,-2.620432469248772,2
-1.1664670445024967,-2.6204324692487715,-1.1306990530341863,-2.5860452353954315,2
-1.1306990530341865,-2.6548197031021123,-1.0949310615658758,-2.620432469248772,2
-1.1306990530341865,-2.6204324692487715,-1.0949310615658758,-2.5860452353954315,2
-1.1664670445024967,-2.5860452353954315,-1.1306990530341863,-2.5516580015420915,2
-1.1664670445024967,-2.5516580015420915,-1.1306990530341863,-2.5172707676887516,2
-1.1306990530341865,-2.5860452353954315,-1.0949310615658758,-2.5516580015420915,2
-1.1306990530341865,-2.5516580015420915,-1.0949310615658758,-2.5172707676887516,2
-1.2380030274391176,-2.5172707676887516,-1.2022350359708072,-2.482883533835411,2
-1.2380030274391176,-2.4828835338354116,-1.2022350359708072,-2.448496299982071,2
-1.202235035970807,-2.5172707676887516,-1.1664670445024967,-2.482883533835411,2
-1.202235035970807,-2.4828835338354116,-1.1664670445024967,-2.448496299982071,2
-1.2380030274391176,-2.4484962999820707,-1.2022350359708072,-2.4141090661287308,2
-1.2380030274391176,-2.4141090661287308,-1.2022350359708072,-2.379721832275391,2
-1.202235035970807,-2.4484962999820707,-1.1664670445024967,-2.4141090661287308,2
-1.202235035970807,-2.4141090661287308,-1.1664670445024967,-2.379721832275391,2
-1.1664670445024967,-2.5172707676887516,-1.1306990530341863,-2.482883533835411,2
-1.1664670445024967,-2.4828835338354116,-1.1306990530341863,-2.448496299982071,2
-1.1306990530341865,-2.5172707676887516,-1.0949310615658758,-2.482883533835411,2
-1.1306990530341865,-2.4828835338354116,-1.0949310615658758,-2.448496299982071,2
-1.0949310615658758,-2.6548197031021123,-1.0591630700975658,-2.620432469248772,2
-1.0949310615658758,-2.6204324692487715,-1.0591630700975658,-2.5860452353954315,2
-1.0591630700975658,-2.6548197031021123,-1.0233950786292554,-2.620432469248772,2
-1.0591630700975658,-2.6204324692487715,-1.0233950786292554,-2.5860452353954315,2
-1.0949310615658758,-2.5860452353954315,-1.0591630700975658,-2.5516580015420915,2
-1.0949310615658758,-2.5516580015420915,-1.0591630700975658,-2.5172707676887516,2
-1.0591630700975658,-2.5860452353954315,-1.0233950786292554,-2.5516580015420915,2
-1.0591630700975658,-2.5516580015420915,-1.0233950786292554,-2.5172707676887516,2
-1.0233950786292552,-2.6548197031021123,-0.9876270871609449,-2.620432469248772,2
-1.0233950786292552,-2.6204324692487715,-0.9876270871609449,-2.5860452353954315,2
-0.9876270871609449,-2.6548197031021123,-0.9518590956926345,-2.620432469248772,2
-0.9876270871609449,-2.6204324692487715,-0.9518590956926345,-2.5860452353954315,2
-1.0233950786292552,-2.5860452353954315,-0.9876270871609449,-2.5516580015420915,2
-0.9876270871609449,-2.5860452353954315,-0.9518590956926345,-2.5516580015420915,2
-1.0949310615658758,-2.5172707676887516,-1.0591630700975658,-2.482883533835411,2
-0.9518590956926347,-2.7235941708087923,-0.9160911042243242,-2.6892069369554523,2
-0.9518590956926347,-2.6892069369554523,-0.9160911042243242,-2.654819703102112,2
-0.9160911042243242,-2.7235941708087923,-0.8803231127560139,-2.6892069369554523,2
-0.9160911042243242,-2.6892069369554523,-0.8803231127560139,-2.654819703102112,2
-0.8803231127560139,-2.7235941708087923,-0.8445551212877035,-2.6892069369554523,2
-0.8803231127560139,-2.6892069369554523,-0.8445551212877035,-2.654819703102112,2
-0.8445551212877033,-2.7235941708087923,-0.8087871298193932,-2.6892069369554523,2
-0.8445551212877033,-2.6892069369554523,-0.8087871298193932,-2.654819703102112,2
-0.8087871298193932,-2.7235941708087923,-0.7730191383510827,-2.6892069369554523,2
-0.8087871298193932,-2.6892069369554523,-0.7730191383510827,-2.654819703102112,2
-0.7730191383510829,-2.7235941708087923,-0.7372511468827724,-2.6892069369554523,2
-0.7730191383510829,-2.6892069369554523,-0.7372511468827724,-2.654819703102112,2
-0.7372511468827724,-2.7235941708087923,-0.7014831554144622,-2.6892069369554523,2
-0.7372511468827724,-2.6892069369554523,-0.7014831554144622,-2.654819703102112,2
-0.7014831554144622,-2.7235941708087923,-0.6657151639461518,-2.6892069369554523,2
-0.7014831554144622,-2.6892069369554523,-0.6657151639461518,-2.654819703102112,2
-0.9518590956926347,-2.6548197031021123,-0.9160911042243242,-2.620432469248772,2
-0.9518590956926347,-2.6204324692487715,-0.9160911042243242,-2.5860452353954315,2
-0.9160911042243242,-2.6548197031021123,-0.8803231127560139,-2.620432469248772,2
-0.9160911042243242,-2.6204324692487715,-0.8803231127560139,-2.5860452353954315,2
-0.9518590956926347,-2.5860452353954315,-0.9160911042243242,-2.5516580015420915,2
-0.9160911042243242,-2.5860452353954315,-0.8803231127560139,-2.5516580015420915,2
-0.8803231127560139,-2.6548197031021123,-0.8445551212877035,-2.620432469248772,2
-0.8803231127560139,-2.6204324692487715,-0.8445551212877035,-2.5860452353954315,2
-0.8445551212877033,-2.6548197031021123,-0.8087871298193932,-2.620432469248772,2
-0.8445551212877033,-2.6204324692487715,-0.8087871298193932,-2.5860452353954315,2
-0.8803231127560139,-2.5860452353954315,-0.8445551212877035,-2.5516580015420915,2
-0.8445551212877033,-2.5860452353954315,-0.8087871298193932,-2.5516580015420915,2
-0.8087871298193932,-2.6548197031021123,-0.7730191383510827,-2.620432469248772,2
-0.8087871298193932,-2.6204324692487715,-0.7730191383510827,-2.5860452353954315,2
-0.7730191383510829,-2.6548197031021123,-0.7372511468827724,-2.620432469248772,2
-0.7730191383510829,-2.6204324692487715,-0.7372511468827724,-2.5860452353954315,2
-0.8087871298193932,-2.5860452353954315,-0.7730191383510827,-2.5516580015420915,2
-0.7730191383510829,-2.5860452353954315,-0.7372511468827724,-2.5516580015420915,2
-0.7730191383510829,-2.5516580015420915,-0.7372511468827724,-2.5172707676887516,2
-0.7372511468827724,-2.6548197031021123,-0.7014831554144622,-2.620432469248772,2
-0.7372511468827724,-2.6204324692487715,-0.7014831554144622,-2.5860452353954315,2
-0.7014831554144622,-2.6548197031021123,-0.6657151639461518,-2.620432469248772,2
-0.7014831554144622,-2.6204324692487715,-0.6657151639461518,-2.5860452353954315,2
-0.7372511468827724,-2.5860452353954315,-0.7014831554144622,-2.5516580015420915,2
-0.7372511468827724,-2.5516580015420915,-0.7014831554144622,-2.5172707676887516,2
-0.7014831554144622,-2.5860452353954315,-0.6657151639461518,-2.5516580015420915,2
-0.7014831554144622,-2.5516580015420915,-0.6657151639461518,-2.5172707676887516,2
-0.7014831554144622,-2.5172707676887516,-0.6657151639461518,-2.482883533835411,2
-0.6657151639461516,-2.6892069369554523,-0.6299471724778414,-2.654819703102112,2
-0.6299471724778414,-2.6892069369554523,-0.5941791810095309,-2.654819703102112,2
-0.5941791810095312,-2.6892069369554523,-0.5584111895412206,-2.654819703102112,2
-0.6657151639461516,-2.6548197031021123,-0.6299471724778414,-2.620432469248772,2
-0.6657151639461516,-2.6204324692487715,-0.6299471724778414,-2.5860452353954315,2
-0.6299471724778414,-2.6548197031021123,-0.5941791810095309,-2.620432469248772,2
-0.6299471724778414,-2.6204324692487715,-0.5941791810095309,-2.5860452353954315,2
-0.6657151639461516,-2.5860452353954315,-0.6299471724778414,-2.5516580015420915,2
-0.6657151639461516,-2.5516580015420915,-0.6299471724778414,-2.5172707676887516,2
-0.6299471724778414,-2.5860452353954315,-0.5941791810095309,-2.5516580015420915,2
-0.6299471724778414,-2.5516580015420915,-0.5941791810095309,-2.5172707676887516,2
-0.5941791810095312,-2.6548197031021123,-0.5584111895412206,-2.620432469248772,2
-0.5941791810095312,-2.6204324692487715,-0.5584111895412206,-2.5860452353954315,2
-0.5584111895412206,-2.6548197031021123,-0.5226431980729104,-2.620432469248772,2
-0.5584111895412206,-2.6204324692487715,-0.5226431980729104,-2.5860452353954315,2
-0.5941791810095312,-2.5860452353954315,-0.5584111895412206,-2.5516580015420915,2
-0.5941791810095312,-2.5516580015420915,-0.5584111895412206,-2.5172707676887516,2
-0.5584111895412206,-2.5860452353954315,-0.5226431980729104,-2.5516580015420915,2
-0.5584111895412206,-2.5516580015420915,-0.5226431980729104,-2.5172707676887516,2
-0.6657151639461516,-2.5172707676887516,-0.6299471724778414,-2.482883533835411,2
-0.6299471724778414,-2.5172707676887516,-0.5941791810095309,-2.482883533835411,2
-0.6299471724778414,-2.4828835338354116,-0.5941791810095309,-2.448496299982071,2
-0.5941791810095312,-2.5172707676887516,-0.5584111895412206,-2.482883533835411,2
-0.5941791810095312,-2.4828835338354116,-0.5584111895412206,-2.448496299982071,2
-0.5584111895412206,-2.5172707676887516,-0.5226431980729104,-2.482883533835411,2
-0.5584111895412206,-2.4828835338354116,-0.5226431980729104,-2.448496299982071,2
-0.5584111895412206,-2.4484962999820707,-0.5226431980729104,-2.4141090661287308,2
-0.5226431980729104,-2.6548197031021123,-0.48687520660459976,-2.620432469248772,2
-0.5226431980729104,-2.6204324692487715,-0.48687520660459976,-2.5860452353954315,2
-0.48687520660459976,-2.6204324692487715,-0.4511072151362896,-2.5860452353954315,2
-0.5226431980729104,-2.5860452353954315,-0.48687520660459976,-2.5516580015420915,2
-0.5226431980729104,-2.5516580015420915,-0.48687520660459976,-2.5172707676887516,2
-0.48687520660459976,-2.5860452353954315,-0.4511072151362896,-2.5516580015420915,2
-0.48687520660459976,-2.5516580015420915,-0.4511072151362896,-2.5172707676887516,2
-0.4511072151362896,-2.6204324692487715,-0.41533922366797943,-2.5860452353954315,2
-0.4511072151362896,-2.5860452353954315,-0.41533922366797943,-2.5516580015420915,2
-0.4511072151362896,-2.5516580015420915,-0.41533922366797943,-2.5172707676887516,2
-0.41533922366797943,-2.5860452353954315,-0.3795712321996688,-2.5516580015420915,2
-0.41533922366797943,-2.5516580015420915,-0.3795712321996688,-2.5172707676887516,2
-0.5226431980729104,-2.5172707676887516,-0.48687520660459976,-2.482883533835411,2
-0.5226431980729104,-2.4828835338354116,-0.48687520660459976,-2.448496299982071,2
-0.48687520660459976,-2.5172707676887516,-0.4511072151362896,-2.482883533835411,2
-0.48687520660459976,-2.4828835338354116,-0.4511072151362896,-2.448496299982071,2
-0.5226431980729104,-2.4484962999820707,-0.48687520660459976,-2.4141090661287308,2
-0.48687520660459976,-2.4484962999820707,-0.4511072151362896,-2.4141090661287308,2
-0.48687520660459976,-2.4141090661287308,-0.4511072151362896,-2.379721832275391,2
-0.4511072151362896,-2.5172707676887516,-0.41533922366797943,-2.482883533835411,2
-0.4511072151362896,-2.4828835338354116,-0.41533922366797943,-2.448496299982071,2
-0.41533922366797943,-2.5172707676887516,-0.3795712321996688,-2.482883533835411,2
-0.41533922366797943,-2.4828835338354116,-0.3795712321996688,-2.448496299982071,2
-0.4511072151362896,-2.4484962999820707,-0.41533922366797943,-2.4141090661287308,2
-0.4511072151362896,-2.4141090661287308,-0.41533922366797943,-2.379721832275391,2
-0.41533922366797943,-2.4484962999820707,-0.3795712321996688,-2.4141090661287308,2
-0.41533922366797943,-2.4141090661287308,-0.3795712321996688,-2.379721832275391,2
-0.3795712321996688,-2.5860452353954315,-0.3438032407313586,-2.5516580015420915,2
-0.3795712321996688,-2.5516580015420915,-0.3438032407313586,-2.5172707676887516,2
-0.3438032407313586,-2.5516580015420915,-0.308035249263048,-2.5172707676887516,2
-0.308035249263048,-2.5516580015420915,-0.2722672577947378,-2.5172707676887516,2
-0.3795712321996688,-2.5172707676887516,-0.3438032407313586,-2.482883533835411,2
-0.3795712321996688,-2.4828835338354116,-0.3438032407313586,-2.448496299982071,2
-0.3438032407313586,-2.5172707676887516,-0.308035249263048,-2.482883533835411,2
-0.3438032407313586,-2.4828835338354116,-0.308035249263048,-2.448496299982071,2
-0.3795712321996688,-2.4484962999820707,-0.3438032407313586,-2.4141090661287308,2
-0.3795712321996688,-2.4141090661287308,-0.3438032407313586,-2.379721832275391,2
-0.3438032407313586,-2.4484962999820707,-0.308035249263048,-2.4141090661287308,2
-0.3438032407313586,-2.4141090661287308,-0.308035249263048,-2.379721832275391,2
-0.308035249263048,-2.5172707676887516,-0.2722672577947378,-2.482883533835411,2
-0.308035249263048,-2.4828835338354116,-0.2722672577947378,-2.448496299982071,2
-0.2722672577947378,-2.5172707676887516,-0.23649926632642765,-2.482883533835411,2
-0.2722672577947378,-2.4828835338354116,-0.23649926632642765,-2.448496299982071,2
-0.308035249263048,-2.4484962999820707,-0.2722672577947378,-2.4141090661287308,2
-0.308035249263048,-2.4141090661287308,-0.2722672577947378,-2.379721832275391,2
-0.2722672577947378,-2.4484962999820707,-0.23649926632642765,-2.4141090661287308,2
-0.2722672577947378,-2.4141090661287308,-0.23649926632642765,-2.379721832275391,2
-0.23649926632642765,-2.5172707676887516,-0.200731274858117,-2.482883533835411,2
-0.23649926632642765,-2.4828835338354116,-0.200731274858117,-2.448496299982071,2
-0.200731274858117,-2.5172707676887516,-0.16496328338980684,-2.482883533835411,2
-0.200731274858117,-2.4828835338354116,-0.16496328338980684,-2.448496299982071,2
-0.23649926632642765,-2.4484962999820707,-0.200731274858117,-2.4141090661287308,2
-0.23649926632642765,-2.4141090661287308,-0.200731274858117,-2.379721832275391,2
-0.200731274858117,-2.4484962999820707,-0.16496328338980684,-2.4141090661287308,2
-0.200731274858117,-2.4141090661287308,-0.16496328338980684,-2.379721832275391,2
-0.16496328338980684,-2.4828835338354116,-0.1291952919214962,-2.448496299982071,2
-0.1291952919214962,-2.4828835338354116,-0.09342730045318604,-2.448496299982071,2
-0.16496328338980684,-2.4484962999820707,-0.1291952919214962,-2.4141090661287308,2
-0.16496328338980684,-2.4141090661287308,-0.1291952919214962,-2.379721832275391,2
-0.1291952919214962,-2.4484962999820707,-0.09342730045318604,-2.4141090661287308,2
-0.1291952919214962,-2.4141090661287308,-0.09342730045318604,-2.379721832275391,2
-1.3453070018440485,-2.379721832275391,-1.309539010375738,-2.345334598422051,2
-1.3453070018440485,-2.345334598422051,-1.309539010375738,-2.3109473645687104,2
-1.3453070018440485,-2.310947364568711,-1.309539010375738,-2.2765601307153704,2
-1.3095390103757383,-2.379721832275391,-1.2737710189074276,-2.345334598422051,2
-1.3095390103757383,-2.345334598422051,-1.2737710189074276,-2.3109473645687104,2
-1.2737710189074276,-2.379721832275391,-1.2380030274391176,-2.345334598422051,2
-1.2737710189074276,-2.345334598422051,-1.2380030274391176,-2.3109473645687104,2
-1.3095390103757383,-2.310947364568711,-1.2737710189074276,-2.2765601307153704,2
-1.3095390103757383,-2.27656013071537,-1.2737710189074276,-2.24217289686203,2
-1.2737710189074276,-2.310947364568711,-1.2380030274391176,-2.2765601307153704,2
-0.41533922366797943,-2.379721832275391,-0.3795712321996688,-2.345334598422051,2
-0.3795712321996688,-2.379721832275391,-0.3438032407313586,-2.345334598422051,2
-0.3438032407313586,-2.379721832275391,-0.308035249263048,-2.345334598422051,2
-0.3438032407313586,-2.345334598422051,-0.308035249263048,-2.3109473645687104,2
-0.308035249263048,-2.379721832275391,-0.2722672577947378,-2.345334598422051,2
-0.308035249263048,-2.345334598422051,-0.2722672577947378,-2.3109473645687104,2
-0.2722672577947378,-2.379721832275391,-0.23649926632642765,-2.345334598422051,2
-0.2722672577947378,-2.345334598422051,-0.23649926632642765,-2.3109473645687104,2
-0.23649926632642765,-2.379721832275391,-0.200731274858117,-2.345334598422051,2
-0.23649926632642765,-2.345334598422051,-0.200731274858117,-2.3109473645687104,2
-0.200731274858117,-2.379721832275391,-0.16496328338980684,-2.345334598422051,2
-0.200731274858117,-2.345334598422051,-0.16496328338980684,-2.3109473645687104,2
-0.200731274858117,-2.310947364568711,-0.16496328338980684,-2.2765601307153704,2
-0.16496328338980684,-2.379721832275391,-0.1291952919214962,-2.345334598422051,2
-0.16496328338980684,-2.345334598422051,-0.1291952919214962,-2.3109473645687104,2
-0.1291952919214962,-2.379721832275391,-0.09342730045318604,-2.345334598422051,2
-0.1291952919214962,-2.345334598422051,-0.09342730045318604,-2.3109473645687104,2
-0.16496328338980684,-2.310947364568711,-0.1291952919214962,-2.2765601307153704,2
-0.1291952919214962,-2.310947364568711,-0.09342730045318604,-2.2765601307153704,2
-0.1291952919214962,-2.27656013071537,-0.09342730045318604,-2.24217289686203,2
-0.09342730045318604,-2.4484962999820707,-0.057659308984875854,-2.4141090661287308,2
-0.09342730045318604,-2.4141090661287308,-0.057659308984875854,-2.379721832275391,2
-0.057659308984875854,-2.4484962999820707,-0.021891317516565235,-2.4141090661287308,2
-0.057659308984875854,-2.4141090661287308,-0.021891317516565235,-2.379721832275391,2
-0.021891317516565235,-2.4141090661287308,0.013876673951744942,-2.379721832275391,2
0.013876673951744942,-2.4141090661287308,0.049644665420055564,-2.379721832275391,2
0.049644665420055564,-2.4141090661287308,0.08541265688836575,-2.379721832275391,2
-0.09342730045318604,-2.379721832275391,-0.057659308984875854,-2.345334598422051,2
-0.09342730045318604,-2.345334598422051,-0.057659308984875854,-2.3109473645687104,2
-0.057659308984875854,-2.379721832275391,-0.021891317516565235,-2.345334598422051,2
-0.057659308984875854,-2.345334598422051,-0.021891317516565235,-2.3109473645687104,2
-0.09342730045318604,-2.310947364568711,-0.057659308984875854,-2.2765601307153704,2
-0.09342730045318604,-2.27656013071537,-0.057659308984875854,-2.24217289686203,2
-0.057659308984875854,-2.310947364568711,-0.021891317516565235,-2.2765601307153704,2
-0.057659308984875854,-2.27656013071537,-0.021891317516565235,-2.24217289686203,2
-0.021891317516565235,-2.379721832275391,0.013876673951744942,-2.345334598422051,2
-0.021891317516565235,-2.345334598422051,0.013876673951744942,-2.3109473645687104,2
0.013876673951744942,-2.379721832275391,0.049644665420055564,-2.345334598422051,2
0.013876673951744942,-2.345334598422051,0.049644665420055564,-2.3109473645687104,2
-0.021891317516565235,-2.310947364568711,0.013876673951744942,-2.2765601307153704,2
-0.021891317516565235,-2.27656013071537,0.013876673951744942,-2.24217289686203,2
0.013876673951744942,-2.310947364568711,0.049644665420055564,-2.2765601307153704,2
0.013876673951744942,-2.27656013071537,0.049644665420055564,-2.24217289686203,2
-0.057659308984875854,-2.24217289686203,-0.021891317516565235,-2.20778566300869,2
-0.021891317516565235,-2.24217289686203,0.013876673951744942,-2.20778566300869,2
0.013876673951744942,-2.24217289686203,0.049644665420055564,-2.20778566300869,2
0.049644665420055564,-2.379721832275391,0.08541265688836575,-2.345334598422051,2
0.049644665420055564,-2.345334598422051,0.08541265688836575,-2.3109473645687104,2
0.08541265688836575,-2.379721832275391,0.12118064835667591,-2.345334598422051,2
0.08541265688836575,-2.345334598422051,0.12118064835667591,-2.3109473645687104,2
0.049644665420055564,-2.310947364568711,0.08541265688836575,-2.2765601307153704,2
0.049644665420055564,-2.27656013071537,0.08541265688836575,-2.24217289686203,2
0.08541265688836575,-2.310947364568711,0.12118064835667591,-2.2765601307153704,2
0.08541265688836575,-2.27656013071537,0.12118064835667591,-2.24217289686203,2
0.12118064835667591,-2.379721832275391,0.15694863982498655,-2.345334598422051,2
0.12118064835667591,-2.345334598422051,0.15694863982498655,-2.3109473645687104,2
0.15694863982498655,-2.345334598422051,0.19271663129329672,-2.3109473645687104,2
0.12118064835667591,-2.310947364568711,0.15694863982498655,-2.2765601307153704,2
0.12118064835667591,-2.27656013071537,0.15694863982498655,-2.24217289686203,2
0.15694863982498655,-2.310947364568711,0.19271663129329672,-2.2765601307153704,2
0.15694863982498655,-2.27656013071537,0.19271663129329672,-2.24217289686203,2
0.049644665420055564,-2.24217289686203,0.08541265688836575,-2.20778566300869,2
0.049644665420055564,-2.20778566300869,0.08541265688836575,-2.17339842915535,2
0.08541265688836575,-2.24217289686203,0.12118064835667591,-2.20778566300869,2
0.08541265688836575,-2.20778566300869,0.12118064835667591,-2.17339842915535,2
0.12118064835667591,-2.24217289686203,0.15694863982498655,-2.20778566300869,2
0.12118064835667591,-2.20778566300869,0.15694863982498655,-2.17339842915535,2
0.15694863982498655,-2.24217289686203,0.19271663129329672,-2.20778566300869,2
0.15694863982498655,-2.20778566300869,0.19271663129329672,-2.17339842915535,2
0.15694863982498655,-2.17339842915535,0.19271663129329672,-2.1390111953020097,2
0.19271663129329672,-2.345334598422051,0.22848462276160733,-2.3109473645687104,2
0.19271663129329672,-2.310947364568711,0.22848462276160733,-2.2765601307153704,2
0.19271663129329672,-2.27656013071537,0.22848462276160733,-2.24217289686203,2
0.22848462276160733,-2.310947364568711,0.2642526142299175,-2.2765601307153704,2
0.22848462276160733,-2.27656013071537,0.2642526142299175,-2.24217289686203,2
0.2642526142299175,-2.310947364568711,0.3000206056982277,-2.2765601307153704,2
0.2642526142299175,-2.27656013071537,0.3000206056982277,-2.24217289686203,2
0.3000206056982277,-2.310947364568711,0.3357885971665383,-2.2765601307153704,2
0.3000206056982277,-2.27656013071537,0.3357885971665383,-2.24217289686203,2
0.19271663129329672,-2.24217289686203,0.22848462276160733,-2.20778566300869,2
0.19271663129329672,-2.20778566300869,0.22848462276160733,-2.17339842915535,2
0.22848462276160733,-2.24217289686203,0.2642526142299175,-2.20778566300869,2
0.22848462276160733,-2.20778566300869,0.2642526142299175,-2.17339842915535,2
0.19271663129329672,-2.17339842915535,0.22848462276160733,-2.1390111953020097,2
0.22848462276160733,-2.17339842915535,0.2642526142299175,-2.1390111953020097,2
0.2642526142299175,-2.24217289686203,0.3000206056982277,-2.20778566300869,2
0.2642526142299175,-2.20778566300869,0.3000206056982277,-2.17339842915535,2
0.3000206056982277,-2.24217289686203,0.3357885971665383,-2.20778566300869,2
0.3000206056982277,-2.20778566300869,0.3357885971665383,-2.17339842915535,2
0.2642526142299175,-2.17339842915535,0.3000206056982277,-2.1390111953020097,2
0.2642526142299175,-2.13901119530201,0.3000206056982277,-2.1046239614486697,2
0.3000206056982277,-2.17339842915535,0.3357885971665383,-2.1390111953020097,2
0.3000206056982277,-2.13901119530201,0.3357885971665383,-2.1046239614486697,2
0.3357885971665383,-2.310947364568711,0.3715565886348485,-2.2765601307153704,2
0.3357885971665383,-2.27656013071537,0.3715565886348485,-2.24217289686203,2
0.3715565886348485,-2.27656013071537,0.40732458010315914,-2.24217289686203,2
0.40732458010315914,-2.27656013071537,0.4430925715714693,-2.24217289686203,2
0.4430925715714693,-2.27656013071537,0.4788605630397795,-2.24217289686203,2
0.3357885971665383,-2.24217289686203,0.3715565886348485,-2.20778566300869,2
0.3357885971665383,-2.20778566300869,0.3715565886348485,-2.17339842915535,2
0.3715565886348485,-2.24217289686203,0.40732458010315914,-2.20778566300869,2
0.3715565886348485,-2.20778566300869,0.40732458010315914,-2.17339842915535,2
0.3357885971665383,-2.17339842915535,0.3715565886348485,-2.1390111953020097,2
0.3357885971665383,-2.13901119530201,0.3715565886348485,-2.1046239614486697,2
0.3715565886348485,-2.17339842915535,0.40732458010315914,-2.1390111953020097,2
0.3715565886348485,-2.13901119530201,0.40732458010315914,-2.1046239614486697,2
0.40732458010315914,-2.24217289686203,0.4430925715714693,-2.20778566300869,2
0.40732458010315914,-2.20778566300869,0.4430925715714693,-2.17339842915535,2
0.4430925715714693,-2.24217289686203,0.4788605630397795,-2.20778566300869,2
0.4430925715714693,-2.20778566300869,0.4788605630397795,-2.17339842915535,2
0.40732458010315914,-2.17339842915535,0.4430925715714693,-2.1390111953020097,2
0.40732458010315914,-2.13901119530201,0.4430925715714693,-2.1046239614486697,2
0.4430925715714693,-2.17339842915535,0.4788605630397795,-2.1390111953020097,2
0.4430925715714693,-2.13901119530201,0.4788605630397795,-2.1046239614486697,2
0.3715565886348485,-2.1046239614486693,0.40732458010315914,-2.0702367275953293,2
0.40732458010315914,-2.1046239614486693,0.4430925715714693,-2.0702367275953293,2
0.4430925715714693,-2.1046239614486693,0.4788605630397795,-2.0702367275953293,2
0.4788605630397795,-2.24217289686203,0.5146285545080901,-2.20778566300869,2
0.4788605630397795,-2.20778566300869,0.5146285545080901,-2.17339842915535,2
0.5146285545080901,-2.24217289686203,0.5503965459764003,-2.20778566300869,2
0.5146285545080901,-2.20778566300869,0.5503965459764003,-2.17339842915535,2
0.4788605630397795,-2.17339842915535,0.5146285545080901,-2.1390111953020097,2
0.4788605630397795,-2.13901119530201,0.5146285545080901,-2.1046239614486697,2
0.5146285545080901,-2.17339842915535,0.5503965459764003,-2.1390111953020097,2
0.5146285545080901,-2.13901119530201,0.5503965459764003,-2.1046239614486697,2
0.5503965459764003,-2.24217289686203,0.5861645374447109,-2.20778566300869,2
0.5503965459764003,-2.20778566300869,0.5861645374447109,-2.17339842915535,2
0.5861645374447106,-2.24217289686203,0.6219325289130211,-2.20778566300869,2
0.5861645374447106,-2.20778566300869,0.6219325289130211,-2.17339842915535,2
0.5503965459764003,-2.17339842915535,0.5861645374447109,-2.1390111953020097,2
0.5503965459764003,-2.13901119530201,0.5861645374447109,-2.1046239614486697,2
0.5861645374447106,-2.17339842915535,0.6219325289130211,-2.1390111953020097,2
0.5861645374447106,-2.13901119530201,0.6219325289130211,-2.1046239614486697,2
0.6219325289130211,-2.20778566300869,0.6577005203813312,-2.17339842915535,2
0.6577005203813314,-2.20778566300869,0.6934685118496419,-2.17339842915535,2
0.6219325289130211,-2.17339842915535,0.6577005203813312,-2.1390111953020097,2
0.6219325289130211,-2.13901119530201,0.6577005203813312,-2.1046239614486697,2
0.6577005203813314,-2.17339842915535,0.6934685118496419,-2.1390111953020097,2
0.6577005203813314,-2.13901119530201,0.6934685118496419,-2.1046239614486697,2
0.6934685118496419,-2.20778566300869,0.7292365033179521,-2.17339842915535,2
0.6934685118496419,-2.17339842915535,0.7292365033179521,-2.1390111953020097,2
0.6934685118496419,-2.13901119530201,0.7292365033179521,-2.1046239614486697,2
0.7292365033179521,-2.17339842915535,0.7650044947862626,-2.1390111953020097,2
0.7292365033179521,-2.13901119530201,0.7650044947862626,-2.1046239614486697,2
0.4788605630397795,-2.1046239614486693,0.5146285545080901,-2.0702367275953293,2
0.5146285545080901,-2.1046239614486693,0.5503965459764003,-2.0702367275953293,2
0.5146285545080901,-2.0702367275953293,0.5503965459764003,-2.0358494937419893,2
0.5503965459764003,-2.1046239614486693,0.5861645374447109,-2.0702367275953293,2
0.5503965459764003,-2.0702367275953293,0.5861645374447109,-2.0358494937419893,2
0.5861645374447106,-2.1046239614486693,0.6219325289130211,-2.0702367275953293,2
0.5861645374447106,-2.0702367275953293,0.6219325289130211,-2.0358494937419893,2
0.5861645374447106,-2.0358494937419893,0.6219325289130211,-2.0014622598886493,2
0.6219325289130211,-2.1046239614486693,0.6577005203813312,-2.0702367275953293,2
0.6219325289130211,-2.0702367275953293,0.6577005203813312,-2.0358494937419893,2
0.6577005203813314,-2.1046239614486693,0.6934685118496419,-2.0702367275953293,2
0.6577005203813314,-2.0702367275953293,0.6934685118496419,-2.0358494937419893,2
0.6219325289130211,-2.0358494937419893,0.6577005203813312,-2.0014622598886493,2
0.6577005203813314,-2.0358494937419893,0.6934685118496419,-2.0014622598886493,2
0.6934685118496419,-2.1046239614486693,0.7292365033179521,-2.0702367275953293,2
0.6934685118496419,-2.0702367275953293,0.7292365033179521,-2.0358494937419893,2
0.7292365033179521,-2.1046239614486693,0.7650044947862626,-2.0702367275953293,2
0.7292365033179521,-2.0702367275953293,0.7650044947862626,-2.0358494937419893,2
0.6934685118496419,-2.0358494937419893,0.7292365033179521,-2.0014622598886493,2
0.6934685118496419,-2.0014622598886493,0.7292365033179521,-1.967075026035309,2
0.7292365033179521,-2.0358494937419893,0.7650044947862626,-2.0014622598886493,2
0.7292365033179521,-2.0014622598886493,0.7650044947862626,-1.967075026035309,2
0.7650044947862624,-2.17339842915535,0.8007724862545729,-2.1390111953020097,2
0.7650044947862624,-2.13901119530201,0.8007724862545729,-2.1046239614486697,2
0.8007724862545729,-2.13901119530201,0.836540477722883,-2.1046239614486697,2
0.8365404777228832,-2.13901119530201,0.8723084691911936,-2.1046239614486697,2
0.8723084691911936,-2.13901119530201,0.9080764606595039,-2.1046239614486697,2
0.7650044947862624,-2.1046239614486693,0.8007724862545729,-2.0702367275953293,2
0.7650044947862624,-2.0702367275953293,0.8007724862545729,-2.0358494937419893,2
0.8007724862545729,-2.1046239614486693,0.836540477722883,-2.0702367275953293,2
0.8007724862545729,-2.0702367275953293,0.836540477722883,-2.0358494937419893,2
0.7650044947862624,-2.0358494937419893,0.8007724862545729,-2.0014622598886493,2
0.7650044947862624,-2.0014622598886493,0.8007724862545729,-1.967075026035309,2
0.8007724862545729,-2.0358494937419893,0.836540477722883,-2.0014622598886493,2
0.8007724862545729,-2.0014622598886493,0.836540477722883,-1.967075026035309,2
0.8365404777228832,-2.1046239614486693,0.8723084691911936,-2.0702367275953293,2
0.8365404777228832,-2.0702367275953293,0.8723084691911936,-2.0358494937419893,2
0.8723084691911936,-2.1046239614486693,0.9080764606595039,-2.0702367275953293,2
0.8723084691911936,-2.0702367275953293,0.9080764606595039,-2.0358494937419893,2
0.8365404777228832,-2.0358494937419893,0.8723084691911936,-2.0014622598886493,2
0.8365404777228832,-2.0014622598886493,0.8723084691911936,-1.967075026035309,2
0.8723084691911936,-2.0358494937419893,0.9080764606595039,-2.0014622598886493,2
0.8723084691911936,-2.0014622598886493,0.9080764606595039,-1.967075026035309,2
0.7650044947862624,-1.9670750260353091,0.8007724862545729,-1.932687792181969,2
0.8007724862545729,-1.9670750260353091,0.836540477722883,-1.932687792181969,2
0.8365404777228832,-1.9670750260353091,0.8723084691911936,-1.932687792181969,2
0.8365404777228832,-1.9326877921819687,0.8723084691911936,-1.8983005583286285,2
0.8723084691911936,-1.9670750260353091,0.9080764606595039,-1.932687792181969,2
0.8723084691911936,-1.9326877921819687,0.9080764606595039,-1.8983005583286285,2
0.9080764606595039,-2.1046239614486693,0.9438444521278144,-2.0702367275953293,2
0.9080764606595039,-2.0702367275953293,0.9438444521278144,-2.0358494937419893,2
0.9438444521278142,-2.1046239614486693,0.9796124435961246,-2.0702367275953293,2
0.9438444521278142,-2.0702367275953293,0.9796124435961246,-2.0358494937419893,2
0.9080764606595039,-2.0358494937419893,0.9438444521278144,-2.0014622598886493,2
0.9080764606595039,-2.0014622598886493,0.9438444521278144,-1.967075026035309,2
0.9438444521278142,-2.0358494937419893,0.9796124435961246,-2.0014622598886493,2
0.9438444521278142,-2.0014622598886493,0.9796124435961246,-1.967075026035309,2
0.9796124435961246,-2.0702367275953293,1.0153804350644349,-2.0358494937419893,2
1.015380435064435,-2.0702367275953293,1.0511484265327455,-2.0358494937419893,2
0.9796124435961246,-2.0358494937419893,1.0153804350644349,-2.0014622598886493,2
0.9796124435961246,-2.0014622598886493,1.0153804350644349,-1.967075026035309,2
1.015380435064435,-2.0358494937419893,1.0511484265327455,-2.0014622598886493,2
1.015380435064435,-2.0014622598886493,1.0511484265327455,-1.967075026035309,2
0.9080764606595039,-1.9670750260353091,0.9438444521278144,-1.932687792181969,2
0.9080764606595039,-1.9326877921819687,0.9438444521278144,-1.8983005583286285,2
0.9438444521278142,-1.9670750260353091,0.9796124435961246,-1.932687792181969,2
0.9438444521278142,-1.9326877921819687,0.9796124435961246,-1.8983005583286285,2
0.9080764606595039,-1.8983005583286285,0.9438444521278144,-1.8639133244752886,2
0.9438444521278142,-1.8983005583286285,0.9796124435961246,-1.8639133244752886,2
0.9438444521278142,-1.8639133244752886,0.9796124435961246,-1.8295260906219486,2
0.9796124435961246,-1.9670750260353091,1.0153804350644349,-1.932687792181969,2
0.9796124435961246,-1.9326877921819687,1.0153804350644349,-1.8983005583286285,2
1.015380435064435,-1.9670750260353091,1.0511484265327455,-1.932687792181969,2
1.015380435064435,-1.9326877921819687,1.0511484265327455,-1.8983005583286285,2
0.9796124435961246,-1.8983005583286285,1.0153804350644349,-1.8639133244752886,2
0.9796124435961246,-1.8639133244752886,1.0153804350644349,-1.8295260906219486,2
1.015380435064435,-1.8983005583286285,1.0511484265327455,-1.8639133244752886,2
1.015380435064435,-1.8639133244752886,1.0511484265327455,-1.8295260906219486,2
1.015380435064435,-1.8295260906219486,1.0511484265327455,-1.7951388567686082,2
1.0511484265327455,-2.0358494937419893,1.0869164180010555,-2.0014622598886493,2
1.0511484265327455,-2.0014622598886493,1.0869164180010555,-1.967075026035309,2
1.0869164180010555,-2.0358494937419893,1.1226844094693662,-2.0014622598886493,2
1.0869164180010555,-2.0014622598886493,1.1226844094693662,-1.967075026035309,2
1.122684409469366,-2.0014622598886493,1.1584524009376764,-1.967075026035309,2
1.1584524009376764,-2.0014622598886493,1.1942203924059867,-1.967075026035309,2
1.0511484265327455,-1.9670750260353091,1.0869164180010555,-1.932687792181969,2
1.0511484265327455,-1.9326877921819687,1.0869164180010555,-1.8983005583286285,2
1.0869164180010555,-1.9670750260353091,1.1226844094693662,-1.932687792181969,2
1.0869164180010555,-1.9326877921819687,1.1226844094693662,-1.8983005583286285,2
1.0511484265327455,-1.8983005583286285,1.0869164180010555,-1.8639133244752886,2
1.0511484265327455,-1.8639133244752886,1.0869164180010555,-1.8295260906219486,2
1.0869164180010555,-1.8983005583286285,1.1226844094693662,-1.8639133244752886,2
1.0869164180010555,-1.8639133244752886,1.1226844094693662,-1.8295260906219486,2
1.122684409469366,-1.9670750260353091,1.1584524009376764,-1.932687792181969,2
1.122684409469366,-1.9326877921819687,1.1584524009376764,-1.8983005583286285,2
1.1584524009376764,-1.9670750260353091,1.1942203924059867,-1.932687792181969,2
1.1584524009376764,-1.9326877921819687,1.1942203924059867,-1.8983005583286285,2
1.122684409469366,-1.8983005583286285,1.1584524009376764,-1.8639133244752886,2
1.122684409469366,-1.8639133244752886,1.1584524009376764,-1.8295260906219486,2
1.1584524009376764,-1.8983005583286285,1.1942203924059867,-1.8639133244752886,2
1.1584524009376764,-1.8639133244752886,1.1942203924059867,-1.8295260906219486,2
1.1942203924059869,-1.9670750260353091,1.229988383874297,-1.932687792181969,2
1.1942203924059869,-1.9326877921819687,1.229988383874297,-1.8983005583286285,2
1.2299883838742969,-1.9326877921819687,1.2657563753426073,-1.8983005583286285,2
1.1942203924059869,-1.8983005583286285,1.229988383874297,-1.8639133244752886,2
1.1942203924059869,-1.8639133244752886,1.229988383874297,-1.8295260906219486,2
1.2299883838742969,-1.8983005583286285,1.2657563753426073,-1.8639133244752886,2
1.2299883838742969,-1.8639133244752886,1.2657563753426073,-1.8295260906219486,2
1.2657563753426073,-1.8983005583286285,1.301524366810918,-1.8639133244752886,2
1.2657563753426073,-1.8639133244752886,1.301524366810918,-1.8295260906219486,2
1.3015243668109178,-1.8639133244752886,1.3372923582792282,-1.8295260906219486,2
1.0511484265327455,-1.8295260906219486,1.0869164180010555,-1.7951388567686082,2
1.0511484265327455,-1.7951388567686084,1.0869164180010555,-1.7607516229152682,2
1.0869164180010555,-1.8295260906219486,1.1226844094693662,-1.7951388567686082,2
1.0869164180010555,-1.7951388567686084,1.1226844094693662,-1.7607516229152682,2
1.122684409469366,-1.8295260906219486,1.1584524009376764,-1.7951388567686082,2
1.122684409469366,-1.7951388567686084,1.1584524009376764,-1.7607516229152682,2
1.1584524009376764,-1.8295260906219486,1.1942203924059867,-1.7951388567686082,2
1.1584524009376764,-1.7951388567686084,1.1942203924059867,-1.7607516229152682,2
1.122684409469366,-1.760751622915268,1.1584524009376764,-1.7263643890619278,2
1.1584524009376764,-1.760751622915268,1.1942203924059867,-1.7263643890619278,2
1.1584524009376764,-1.7263643890619278,1.1942203924059867,-1.6919771552085878,2
1.1942203924059869,-1.8295260906219486,1.229988383874297,-1.7951388567686082,2
1.1942203924059869,-1.7951388567686084,1.229988383874297,-1.7607516229152682,2
1.2299883838742969,-1.8295260906219486,1.2657563753426073,-1.7951388567686082,2
1.2299883838742969,-1.7951388567686084,1.2657563753426073,-1.7607516229152682,2
1.1942203924059869,-1.760751622915268,1.229988383874297,-1.7263643890619278,2
1.1942203924059869,-1.7263643890619278,1.229988383874297,-1.6919771552085878,2
1.2299883838742969,-1.760751622915268,1.2657563753426073,-1.7263643890619278,2
1.2299883838742969,-1.7263643890619278,1.2657563753426073,-1.6919771552085878,2
1.2657563753426073,-1.8295260906219486,1.301524366810918,-1.7951388567686082,2
1.2657563753426073,-1.7951388567686084,1.301524366810918,-1.7607516229152682,2
1.3015243668109178,-1.8295260906219486,1.3372923582792282,-1.7951388567686082,2
1.3015243668109178,-1.7951388567686084,1.3372923582792282,-1.7607516229152682,2
1.2657563753426073,-1.760751622915268,1.301524366810918,-1.7263643890619278,2
1.2657563753426073,-1.7263643890619278,1.301524366810918,-1.6919771552085878,2
1.3015243668109178,-1.760751622915268,1.3372923582792282,-1.7263643890619278,2
1.3015243668109178,-1.7263643890619278,1.3372923582792282,-1.6919771552085878,2
1.1942203924059869,-1.6919771552085878,1.229988383874297,-1.6575899213552474,2
1.2299883838742969,-1.6919771552085878,1.2657563753426073,-1.6575899213552474,2
1.2657563753426073,-1.6919771552085878,1.301524366810918,-1.6575899213552474,2
1.2657563753426073,-1.6575899213552476,1.301524366810918,-1.6232026875019074,2
1.3015243668109178,-1.6919771552085878,1.3372923582792282,-1.6575899213552474,2
1.3015243668109178,-1.6575899213552476,1.3372923582792282,-1.6232026875019074,2
1.3015243668109178,-1.6232026875019077,1.3372923582792282,-1.5888154536485675,2
1.3372923582792282,-1.8295260906219486,1.3730603497475384,-1.7951388567686082,2
1.3372923582792282,-1.7951388567686084,1.3730603497475384,-1.7607516229152682,2
1.3730603497475387,-1.7951388567686084,1.4088283412158489,-1.7607516229152682,2
1.3372923582792282,-1.760751622915268,1.3730603497475384,-1.7263643890619278,2
1.3372923582792282,-1.7263643890619278,1.3730603497475384,-1.6919771552085878,2
1.3730603497475387,-1.760751622915268,1.4088283412158489,-1.7263643890619278,2
1.3730603497475387,-1.7263643890619278,1.4088283412158489,-1.6919771552085878,2
1.4088283412158487,-1.760751622915268,1.444596332684159,-1.7263643890619278,2
1.4088283412158487,-1.7263643890619278,1.444596332684159,-1.6919771552085878,2
1.444596332684159,-1.7263643890619278,1.4803643241524698,-1.6919771552085878,2
1.3372923582792282,-1.6919771552085878,1.3730603497475384,-1.6575899213552474,2
1.3372923582792282,-1.6575899213552476,1.3730603497475384,-1.6232026875019074,2
1.3730603497475387,-1.6919771552085878,1.4088283412158489,-1.6575899213552474,2
1.3730603497475387,-1.6575899213552476,1.4088283412158489,-1.6232026875019074,2
1.3372923582792282,-1.6232026875019077,1.3730603497475384,-1.5888154536485675,2
1.3372923582792282,-1.5888154536485672,1.3730603497475384,-1.554428219795227,2
1.3730603497475387,-1.6232026875019077,1.4088283412158489,-1.5888154536485675,2
1.3730603497475387,-1.5888154536485672,1.4088283412158489,-1.554428219795227,2
1.4088283412158487,-1.6919771552085878,1.444596332684159,-1.6575899213552474,2
1.4088283412158487,-1.6575899213552476,1.444596332684159,-1.6232026875019074,2
1.444596332684159,-1.6919771552085878,1.4803643241524698,-1.6575899213552474,2
1.444596332684159,-1.6575899213552476,1.4803643241524698,-1.6232026875019074,2
1.4088283412158487,-1.6232026875019077,1.444596332684159,-1.5888154536485675,2
1.4088283412158487,-1.5888154536485672,1.444596332684159,-1.554428219795227,2
1.444596332684159,-1.6232026875019077,1.4803643241524698,-1.5888154536485675,2
1.444596332684159,-1.5888154536485672,1.4803643241524698,-1.554428219795227,2
1.4803643241524695,-1.6919771552085878,1.51613231562078,-1.6575899213552474,2
1.4803643241524695,-1.6575899213552476,1.51613231562078,-1.6232026875019074,2
1.51613231562078,-1.6575899213552476,1.5519003070890902,-1.6232026875019074,2
1.4803643241524695,-1.6232026875019077,1.51613231562078,-1.5888154536485675,2
1.4803643241524695,-1.5888154536485672,1.51613231562078,-1.554428219795227,2
1.51613231562078,-1.6232026875019077,1.5519003070890902,-1.5888154536485675,2
1.51613231562078,-1.5888154536485672,1.5519003070890902,-1.554428219795227,2
1.5519003070890904,-1.6232026875019077,1.5876682985574007,-1.5888154536485675,2
1.5519003070890904,-1.5888154536485672,1.5876682985574007,-1.554428219795227,2
1.5876682985574004,-1.5888154536485672,1.6234362900257109,-1.554428219795227,2
1.3372923582792282,-1.554428219795227,1.3730603497475384,-1.520040985941887,2
1.3730603497475387,-1.554428219795227,1.4088283412158489,-1.520040985941887,2
1.3730603497475387,-1.520040985941887,1.4088283412158489,-1.4856537520885467,2
1.4088283412158487,-1.554428219795227,1.444596332684159,-1.520040985941887,2
1.4088283412158487,-1.520040985941887,1.444596332684159,-1.4856537520885467,2
1.444596332684159,-1.554428219795227,1.4803643241524698,-1.520040985941887,2
1.444596332684159,-1.520040985941887,1.4803643241524698,-1.4856537520885467,2
1.4088283412158487,-1.4856537520885469,1.444596332684159,-1.4512665182352067,2
1.444596332684159,-1.4856537520885469,1.4803643241524698,-1.4512665182352067,2
1.444596332684159,-1.451266518235207,1.4803643241524698,-1.4168792843818667,2
1.4803643241524695,-1.554428219795227,1.51613231562078,-1.520040985941887,2
1.4803643241524695,-1.520040985941887,1.51613231562078,-1.4856537520885467,2
1.51613231562078,-1.554428219795227,1.5519003070890902,-1.520040985941887,2
1.51613231562078,-1.520040985941887,1.5519003070890902,-1.4856537520885467,2
1.4803643241524695,-1.4856537520885469,1.51613231562078,-1.4512665182352067,2
1.4803643241524695,-1.451266518235207,1.51613231562078,-1.4168792843818667,2
1.51613231562078,-1.4856537520885469,1.5519003070890902,-1.4512665182352067,2
1.51613231562078,-1.451266518235207,1.5519003070890902,-1.4168792843818667,2
1.5519003070890904,-1.554428219795227,1.5876682985574007,-1.520040985941887,2
1.5519003070890904,-1.520040985941887,1.5876682985574007,-1.4856537520885467,2
1.5876682985574004,-1.554428219795227,1.6234362900257109,-1.520040985941887,2
1.5876682985574004,-1.520040985941887,1.6234362900257109,-1.4856537520885467,2
1.5519003070890904,-1.4856537520885469,1.5876682985574007,-1.4512665182352067,2
1.5519003070890904,-1.451266518235207,1.5876682985574007,-1.4168792843818667,2
1.5876682985574004,-1.4856537520885469,1.6234362900257109,-1.4512665182352067,2
1.5876682985574004,-1.451266518235207,1.6234362900257109,-1.4168792843818667,2
1.4803643241524695,-1.4168792843818665,1.51613231562078,-1.3824920505285263,2
1.4803643241524695,-1.3824920505285263,1.51613231562078,-1.3481048166751863,2
1.51613231562078,-1.4168792843818665,1.5519003070890902,-1.3824920505285263,2
1.51613231562078,-1.3824920505285263,1.5519003070890902,-1.3481048166751863,2
1.51613231562078,-1.3481048166751863,1.5519003070890902,-1.313717582821846,2
1.5519003070890904,-1.4168792843818665,1.5876682985574007,-1.3824920505285263,2
1.5519003070890904,-1.3824920505285263,1.5876682985574007,-1.3481048166751863,2
1.5876682985574004,-1.4168792843818665,1.6234362900257109,-1.3824920505285263,2
1.5876682985574004,-1.3824920505285263,1.6234362900257109,-1.3481048166751863,2
1.5519003070890904,-1.3481048166751863,1.5876682985574007,-1.313717582821846,2
1.5519003070890904,-1.3137175828218461,1.5876682985574007,-1.279330348968506,2
1.5876682985574004,-1.3481048166751863,1.6234362900257109,-1.313717582821846,2
1.5876682985574004,-1.3137175828218461,1.6234362900257109,-1.279330348968506,2
1.6234362900257109,-1.554428219795227,1.6592042814940215,-1.520040985941887,2
1.6234362900257109,-1.520040985941887,1.6592042814940215,-1.4856537520885467,2
1.6234362900257109,-1.4856537520885469,1.6592042814940215,-1.4512665182352067,2
1.6234362900257109,-1.451266518235207,1.6592042814940215,-1.4168792843818667,2
1.6592042814940213,-1.4856537520885469,1.6949722729623318,-1.4512665182352067,2
1.6592042814940213,-1.451266518235207,1.6949722729623318,-1.4168792843818667,2
1.6949722729623318,-1.451266518235207,1.730740264430642,-1.4168792843818667,2
1.6234362900257109,-1.4168792843818665,1.6592042814940215,-1.3824920505285263,2
1.6234362900257109,-1.3824920505285263,1.6592042814940215,-1.3481048166751863,2
1.6592042814940213,-1.4168792843818665,1.6949722729623318,-1.3824920505285263,2
1.6592042814940213,-1.3824920505285263,1.6949722729623318,-1.3481048166751863,2
1.6234362900257109,-1.3481048166751863,1.6592042814940215,-1.313717582821846,2
1.6234362900257109,-1.3137175828218461,1.6592042814940215,-1.279330348968506,2
1.6592042814940213,-1.3481048166751863,1.6949722729623318,-1.313717582821846,2
1.6592042814940213,-1.3137175828218461,1.6949722729623318,-1.279330348968506,2
1.6949722729623318,-1.4168792843818665,1.730740264430642,-1.3824920505285263,2
1.6949722729623318,-1.3824920505285263,1.730740264430642,-1.3481048166751863,2
1.7307402644306422,-1.4168792843818665,1.7665082558989524,-1.3824920505285263,2
1.7307402644306422,-1.3824920505285263,1.7665082558989524,-1.3481048166751863,2
1.6949722729623318,-1.3481048166751863,1.730740264430642,-1.313717582821846,2
1.6949722729623318,-1.3137175828218461,1.730740264430642,-1.279330348968506,2
1.7307402644306422,-1.3481048166751863,1.7665082558989524,-1.313717582821846,2
1.7307402644306422,-1.3137175828218461,1.7665082558989524,-1.279330348968506,2
1.7665082558989522,-1.3481048166751863,1.8022762473672627,-1.313717582821846,2
1.7665082558989522,-1.3137175828218461,1.8022762473672627,-1.279330348968506,2
1.8022762473672627,-1.3137175828218461,1.8380442388355733,-1.279330348968506,2
1.5876682985574004,-1.2793303489685057,1.6234362900257109,-1.244943115115166,2
1.6234362900257109,-1.2793303489685057,1.6592042814940215,-1.244943115115166,2
1.6234362900257109,-1.2449431151151658,1.6592042814940215,-1.2105558812618256,2
1.6592042814940213,-1.2793303489685057,1.6949722729623318,-1.244943115115166,2
1.6592042814940213,-1.2449431151151658,1.6949722729623318,-1.2105558812618256,2
1.6234362900257109,-1.2105558812618256,1.6592042814940215,-1.1761686474084856,2
1.6592042814940213,-1.2105558812618256,1.6949722729623318,-1.1761686474084856,2
1.6592042814940213,-1.1761686474084856,1.6949722729623318,-1.1417814135551452,2
1.6949722729623318,-1.2793303489685057,1.730740264430642,-1.244943115115166,2
1.6949722729623318,-1.2449431151151658,1.730740264430642,-1.2105558812618256,2
1.7307402644306422,-1.2793303489685057,1.7665082558989524,-1.244943115115166,2
1.7307402644306422,-1.2449431151151658,1.7665082558989524,-1.2105558812618256,2
1.6949722729623318,-1.2105558812618256,1.730740264430642,-1.1761686474084856,2
1.6949722729623318,-1.1761686474084856,1.730740264430642,-1.1417814135551452,2
1.7307402644306422,-1.2105558812618256,1.7665082558989524,-1.1761686474084856,2
1.7665082558989522,-1.2793303489685057,1.8022762473672627,-1.244943115115166,2
1.7665082558989522,-1.2449431151151658,1.8022762473672627,-1.2105558812618256,2
1.8022762473672627,-1.2793303489685057,1.8380442388355733,-1.244943115115166,2
1.8022762473672627,-1.2449431151151658,1.8380442388355733,-1.2105558812618256,2
1.7665082558989522,-1.2105558812618256,1.8022762473672627,-1.1761686474084856,2
1.8022762473672627,-1.2105558812618256,1.8380442388355733,-1.1761686474084856,2
1.838044238835573,-1.2449431151151658,1.8738122303038836,-1.2105558812618256,2
1.838044238835573,-1.2105558812618256,1.8738122303038836,-1.1761686474084856,2
-1.9533628568053245,0.8870653837919237,-1.9175948653370143,0.9214526176452635,3
-1.917594865337014,0.8526781499385834,-1.8818268738687038,0.8870653837919235,3
-1.917594865337014,0.8870653837919237,-1.8818268738687038,0.9214526176452635,3
-1.8818268738687038,0.8526781499385834,-1.8460588824003934,0.8870653837919235,3
-1.8818268738687038,0.8870653837919237,-1.8460588824003934,0.9214526176452635,3
-2.0606668312102556,0.9558398514986038,-2.024898839741945,0.9902270853519441,3
-2.0248988397419456,0.9214526176452638,-1.9891308482736347,0.9558398514986041,3
-2.0248988397419456,0.9558398514986038,-1.9891308482736347,0.9902270853519441,3
-1.9891308482736347,0.9214526176452638,-1.9533628568053243,0.9558398514986041,3
-1.9891308482736347,0.9558398514986038,-1.9533628568053243,0.9902270853519441,3
-2.0248988397419456,0.9902270853519441,-1.9891308482736347,1.0246143192052841,3
-2.0248988397419456,1.0246143192052841,-1.9891308482736347,1.0590015530586243,3
-1.9891308482736347,0.9902270853519441,-1.9533628568053243,1.0246143192052841,3
-1.9891308482736347,1.0246143192052841,-1.9533628568053243,1.0590015530586243,3
-1.9891308482736347,1.0590015530586245,-1.9533628568053243,1.0933887869119647,3
-1.9891308482736347,1.0933887869119645,-1.9533628568053243,1.1277760207653047,3
-1.9533628568053245,0.9214526176452638,-1.9175948653370143,0.9558398514986041,3
-1.9533628568053245,0.9558398514986038,-1.9175948653370143,0.9902270853519441,3
-1.917594865337014,0.9214526176452638,-1.8818268738687038,0.9558398514986041,3
-1.917594865337014,0.9558398514986038,-1.8818268738687038,0.9902270853519441,3
-1.9533628568053245,0.9902270853519441,-1.9175948653370143,1.0246143192052841,3
-1.9533628568053245,1.0246143192052841,-1.9175948653370143,1.0590015530586243,3
-1.917594865337014,0.9902270853519441,-1.8818268738687038,1.0246143192052841,3
-1.917594865337014,1.0246143192052841,-1.8818268738687038,1.0590015530586243,3
-1.8818268738687038,0.9214526176452638,-1.8460588824003934,0.9558398514986041,3
-1.8818268738687038,0.9558398514986038,-1.8460588824003934,0.9902270853519441,3
-1.8460588824003936,0.9214526176452638,-1.810290890932083,0.9558398514986041,3
-1.8460588824003936,0.9558398514986038,-1.810290890932083,0.9902270853519441,3
-1.8818268738687038,0.9902270853519441,-1.8460588824003934,1.0246143192052841,3
-1.8818268738687038,1.0246143192052841,-1.8460588824003934,1.0590015530586243,3
-1.8460588824003936,0.9902270853519441,-1.810290890932083,1.0246143192052841,3
-1.8460588824003936,1.0246143192052841,-1.810290890932083,1.0590015530586243,3
-1.9533628568053245,1.0590015530586245,-1.9175948653370143,1.0933887869119647,3
-1.9533628568053245,1.0933887869119645,-1.9175948653370143,1.1277760207653047,3
-1.917594865337014,1.0590015530586245,-1.8818268738687038,1.0933887869119647,3
-1.917594865337014,1.0933887869119645,-1.8818268738687038,1.1277760207653047,3
-1.9533628568053245,1.1277760207653045,-1.9175948653370143,1.162163254618645,3
-1.917594865337014,1.1277760207653045,-1.8818268738687038,1.162163254618645,3
-1.917594865337014,1.162163254618645,-1.8818268738687038,1.1965504884719849,3
-1.8818268738687038,1.0590015530586245,-1.8460588824003934,1.0933887869119647,3
-1.8818268738687038,1.0933887869119645,-1.8460588824003934,1.1277760207653047,3
-1.8460588824003936,1.0590015530586245,-1.810290890932083,1.0933887869119647,3
-1.8460588824003936,1.0933887869119645,-1.810290890932083,1.1277760207653047,3
-1.8818268738687038,1.1277760207653045,-1.8460588824003934,1.162163254618645,3
-1.8818268738687038,1.162163254618645,-1.8460588824003934,1.1965504884719849,3
-1.8460588824003936,1.1277760207653045,-1.810290890932083,1.162163254618645,3
-1.8460588824003936,1.162163254618645,-1.810290890932083,1.1965504884719849,3
-1.8818268738687038,1.1965504884719849,-1.8460588824003934,1.230937722325325,3
-1.8818268738687038,1.2309377223253253,-1.8460588824003934,1.2653249561786655,3
-1.8460588824003936,1.1965504884719849,-1.810290890932083,1.230937722325325,3
-1.8460588824003936,1.2309377223253253,-1.810290890932083,1.2653249561786655,3
-1.8460588824003936,1.2653249561786652,-1.810290890932083,1.2997121900320054,3
-1.810290890932083,0.9558398514986038,-1.7745228994637725,0.9902270853519441,3
-1.810290890932083,0.9902270853519441,-1.7745228994637725,1.0246143192052841,3
-1.810290890932083,1.0246143192052841,-1.7745228994637725,1.0590015530586243,3
-1.7745228994637727,1.0246143192052841,-1.7387549079954625,1.0590015530586243,3
-1.810290890932083,1.0590015530586245,-1.7745228994637725,1.0933887869119647,3
-1.810290890932083,1.0933887869119645,-1.7745228994637725,1.1277760207653047,3
-1.7745228994637727,1.0590015530586245,-1.7387549079954625,1.0933887869119647,3
-1.7745228994637727,1.0933887869119645,-1.7387549079954625,1.1277760207653047,3
-1.810290890932083,1.1277760207653045,-1.7745228994637725,1.162163254618645,3
-1.810290890932083,1.162163254618645,-1.7745228994637725,1.1965504884719849,3
-1.7745228994637727,1.1277760207653045,-1.7387549079954625,1.162163254618645,3
-1.7745228994637727,1.162163254618645,-1.7387549079954625,1.1965504884719849,3
-1.7387549079954623,1.0933887869119645,-1.702986916527152,1.1277760207653047,3
-1.7387549079954623,1.1277760207653045,-1.702986916527152,1.162163254618645,3
-1.7387549079954623,1.162163254618645,-1.702986916527152,1.1965504884719849,3
-1.702986916527152,1.162163254618645,-1.6672189250588416,1.1965504884719849,3
-1.810290890932083,1.1965504884719849,-1.7745228994637725,1.230937722325325,3
-1.810290890932083,1.2309377223253253,-1.7745228994637725,1.2653249561786655,3
-1.7745228994637727,1.1965504884719849,-1.7387549079954625,1.230937722325325,3
-1.7745228994637727,1.2309377223253253,-1.7387549079954625,1.2653249561786655,3
-1.810290890932083,1.2653249561786652,-1.7745228994637725,1.2997121900320054,3
-1.810290890932083,1.2997121900320052,-1.7745228994637725,1.3340994238853456,3
-1.7745228994637727,1.2653249561786652,-1.7387549079954625,1.2997121900320054,3
-1.7745228994637727,1.2997121900320052,-1.7387549079954625,1.3340994238853456,3
-1.7387549079954623,1.1965504884719849,-1.702986916527152,1.230937722325325,3
-1.7387549079954623,1.2309377223253253,-1.702986916527152,1.2653249561786655,3
-1.702986916527152,1.1965504884719849,-1.6672189250588416,1.230937722325325,3
-1.702986916527152,1.2309377223253253,-1.6672189250588416,1.2653249561786655,3
-1.7387549079954623,1.2653249561786652,-1.702986916527152,1.2997121900320054,3
-1.7387549079954623,1.2997121900320052,-1.702986916527152,1.3340994238853456,3
-1.702986916527152,1.2653249561786652,-1.6672189250588416,1.2997121900320054,3
-1.702986916527152,1.2997121900320052,-1.6672189250588416,1.3340994238853456,3
-1.7745228994637727,1.3340994238853456,-1.7387549079954625,1.3684866577386856,3
-1.7745228994637727,1.3684866577386856,-1.7387549079954625,1.4028738915920258,3
-1.7387549079954623,1.3340994238853456,-1.702986916527152,1.3684866577386856,3
-1.7387549079954623,1.3684866577386856,-1.702986916527152,1.4028738915920258,3
-1.702986916527152,1.3340994238853456,-1.6672189250588416,1.3684866577386856,3
-1.702986916527152,1.3684866577386856,-1.6672189250588416,1.4028738915920258,3
-1.7387549079954623,1.402873891592026,-1.702986916527152,1.4372611254453662,3
-1.702986916527152,1.402873891592026,-1.6672189250588416,1.4372611254453662,3
-1.702986916527152,1.437261125445366,-1.6672189250588416,1.4716483592987064,3
-1.6672189250588418,1.1965504884719849,-1.6314509335905312,1.230937722325325,3
-1.6672189250588418,1.2309377223253253,-1.6314509335905312,1.2653249561786655,3
-1.6314509335905312,1.2309377223253253,-1.5956829421222207,1.2653249561786655,3
-1.6672189250588418,1.2653249561786652,-1.6314509335905312,1.2997121900320054,3
-1.6672189250588418,1.2997121900320052,-1.6314509335905312,1.3340994238853456,3
-1.6314509335905312,1.2653249561786652,-1.5956829421222207,1.2997121900320054,3
-1.6314509335905312,1.2997121900320052,-1.5956829421222207,1.3340994238853456,3
-1.595682942122221,1.2653249561786652,-1.5599149506539107,1.2997121900320054,3
-1.595682942122221,1.2997121900320052,-1.5599149506539107,1.3340994238853456,3
-1.5599149506539105,1.2997121900320052,-1.5241469591856003,1.3340994238853456,3
-1.6672189250588418,1.3340994238853456,-1.6314509335905312,1.3684866577386856,3
-1.6672189250588418,1.3684866577386856,-1.6314509335905312,1.4028738915920258,3
-1.6314509335905312,1.3340994238853456,-1.5956829421222207,1.3684866577386856,3
-1.6314509335905312,1.3684866577386856,-1.5956829421222207,1.4028738915920258,3
-1.6672189250588418,1.402873891592026,-1.6314509335905312,1.4372611254453662,3
-1.6672189250588418,1.437261125445366,-1.6314509335905312,1.4716483592987064,3
-1.6314509335905312,1.402873891592026,-1.5956829421222207,1.4372611254453662,3
-1.6314509335905312,1.437261125445366,-1.5956829421222207,1.4716483592987064,3
-1.595682942122221,1.3340994238853456,-1.5599149506539107,1.3684866577386856,3
-1.595682942122221,1.3684866577386856,-1.5599149506539107,1.4028738915920258,3
-1.5599149506539105,1.3340994238853456,-1.5241469591856003,1.3684866577386856,3
-1.5599149506539105,1.3684866577386856,-1.5241469591856003,1.4028738915920258,3
-1.595682942122221,1.402873891592026,-1.5599149506539107,1.4372611254453662,3
-1.595682942122221,1.437261125445366,-1.5599149506539107,1.4716483592987064,3
-1.5599149506539105,1.402873891592026,-1.5241469591856003,1.4372611254453662,3
-1.5599149506539105,1.437261125445366,-1.5241469591856003,1.4716483592987064,3
-1.5241469591856003,1.3340994238853456,-1.4883789677172898,1.3684866577386856,3
-1.5241469591856003,1.3684866577386856,-1.4883789677172898,1.4028738915920258,3
-1.48837896771729,1.3684866577386856,-1.4526109762489794,1.4028738915920258,3
-1.5241469591856003,1.402873891592026,-1.4883789677172898,1.4372611254453662,3
-1.5241469591856003,1.437261125445366,-1.4883789677172898,1.4716483592987064,3
-1.48837896771729,1.402873891592026,-1.4526109762489794,1.4372611254453662,3
-1.48837896771729,1.437261125445366,-1.4526109762489794,1.4716483592987064,3
-1.4526109762489794,1.402873891592026,-1.416842984780669,1.4372611254453662,3
-1.4526109762489794,1.437261125445366,-1.416842984780669,1.4716483592987064,3
-1.4168429847806692,1.437261125445366,-1.381074993312359,1.4716483592987064,3
-1.6672189250588418,1.4716483592987064,-1.6314509335905312,1.5060355931520464,3
-1.6672189250588418,1.5060355931520464,-1.6314509335905312,1.5404228270053864,3
-1.6314509335905312,1.4716483592987064,-1.5956829421222207,1.5060355931520464,3
-1.6314509335905312,1.5060355931520464,-1.5956829421222207,1.5404228270053864,3
-1.6314509335905312,1.5404228270053864,-1.5956829421222207,1.5748100608587265,3
-1.595682942122221,1.4716483592987064,-1.5599149506539107,1.5060355931520464,3
-1.595682942122221,1.5060355931520464,-1.5599149506539107,1.5404228270053864,3
-1.5599149506539105,1.4716483592987064,-1.5241469591856003,1.5060355931520464,3
-1.5599149506539105,1.5060355931520464,-1.5241469591856003,1.5404228270053864,3
-1.595682942122221,1.5404228270053864,-1.5599149506539107,1.5748100608587265,3
-1.595682942122221,1.5748100608587268,-1.5599149506539107,1.609197294712067,3
-1.5599149506539105,1.5404228270053864,-1.5241469591856003,1.5748100608587265,3
-1.5599149506539105,1.5748100608587268,-1.5241469591856003,1.609197294712067,3
-1.5599149506539105,1.6091972947120667,-1.5241469591856003,1.6435845285654072,3
-1.5241469591856003,1.4716483592987064,-1.4883789677172898,1.5060355931520464,3
-1.5241469591856003,1.5060355931520464,-1.4883789677172898,1.5404228270053864,3
-1.48837896771729,1.4716483592987064,-1.4526109762489794,1.5060355931520464,3
-1.48837896771729,1.5060355931520464,-1.4526109762489794,1.5404228270053864,3
-1.5241469591856003,1.5404228270053864,-1.4883789677172898,1.5748100608587265,3
-1.5241469591856003,1.5748100608587268,-1.4883789677172898,1.609197294712067,3
-1.48837896771729,1.5404228270053864,-1.4526109762489794,1.5748100608587265,3
-1.48837896771729,1.5748100608587268,-1.4526109762489794,1.609197294712067,3
-1.4526109762489794,1.4716483592987064,-1.416842984780669,1.5060355931520464,3
-1.4526109762489794,1.5060355931520464,-1.416842984780669,1.5404228270053864,3
-1.4168429847806692,1.4716483592987064,-1.381074993312359,1.5060355931520464,3
-1.4168429847806692,1.5060355931520464,-1.381074993312359,1.5404228270053864,3
-1.4526109762489794,1.5404228270053864,-1.416842984780669,1.5748100608587265,3
-1.4526109762489794,1.5748100608587268,-1.416842984780669,1.609197294712067,3
-1.4168429847806692,1.5404228270053864,-1.381074993312359,1.5748100608587265,3
-1.4168429847806692,1.5748100608587268,-1.381074993312359,1.609197294712067,3
-1.5241469591856003,1.6091972947120667,-1.4883789677172898,1.6435845285654072,3
-1.5241469591856003,1.6435845285654072,-1.4883789677172898,1.6779717624187471,3
-1.48837896771729,1.6091972947120667,-1.4526109762489794,1.6435845285654072,3
-1.48837896771729,1.6435845285654072,-1.4526109762489794,1.6779717624187471,3
-1.4526109762489794,1.6091972947120667,-1.416842984780669,1.6435845285654072,3
-1.4526109762489794,1.6435845285654072,-1.416842984780669,1.6779717624187471,3
-1.4168429847806692,1.6091972947120667,-1.381074993312359,1.6435845285654072,3
-1.4168429847806692,1.6435845285654072,-1.381074993312359,1.6779717624187471,3
-1.4526109762489794,1.6779717624187471,-1.416842984780669,1.712358996272087,3
-1.4168429847806692,1.6779717624187471,-1.381074993312359,1.712358996272087,3
-1.4168429847806692,1.712358996272087,-1.381074993312359,1.7467462301254273,3
-1.3810749933123587,1.5060355931520464,-1.3453070018440485,1.5404228270053864,3
-1.3810749933123587,1.5404228270053864,-1.3453070018440485,1.5748100608587265,3
-1.3810749933123587,1.5748100608587268,-1.3453070018440485,1.609197294712067,3
-1.3453070018440485,1.5404228270053864,-1.309539010375738,1.5748100608587265,3
-1.3453070018440485,1.5748100608587268,-1.309539010375738,1.609197294712067,3
-1.3095390103757383,1.5748100608587268,-1.2737710189074276,1.609197294712067,3
-1.3810749933123587,1.6091972947120667,-1.3453070018440485,1.6435845285654072,3
-1.3810749933123587,1.6435845285654072,-1.3453070018440485,1.6779717624187471,3
-1.3453070018440485,1.6091972947120667,-1.309539010375738,1.6435845285654072,3
-1.3453070018440485,1.6435845285654072,-1.309539010375738,1.6779717624187471,3
-1.3810749933123587,1.6779717624187471,-1.3453070018440485,1.712358996272087,3
-1.3810749933123587,1.712358996272087,-1.3453070018440485,1.7467462301254273,3
-1.3453070018440485,1.6779717624187471,-1.309539010375738,1.712358996272087,3
-1.3453070018440485,1.712358996272087,-1.309539010375738,1.7467462301254273,3
-1.3095390103757383,1.6091972947120667,-1.2737710189074276,1.6435845285654072,3
-1.3095390103757383,1.6435845285654072,-1.2737710189074276,1.6779717624187471,3
-1.2737710189074276,1.6091972947120667,-1.2380030274391176,1.6435845285654072,3
-1.2737710189074276,1.6435845285654072,-1.2380030274391176,1.6779717624187471,3
-1.3095390103757383,1.6779717624187471,-1.2737710189074276,1.712358996272087,3
-1.3095390103757383,1.712358996272087,-1.2737710189074276,1.7467462301254273,3
-1.2737710189074276,1.6779717624187471,-1.2380030274391176,1.712358996272087,3
-1.2737710189074276,1.712358996272087,-1.2380030274391176,1.7467462301254273,3
-1.3810749933123587,1.7467462301254275,-1.3453070018440485,1.7811334639787677,3
-1.3453070018440485,1.7467462301254275,-1.309539010375738,1.7811334639787677,3
-1.3453070018440485,1.7811334639787675,-1.309539010375738,1.815520697832108,3
-1.3095390103757383,1.7467462301254275,-1.2737710189074276,1.7811334639787677,3
-1.3095390103757383,1.7811334639787675,-1.2737710189074276,1.815520697832108,3
-1.2737710189074276,1.7467462301254275,-1.2380030274391176,1.7811334639787677,3
-1.2737710189074276,1.7811334639787675,-1.2380030274391176,1.815520697832108,3
-1.2737710189074276,1.815520697832108,-1.2380030274391176,1.8499079316854479,3
-1.2380030274391176,1.6435845285654072,-1.2022350359708072,1.6779717624187471,3
-1.202235035970807,1.6435845285654072,-1.1664670445024967,1.6779717624187471,3
-1.2380030274391176,1.6779717624187471,-1.2022350359708072,1.712358996272087,3
-1.2380030274391176,1.712358996272087,-1.2022350359708072,1.7467462301254273,3
-1.202235035970807,1.6779717624187471,-1.1664670445024967,1.712358996272087,3
-1.202235035970807,1.712358996272087,-1.1664670445024967,1.7467462301254273,3
-1.1664670445024967,1.6779717624187471,-1.1306990530341863,1.712358996272087,3
-1.1664670445024967,1.712358996272087,-1.1306990530341863,1.7467462301254273,3
-1.1306990530341865,1.712358996272087,-1.0949310615658758,1.7467462301254273,3
-1.0949310615658758,1.712358996272087,-1.0591630700975658,1.7467462301254273,3
-1.2380030274391176,1.7467462301254275,-1.2022350359708072,1.7811334639787677,3
-1.2380030274391176,1.7811334639787675,-1.2022350359708072,1.815520697832108,3
-1.202235035970807,1.7467462301254275,-1.1664670445024967,1.7811334639787677,3
-1.202235035970807,1.7811334639787675,-1.1664670445024967,1.815520697832108,3
-1.2380030274391176,1.815520697832108,-1.2022350359708072,1.8499079316854479,3
-1.202235035970807,1.815520697832108,-1.1664670445024967,1.8499079316854479,3
-1.202235035970807,1.8499079316854479,-1.1664670445024967,1.8842951655387878,3
-1.1664670445024967,1.7467462301254275,-1.1306990530341863,1.7811334639787677,3
-1.1664670445024967,1.7811334639787675,-1.1306990530341863,1.815520697832108,3
-1.1306990530341865,1.7467462301254275,-1.0949310615658758,1.7811334639787677,3
-1.1306990530341865,1.7811334639787675,-1.0949310615658758,1.815520697832108,3
-1.1664670445024967,1.815520697832108,-1.1306990530341863,1.8499079316854479,3
-1.1664670445024967,1.8499079316854479,-1.1306990530341863,1.8842951655387878,3
-1.1306990530341865,1.815520697832108,-1.0949310615658758,1.8499079316854479,3
-1.1306990530341865,1.8499079316854479,-1.0949310615658758,1.8842951655387878,3
-1.1306990530341865,1.8842951655387878,-1.0949310615658758,1.918682399392128,3
-1.0949310615658758,1.7467462301254275,-1.0591630700975658,1.7811334639787677,3
-1.0949310615658758,1.7811334639787675,-1.0591630700975658,1.815520697832108,3
-1.0591630700975658,1.7467462301254275,-1.0233950786292554,1.7811334639787677,3
-1.0591630700975658,1.7811334639787675,-1.0233950786292554,1.815520697832108,3
-1.0949310615658758,1.815520697832108,-1.0591630700975658,1.8499079316854479,3
-1.0949310615658758,1.8499079316854479,-1.0591630700975658,1.8842951655387878,3
-1.0591630700975658,1.815520697832108,-1.0233950786292554,1.8499079316854479,3
-1.0591630700975658,1.8499079316854479,-1.0233950786292554,1.8842951655387878,3
-1.0233950786292552,1.7467462301254275,-0.9876270871609449,1.7811334639787677,3
-1.0233950786292552,1.7811334639787675,-0.9876270871609449,1.815520697832108,3
-0.9876270871609449,1.7811334639787675,-0.9518590956926345,1.815520697832108,3
-1.0233950786292552,1.815520697832108,-0.9876270871609449,1.8499079316854479,3
-1.0233950786292552,1.8499079316854479,-0.9876270871609449,1.8842951655387878,3
-0.9876270871609449,1.815520697832108,-0.9518590956926345,1.8499079316854479,3
-0.9876270871609449,1.8499079316854479,-0.9518590956926345,1.8842951655387878,3
-1.0949310615658758,1.8842951655387878,-1.0591630700975658,1.918682399392128,3
-1.0591630700975658,1.8842951655387878,-1.0233950786292554,1.918682399392128,3
-1.0591630700975658,1.9186823993921283,-1.0233950786292554,1.9530696332454685,3
-1.0233950786292552,1.8842951655387878,-0.9876270871609449,1.918682399392128,3
-1.0233950786292552,1.9186823993921283,-0.9876270871609449,1.9530696332454685,3
-0.9876270871609449,1.8842951655387878,-0.9518590956926345,1.918682399392128,3
-0.9876270871609449,1.9186823993921283,-0.9518590956926345,1.9530696332454685,3
-0.9518590956926347,1.7811334639787675,-0.9160911042243242,1.815520697832108,3
-0.9160911042243242,1.7811334639787675,-0.8803231127560139,1.815520697832108,3
-0.9518590956926347,1.815520697832108,-0.9160911042243242,1.8499079316854479,3
-0.9518590956926347,1.8499079316854479,-0.9160911042243242,1.8842951655387878,3
-0.9160911042243242,1.815520697832108,-0.8803231127560139,1.8499079316854479,3
-0.9160911042243242,1.8499079316854479,-0.8803231127560139,1.8842951655387878,3
-0.8803231127560139,1.815520697832108,-0.8445551212877035,1.8499079316854479,3
-0.8803231127560139,1.8499079316854479,-0.8445551212877035,1.8842951655387878,3
-0.8445551212877033,1.815520697832108,-0.8087871298193932,1.8499079316854479,3
-0.8445551212877033,1.8499079316854479,-0.8087871298193932,1.8842951655387878,3
-0.9518590956926347,1.8842951655387878,-0.9160911042243242,1.918682399392128,3
-0.9518590956926347,1.9186823993921283,-0.9160911042243242,1.9530696332454685,3
-0.9160911042243242,1.8842951655387878,-0.8803231127560139,1.918682399392128,3
-0.9160911042243242,1.9186823993921283,-0.8803231127560139,1.9530696332454685,3
-0.9160911042243242,1.9530696332454682,-0.8803231127560139,1.9874568670988086,3
-0.8803231127560139,1.8842951655387878,-0.8445551212877035,1.918682399392128,3
-0.8803231127560139,1.9186823993921283,-0.8445551212877035,1.9530696332454685,3
-0.8445551212877033,1.8842951655387878,-0.8087871298193932,1.918682399392128,3
-0.8445551212877033,1.9186823993921283,-0.8087871298193932,1.9530696332454685,3
-0.8803231127560139,1.9530696332454682,-0.8445551212877035,1.9874568670988086,3
-0.8445551212877033,1.9530696332454682,-0.8087871298193932,1.9874568670988086,3
-0.8087871298193932,1.815520697832108,-0.7730191383510827,1.8499079316854479,3
-0.8087871298193932,1.8499079316854479,-0.7730191383510827,1.8842951655387878,3
-0.7730191383510829,1.8499079316854479,-0.7372511468827724,1.8842951655387878,3
-0.7372511468827724,1.8499079316854479,-0.7014831554144622,1.8842951655387878,3
-0.7014831554144622,1.8499079316854479,-0.6657151639461518,1.8842951655387878,3
-0.8087871298193932,1.8842951655387878,-0.7730191383510827,1.918682399392128,3
-0.8087871298193932,1.9186823993921283,-0.7730191383510827,1.9530696332454685,3
-0.7730191383510829,1.8842951655387878,-0.7372511468827724,1.918682399392128,3
-0.7730191383510829,1.9186823993921283,-0.7372511468827724,1.9530696332454685,3
-0.8087871298193932,1.9530696332454682,-0.7730191383510827,1.9874568670988086,3
-0.7730191383510829,1.9530696332454682,-0.7372511468827724,1.9874568670988086,3
-0.7730191383510829,1.9874568670988086,-0.7372511468827724,2.0218441009521486,3
-0.7372511468827724,1.8842951655387878,-0.7014831554144622,1.918682399392128,3
-0.7372511468827724,1.9186823993921283,-0.7014831554144622,1.9530696332454685,3
-0.7014831554144622,1.8842951655387878,-0.6657151639461518,1.918682399392128,3
-0.7014831554144622,1.9186823993921283,-0.6657151639461518,1.9530696332454685,3
-0.7372511468827724,1.9530696332454682,-0.7014831554144622,1.9874568670988086,3
-0.7372511468827724,1.9874568670988086,-0.7014831554144622,2.0218441009521486,3
-0.7014831554144622,1.9530696332454682,-0.6657151639461518,1.9874568670988086,3
-0.7014831554144622,1.9874568670988086,-0.6657151639461518,2.0218441009521486,3
-0.6657151639461516,1.8499079316854479,-0.6299471724778414,1.8842951655387878,3
-0.6657151639461516,1.8842951655387878,-0.6299471724778414,1.918682399392128,3
-0.6657151639461516,1.9186823993921283,-0.6299471724778414,1.9530696332454685,3
-0.6299471724778414,1.8842951655387878,-0.5941791810095309,1.918682399392128,3
-0.6299471724778414,1.9186823993921283,-0.5941791810095309,1.9530696332454685,3
-0.6657151639461516,1.9530696332454682,-0.6299471724778414,1.9874568670988086,3
-0.6657151639461516,1.9874568670988086,-0.6299471724778414,2.0218441009521486,3
-0.6299471724778414,1.9530696332454682,-0.5941791810095309,1.9874568670988086,3
-0.6299471724778414,1.9874568670988086,-0.5941791810095309,2.0218441009521486,3
-0.5941791810095312,1.8842951655387878,-0.5584111895412206,1.918682399392128,3
-0.5941791810095312,1.9186823993921283,-0.5584111895412206,1.9530696332454685,3
-0.5584111895412206,1.8842951655387878,-0.5226431980729104,1.918682399392128,3
-0.5584111895412206,1.9186823993921283,-0.5226431980729104,1.9530696332454685,3
-0.5941791810095312,1.9530696332454682,-0.5584111895412206,1.9874568670988086,3
-0.5941791810095312,1.9874568670988086,-0.5584111895412206,2.0218441009521486,3
-0.5584111895412206,1.9530696332454682,-0.5226431980729104,1.9874568670988086,3
-0.5584111895412206,1.9874568670988086,-0.5226431980729104,2.0218441009521486,3
-0.5226431980729104,1.9186823993921283,-0.48687520660459976,1.9530696332454685,3
-0.48687520660459976,1.9186823993921283,-0.4511072151362896,1.9530696332454685,3
-0.5226431980729104,1.9530696332454682,-0.48687520660459976,1.9874568670988086,3
-0.5226431980729104,1.9874568670988086,-0.48687520660459976,2.0218441009521486,3
-0.48687520660459976,1.9530696332454682,-0.4511072151362896,1.9874568670988086,3
-0.48687520660459976,1.9874568670988086,-0.4511072151362896,2.0218441009521486,3
-0.4511072151362896,1.9186823993921283,-0.41533922366797943,1.9530696332454685,3
-0.4511072151362896,1.9530696332454682,-0.41533922366797943,1.9874568670988086,3
-0.4511072151362896,1.9874568670988086,-0.41533922366797943,2.0218441009521486,3
-0.41533922366797943,1.9530696332454682,-0.3795712321996688,1.9874568670988086,3
-0.41533922366797943,1.9874568670988086,-0.3795712321996688,2.0218441009521486,3
-0.3795712321996688,1.9530696332454682,-0.3438032407313586,1.9874568670988086,3
-0.3795712321996688,1.9874568670988086,-0.3438032407313586,2.0218441009521486,3
-0.3438032407313586,1.9530696332454682,-0.308035249263048,1.9874568670988086,3
-0.3438032407313586,1.9874568670988086,-0.308035249263048,2.0218441009521486,3
-0.308035249263048,1.9874568670988086,-0.2722672577947378,2.0218441009521486,3
-0.2722672577947378,1.9874568670988086,-0.23649926632642765,2.0218441009521486,3
-0.6299471724778414,2.0218441009521486,-0.5941791810095309,2.0562313348054886,3
-0.5941791810095312,2.0218441009521486,-0.5584111895412206,2.0562313348054886,3
-0.5584111895412206,2.0218441009521486,-0.5226431980729104,2.0562313348054886,3
-0.5226431980729104,2.0218441009521486,-0.48687520660459976,2.0562313348054886,3
-0.5226431980729104,2.0562313348054886,-0.48687520660459976,2.0906185686588286,3
-0.48687520660459976,2.0218441009521486,-0.4511072151362896,2.0562313348054886,3
-0.48687520660459976,2.0562313348054886,-0.4511072151362896,2.0906185686588286,3
-0.4511072151362896,2.0218441009521486,-0.41533922366797943,2.0562313348054886,3
-0.4511072151362896,2.0562313348054886,-0.41533922366797943,2.0906185686588286,3
-0.41533922366797943,2.0218441009521486,-0.3795712321996688,2.0562313348054886,3
-0.41533922366797943,2.0562313348054886,-0.3795712321996688,2.0906185686588286,3
-0.41533922366797943,2.090618568658829,-0.3795712321996688,2.1250058025121694,3
-0.3795712321996688,2.0218441009521486,-0.3438032407313586,2.0562313348054886,3
-0.3795712321996688,2.0562313348054886,-0.3438032407313586,2.0906185686588286,3
-0.3438032407313586,2.0218441009521486,-0.308035249263048,2.0562313348054886,3
-0.3438032407313586,2.0562313348054886,-0.308035249263048,2.0906185686588286,3
-0.3795712321996688,2.090618568658829,-0.3438032407313586,2.1250058025121694,3
-0.3438032407313586,2.090618568658829,-0.308035249263048,2.1250058025121694,3
-0.3438032407313586,2.125005802512169,-0.308035249263048,2.1593930363655094,3
-0.308035249263048,2.0218441009521486,-0.2722672577947378,2.0562313348054886,3
-0.308035249263048,2.0562313348054886,-0.2722672577947378,2.0906185686588286,3
-0.2722672577947378,2.0218441009521486,-0.23649926632642765,2.0562313348054886,3
-0.2722672577947378,2.0562313348054886,-0.23649926632642765,2.0906185686588286,3
-0.308035249263048,2.090618568658829,-0.2722672577947378,2.1250058025121694,3
-0.308035249263048,2.125005802512169,-0.2722672577947378,2.1593930363655094,3
-0.2722672577947378,2.090618568658829,-0.23649926632642765,2.1250058025121694,3
-0.2722672577947378,2.125005802512169,-0.23649926632642765,2.1593930363655094,3
-0.2722672577947378,2.1593930363655094,-0.23649926632642765,2.1937802702188494,3
-0.23649926632642765,2.0218441009521486,-0.200731274858117,2.0562313348054886,3
-0.23649926632642765,2.0562313348054886,-0.200731274858117,2.0906185686588286,3
-0.200731274858117,2.0218441009521486,-0.16496328338980684,2.0562313348054886,3
-0.200731274858117,2.0562313348054886,-0.16496328338980684,2.0906185686588286,3
-0.23649926632642765,2.090618568658829,-0.200731274858117,2.1250058025121694,3
-0.23649926632642765,2.125005802512169,-0.200731274858117,2.1593930363655094,3
-0.200731274858117,2.090618568658829,-0.16496328338980684,2.1250058025121694,3
-0.200731274858117,2.125005802512169,-0.16496328338980684,2.1593930363655094,3
-0.16496328338980684,2.0218441009521486,-0.1291952919214962,2.0562313348054886,3
-0.16496328338980684,2.0562313348054886,-0.1291952919214962,2.0906185686588286,3
-0.1291952919214962,2.0562313348054886,-0.09342730045318604,2.0906185686588286,3
-0.16496328338980684,2.090618568658829,-0.1291952919214962,2.1250058025121694,3
-0.16496328338980684,2.125005802512169,-0.1291952919214962,2.1593930363655094,3
-0.1291952919214962,2.090618568658829,-0.09342730045318604,2.1250058025121694,3
-0.1291952919214962,2.125005802512169,-0.09342730045318604,2.1593930363655094,3
-0.23649926632642765,2.1593930363655094,-0.200731274858117,2.1937802702188494,3
-0.200731274858117,2.1593930363655094,-0.16496328338980684,2.1937802702188494,3
-0.16496328338980684,2.1593930363655094,-0.1291952919214962,2.1937802702188494,3
-0.16496328338980684,2.1937802702188494,-0.1291952919214962,2.2281675040721893,3
-0.1291952919214962,2.1593930363655094,-0.09342730045318604,2.1937802702188494,3
-0.1291952919214962,2.1937802702188494,-0.09342730045318604,2.2281675040721893,3
-0.09342730045318604,2.0562313348054886,-0.057659308984875854,2.0906185686588286,3
-0.09342730045318604,2.090618568658829,-0.057659308984875854,2.1250058025121694,3
-0.09342730045318604,2.125005802512169,-0.057659308984875854,2.1593930363655094,3
-0.057659308984875854,2.090618568658829,-0.021891317516565235,2.1250058025121694,3
-0.057659308984875854,2.125005802512169,-0.021891317516565235,2.1593930363655094,3
-0.021891317516565235,2.090618568658829,0.013876673951744942,2.1250058025121694,3
-0.021891317516565235,2.125005802512169,0.013876673951744942,2.1593930363655094,3
0.013876673951744942,2.125005802512169,0.049644665420055564,2.1593930363655094,3
-0.09342730045318604,2.1593930363655094,-0.057659308984875854,2.1937802702188494,3
-0.09342730045318604,2.1937802702188494,-0.057659308984875854,2.2281675040721893,3
-0.057659308984875854,2.1593930363655094,-0.021891317516565235,2.1937802702188494,3
-0.057659308984875854,2.1937802702188494,-0.021891317516565235,2.2281675040721893,3
-0.09342730045318604,2.2281675040721893,-0.057659308984875854,2.2625547379255293,3
-0.057659308984875854,2.2281675040721893,-0.021891317516565235,2.2625547379255293,3
-0.021891317516565235,2.1593930363655094,0.013876673951744942,2.1937802702188494,3
-0.021891317516565235,2.1937802702188494,0.013876673951744942,2.2281675040721893,3
0.013876673951744942,2.1593930363655094,0.049644665420055564,2.1937802702188494,3
0.013876673951744942,2.1937802702188494,0.049644665420055564,2.2281675040721893,3
-0.021891317516565235,2.2281675040721893,0.013876673951744942,2.2625547379255293,3
-0.021891317516565235,2.2625547379255297,0.013876673951744942,2.29694197177887,3
0.013876673951744942,2.2281675040721893,0.049644665420055564,2.2625547379255293,3
0.013876673951744942,2.2625547379255297,0.049644665420055564,2.29694197177887,3
0.049644665420055564,2.125005802512169,0.08541265688836575,2.1593930363655094,3
0.049644665420055564,2.1593930363655094,0.08541265688836575,2.1937802702188494,3
0.049644665420055564,2.1937802702188494,0.08541265688836575,2.2281675040721893,3
0.08541265688836575,2.1593930363655094,0.12118064835667591,2.1937802702188494,3
0.08541265688836575,2.1937802702188494,0.12118064835667591,2.2281675040721893,3
0.049644665420055564,2.2281675040721893,0.08541265688836575,2.2625547379255293,3
0.049644665420055564,2.2625547379255297,0.08541265688836575,2.29694197177887,3
0.08541265688836575,2.2281675040721893,0.12118064835667591,2.2625547379255293,3
0.08541265688836575,2.2625547379255297,0.12118064835667591,2.29694197177887,3
0.12118064835667591,2.1593930363655094,0.15694863982498655,2.1937802702188494,3
0.12118064835667591,2.1937802702188494,0.15694863982498655,2.2281675040721893,3
0.15694863982498655,2.1937802702188494,0.19271663129329672,2.2281675040721893,3
0.12118064835667591,2.2281675040721893,0.15694863982498655,2.2625547379255293,3
0.12118064835667591,2.2625547379255297,0.15694863982498655,2.29694197177887,3
0.15694863982498655,2.2281675040721893,0.19271663129329672,2.2625547379255293,3
0.15694863982498655,2.2625547379255297,0.19271663129329672,2.29694197177887,3
0.049644665420055564,2.2969419717788697,0.08541265688836575,2.33132920563221,3
0.08541265688836575,2.2969419717788697,0.12118064835667591,2.33132920563221,3
0.12118064835667591,2.2969419717788697,0.15694863982498655,2.33132920563221,3
0.12118064835667591,2.33132920563221,0.15694863982498655,2.36571643948555,3
0.15694863982498655,2.2969419717788697,0.19271663129329672,2.33132920563221,3
0.15694863982498655,2.33132920563221,0.19271663129329672,2.36571643948555,3
0.19271663129329672,2.1937802702188494,0.22848462276160733,2.2281675040721893,3
0.19271663129329672,2.2281675040721893,0.22848462276160733,2.2625547379255293,3
0.19271663129329672,2.2625547379255297,0.22848462276160733,2.29694197177887,3
0.22848462276160733,2.2281675040721893,0.2642526142299175,2.2625547379255293,3
0.22848462276160733,2.2625547379255297,0.2642526142299175,2.29694197177887,3
0.2642526142299175,2.2281675040721893,0.3000206056982277,2.2625547379255293,3
0.2642526142299175,2.2625547379255297,0.3000206056982277,2.29694197177887,3
0.3000206056982277,2.2625547379255297,0.3357885971665383,2.29694197177887,3
0.3357885971665383,2.2625547379255297,0.3715565886348485,2.29694197177887,3
0.19271663129329672,2.2969419717788697,0.22848462276160733,2.33132920563221,3
0.19271663129329672,2.33132920563221,0.22848462276160733,2.36571643948555,3
0.22848462276160733,2.2969419717788697,0.2642526142299175,2.33132920563221,3
0.22848462276160733,2.33132920563221,0.2642526142299175,2.36571643948555,3
0.19271663129329672,2.36571643948555,0.22848462276160733,2.40010367333889,3
0.22848462276160733,2.36571643948555,0.2642526142299175,2.40010367333889,3
0.2642526142299175,2.2969419717788697,0.3000206056982277,2.33132920563221,3
0.2642526142299175,2.33132920563221,0.3000206056982277,2.36571643948555,3
0.3000206056982277,2.2969419717788697,0.3357885971665383,2.33132920563221,3
0.3000206056982277,2.33132920563221,0.3357885971665383,2.36571643948555,3
0.2642526142299175,2.36571643948555,0.3000206056982277,2.40010367333889,3
0.2642526142299175,2.40010367333889,0.3000206056982277,2.43449090719223,3
0.3000206056982277,2.36571643948555,0.3357885971665383,2.40010367333889,3
0.3000206056982277,2.40010367333889,0.3357885971665383,2.43449090719223,3
0.3357885971665383,2.2969419717788697,0.3715565886348485,2.33132920563221,3
0.3357885971665383,2.33132920563221,0.3715565886348485,2.36571643948555,3
0.3715565886348485,2.2969419717788697,0.40732458010315914,2.33132920563221,3
0.3715565886348485,2.33132920563221,0.40732458010315914,2.36571643948555,3
0.3357885971665383,2.36571643948555,0.3715565886348485,2.40010367333889,3
0.3357885971665383,2.40010367333889,0.3715565886348485,2.43449090719223,3
0.3715565886348485,2.36571643948555,0.40732458010315914,2.40010367333889,3
0.3715565886348485,2.40010367333889,0.40732458010315914,2.43449090719223,3
0.40732458010315914,2.2969419717788697,0.4430925715714693,2.33132920563221,3
0.40732458010315914,2.33132920563221,0.4430925715714693,2.36571643948555,3
0.4430925715714693,2.2969419717788697,0.4788605630397795,2.33132920563221,3
0.4430925715714693,2.33132920563221,0.4788605630397795,2.36571643948555,3
0.40732458010315914,2.36571643948555,0.4430925715714693,2.40010367333889,3
0.40732458010315914,2.40010367333889,0.4430925715714693,2.43449090719223,3
0.4430925715714693,2.36571643948555,0.4788605630397795,2.40010367333889,3
0.4430925715714693,2.40010367333889,0.4788605630397795,2.43449090719223,3
0.3715565886348485,2.4344909071922305,0.40732458010315914,2.468878141045571,3
0.40732458010315914,2.4344909071922305,0.4430925715714693,2.468878141045571,3
0.4430925715714693,2.4344909071922305,0.4788605630397795,2.468878141045571,3
0.4788605630397795,2.2969419717788697,0.5146285545080901,2.33132920563221,3
0.4788605630397795,2.33132920563221,0.5146285545080901,2.36571643948555,3
0.5146285545080901,2.33132920563221,0.5503965459764003,2.36571643948555,3
0.4788605630397795,2.36571643948555,0.5146285545080901,2.40010367333889,3
0.4788605630397795,2.40010367333889,0.5146285545080901,2.43449090719223,3
0.5146285545080901,2.36571643948555,0.5503965459764003,2.40010367333889,3
0.5146285545080901,2.40010367333889,0.5503965459764003,2.43449090719223,3
0.5503965459764003,2.33132920563221,0.5861645374447109,2.36571643948555,3
0.5861645374447106,2.33132920563221,0.6219325289130211,2.36571643948555,3
0.5503965459764003,2.36571643948555,0.5861645374447109,2.40010367333889,3
0.5503965459764003,2.40010367333889,0.5861645374447109,2.43449090719223,3
0.5861645374447106,2.36571643948555,0.6219325289130211,2.40010367333889,3
0.5861645374447106,2.40010367333889,0.6219325289130211,2.43449090719223,3
0.4788605630397795,2.4344909071922305,0.5146285545080901,2.468878141045571,3
0.4788605630397795,2.4688781410455705,0.5146285545080901,2.503265374898911,3
0.5146285545080901,2.4344909071922305,0.5503965459764003,2.468878141045571,3
0.5146285545080901,2.4688781410455705,0.5503965459764003,2.503265374898911,3
0.5503965459764003,2.4344909071922305,0.5861645374447109,2.468878141045571,3
0.5503965459764003,2.4688781410455705,0.5861645374447109,2.503265374898911,3
0.5861645374447106,2.4344909071922305,0.6219325289130211,2.468878141045571,3
0.5861645374447106,2.4688781410455705,0.6219325289130211,2.503265374898911,3
0.6219325289130211,2.36571643948555,0.6577005203813312,2.40010367333889,3
0.6219325289130211,2.40010367333889,0.6577005203813312,2.43449090719223,3
0.6577005203813314,2.36571643948555,0.6934685118496419,2.40010367333889,3
0.6577005203813314,2.40010367333889,0.6934685118496419,2.43449090719223,3
0.6934685118496419,2.36571643948555,0.7292365033179521,2.40010367333889,3
0.6934685118496419,2.40010367333889,0.7292365033179521,2.43449090719223,3
0.7292365033179521,2.36571643948555,0.7650044947862626,2.40010367333889,3
0.7292365033179521,2.40010367333889,0.7650044947862626,2.43449090719223,3
0.6219325289130211,2.4344909071922305,0.6577005203813312,2.468878141045571,3
0.6219325289130211,2.4688781410455705,0.6577005203813312,2.503265374898911,3
0.6577005203813314,2.4344909071922305,0.6934685118496419,2.468878141045571,3
0.6577005203813314,2.4688781410455705,0.6934685118496419,2.503265374898911,3
0.6934685118496419,2.4344909071922305,0.7292365033179521,2.468878141045571,3
0.6934685118496419,2.4688781410455705,0.7292365033179521,2.503265374898911,3
0.7292365033179521,2.4344909071922305,0.7650044947862626,2.468878141045571,3
0.7292365033179521,2.4688781410455705,0.7650044947862626,2.503265374898911,3
0.9438444521278142,2.2625547379255297,0.9796124435961246,2.29694197177887,3
0.9796124435961246,2.2625547379255297,1.0153804350644349,2.29694197177887,3
1.015380435064435,2.2281675040721893,1.0511484265327455,2.2625547379255293,3
1.015380435064435,2.2625547379255297,1.0511484265327455,2.29694197177887,3
0.7650044947862624,2.36571643948555,0.8007724862545729,2.40010367333889,3
0.7650044947862624,2.40010367333889,0.8007724862545729,2.43449090719223,3
0.8007724862545729,2.36571643948555,0.836540477722883,2.40010367333889,3
0.8007724862545729,2.40010367333889,0.836540477722883,2.43449090719223,3
0.8723084691911936,2.33132920563221,0.9080764606595039,2.36571643948555,3
0.8365404777228832,2.36571643948555,0.8723084691911936,2.40010367333889,3
0.8365404777228832,2.40010367333889,0.8723084691911936,2.43449090719223,3
0.8723084691911936,2.36571643948555,0.9080764606595039,2.40010367333889,3
0.8723084691911936,2.40010367333889,0.9080764606595039,2.43449090719223,3
0.7650044947862624,2.4344909071922305,0.8007724862545729,2.468878141045571,3
0.7650044947862624,2.4688781410455705,0.8007724862545729,2.503265374898911,3
0.8007724862545729,2.4344909071922305,0.836540477722883,2.468878141045571,3
0.8007724862545729,2.4688781410455705,0.836540477722883,2.503265374898911,3
0.8365404777228832,2.4344909071922305,0.8723084691911936,2.468878141045571,3
0.8365404777228832,2.4688781410455705,0.8723084691911936,2.503265374898911,3
0.8723084691911936,2.4344909071922305,0.9080764606595039,2.468878141045571,3
0.8723084691911936,2.4688781410455705,0.9080764606595039,2.503265374898911,3
0.9080764606595039,2.2969419717788697,0.9438444521278144,2.33132920563221,3
0.9080764606595039,2.33132920563221,0.9438444521278144,2.36571643948555,3
0.9438444521278142,2.2969419717788697,0.9796124435961246,2.33132920563221,3
0.9438444521278142,2.33132920563221,0.9796124435961246,2.36571643948555,3
0.9080764606595039,2.36571643948555,0.9438444521278144,2.40010367333889,3
0.9080764606595039,2.40010367333889,0.9438444521278144,2.43449090719223,3
0.9438444521278142,2.36571643948555,0.9796124435961246,2.40010367333889,3
0.9438444521278142,2.40010367333889,0.9796124435961246,2.43449090719223,3
0.9796124435961246,2.2969419717788697,1.0153804350644349,2.33132920563221,3
0.9796124435961246,2.33132920563221,1.0153804350644349,2.36571643948555,3
1.015380435064435,2.2969419717788697,1.0511484265327455,2.33132920563221,3
1.015380435064435,2.33132920563221,1.0511484265327455,2.36571643948555,3
0.9796124435961246,2.36571643948555,1.0153804350644349,2.40010367333889,3
0.9796124435961246,2.40010367333889,1.0153804350644349,2.43449090719223,3
1.015380435064435,2.36571643948555,1.0511484265327455,2.40010367333889,3
1.015380435064435,2.40010367333889,1.0511484265327455,2.43449090719223,3
0.9080764606595039,2.4344909071922305,0.9438444521278144,2.468878141045571,3
0.9080764606595039,2.4688781410455705,0.9438444521278144,2.503265374898911,3
0.9438444521278142,2.4344909071922305,0.9796124435961246,2.468878141045571,3
0.9438444521278142,2.4688781410455705,0.9796124435961246,2.503265374898911,3
0.9796124435961246,2.4344909071922305,1.0153804350644349,2.468878141045571,3
0.9796124435961246,2.4688781410455705,1.0153804350644349,2.503265374898911,3
1.015380435064435,2.4344909071922305,1.0511484265327455,2.468878141045571,3
1.015380435064435,2.4688781410455705,1.0511484265327455,2.503265374898911,3
1.0869164180010555,2.090618568658829,1.1226844094693662,2.1250058025121694,3
1.0869164180010555,2.125005802512169,1.1226844094693662,2.1593930363655094,3
1.122684409469366,2.090618568658829,1.1584524009376764,2.1250058025121694,3
1.122684409469366,2.125005802512169,1.1584524009376764,2.1593930363655094,3
1.1584524009376764,2.090618568658829,1.1942203924059867,2.1250058025121694,3
1.1584524009376764,2.125005802512169,1.1942203924059867,2.1593930363655094,3
1.0511484265327455,2.1937802702188494,1.0869164180010555,2.2281675040721893,3
1.0869164180010555,2.1593930363655094,1.1226844094693662,2.1937802702188494,3
1.0869164180010555,2.1937802702188494,1.1226844094693662,2.2281675040721893,3
1.0511484265327455,2.2281675040721893,1.0869164180010555,2.2625547379255293,3
1.0511484265327455,2.2625547379255297,1.0869164180010555,2.29694197177887,3
1.0869164180010555,2.2281675040721893,1.1226844094693662,2.2625547379255293,3
1.0869164180010555,2.2625547379255297,1.1226844094693662,2.29694197177887,3
1.122684409469366,2.1593930363655094,1.1584524009376764,2.1937802702188494,3
1.122684409469366,2.1937802702188494,1.1584524009376764,2.2281675040721893,3
1.1584524009376764,2.1593930363655094,1.1942203924059867,2.1937802702188494,3
1.1584524009376764,2.1937802702188494,1.1942203924059867,2.2281675040721893,3
1.122684409469366,2.2281675040721893,1.1584524009376764,2.2625547379255293,3
1.122684409469366,2.2625547379255297,1.1584524009376764,2.29694197177887,3
1.1584524009376764,2.2281675040721893,1.1942203924059867,2.2625547379255293,3
1.1584524009376764,2.2625547379255297,1.1942203924059867,2.29694197177887,3
1.1942203924059869,2.1937802702188494,1.229988383874297,2.2281675040721893,3
1.1942203924059869,2.2281675040721893,1.229988383874297,2.2625547379255293,3
1.1942203924059869,2.2625547379255297,1.229988383874297,2.29694197177887,3
1.2299883838742969,2.2281675040721893,1.2657563753426073,2.2625547379255293,3
1.2299883838742969,2.2625547379255297,1.2657563753426073,2.29694197177887,3
1.2657563753426073,2.2625547379255297,1.301524366810918,2.29694197177887,3
1.0511484265327455,2.2969419717788697,1.0869164180010555,2.33132920563221,3
1.0511484265327455,2.33132920563221,1.0869164180010555,2.36571643948555,3
1.0869164180010555,2.2969419717788697,1.1226844094693662,2.33132920563221,3
1.0869164180010555,2.33132920563221,1.1226844094693662,2.36571643948555,3
1.0511484265327455,2.36571643948555,1.0869164180010555,2.40010367333889,3
1.0511484265327455,2.40010367333889,1.0869164180010555,2.43449090719223,3
1.0869164180010555,2.36571643948555,1.1226844094693662,2.40010367333889,3
1.0869164180010555,2.40010367333889,1.1226844094693662,2.43449090719223,3
1.122684409469366,2.2969419717788697,1.1584524009376764,2.33132920563221,3
1.122684409469366,2.33132920563221,1.1584524009376764,2.36571643948555,3
1.1584524009376764,2.2969419717788697,1.1942203924059867,2.33132920563221,3
1.1584524009376764,2.33132920563221,1.1942203924059867,2.36571643948555,3
1.122684409469366,2.36571643948555,1.1584524009376764,2.40010367333889,3
1.122684409469366,2.40010367333889,1.1584524009376764,2.43449090719223,3
1.1584524009376764,2.36571643948555,1.1942203924059867,2.40010367333889,3
1.0511484265327455,2.4344909071922305,1.0869164180010555,2.468878141045571,3
1.0511484265327455,2.4688781410455705,1.0869164180010555,2.503265374898911,3
1.0869164180010555,2.4344909071922305,1.1226844094693662,2.468878141045571,3
1.1942203924059869,2.2969419717788697,1.229988383874297,2.33132920563221,3
1.1942203924059869,2.33132920563221,1.229988383874297,2.36571643948555,3
1.2299883838742969,2.2969419717788697,1.2657563753426073,2.33132920563221,3
-0.3438032407313586,-0.5915856719017027,-0.308035249263048,-0.5571984380483627,4
-0.3438032407313586,-0.5571984380483627,-0.308035249263048,-0.5228112041950226,4
-0.3438032407313586,-0.5228112041950226,-0.308035249263048,-0.48842397034168256,4
-0.3438032407313586,-0.48842397034168256,-0.308035249263048,-0.45403673648834225,4
-0.308035249263048,-0.5915856719017027,-0.2722672577947378,-0.5571984380483627,4
-0.308035249263048,-0.5571984380483627,-0.2722672577947378,-0.5228112041950226,4
-0.2722672577947378,-0.5915856719017027,-0.23649926632642765,-0.5571984380483627,4
-0.2722672577947378,-0.5571984380483627,-0.23649926632642765,-0.5228112041950226,4
-0.308035249263048,-0.5228112041950226,-0.2722672577947378,-0.48842397034168256,4
-0.308035249263048,-0.48842397034168256,-0.2722672577947378,-0.45403673648834225,4
-0.2722672577947378,-0.5228112041950226,-0.23649926632642765,-0.48842397034168256,4
-0.2722672577947378,-0.48842397034168256,-0.23649926632642765,-0.45403673648834225,4
-0.23649926632642765,-0.5915856719017027,-0.200731274858117,-0.5571984380483627,4
-0.23649926632642765,-0.5571984380483627,-0.200731274858117,-0.5228112041950226,4
-0.200731274858117,-0.5915856719017027,-0.16496328338980684,-0.5571984380483627,4
-0.200731274858117,-0.5571984380483627,-0.16496328338980684,-0.5228112041950226,4
-0.23649926632642765,-0.5228112041950226,-0.200731274858117,-0.48842397034168256,4
-0.23649926632642765,-0.48842397034168256,-0.200731274858117,-0.45403673648834225,4
-0.200731274858117,-0.5228112041950226,-0.16496328338980684,-0.48842397034168256,4
-0.200731274858117,-0.48842397034168256,-0.16496328338980684,-0.45403673648834225,4
-0.16496328338980684,-0.5915856719017027,-0.1291952919214962,-0.5571984380483627,4
-0.16496328338980684,-0.5571984380483627,-0.1291952919214962,-0.5228112041950226,4
-0.1291952919214962,-0.5915856719017027,-0.09342730045318604,-0.5571984380483627,4
-0.1291952919214962,-0.5571984380483627,-0.09342730045318604,-0.5228112041950226,4
-0.16496328338980684,-0.5228112041950226,-0.1291952919214962,-0.48842397034168256,4
-0.16496328338980684,-0.48842397034168256,-0.1291952919214962,-0.45403673648834225,4
-0.1291952919214962,-0.5228112041950226,-0.09342730045318604,-0.48842397034168256,4
-0.1291952919214962,-0.48842397034168256,-0.09342730045318604,-0.45403673648834225,4
-0.3438032407313586,-0.4540367364883425,-0.308035249263048,-0.41964950263500217,4
-0.3438032407313586,-0.41964950263500195,-0.308035249263048,-0.3852622687816619,4
-0.3438032407313586,-0.3852622687816619,-0.308035249263048,-0.35087503492832184,4
-0.3438032407313586,-0.35087503492832184,-0.308035249263048,-0.31648780107498176,4
-0.308035249263048,-0.4540367364883425,-0.2722672577947378,-0.41964950263500217,4
-0.308035249263048,-0.41964950263500195,-0.2722672577947378,-0.3852622687816619,4
-0.2722672577947378,-0.4540367364883425,-0.23649926632642765,-0.41964950263500217,4
-0.2722672577947378,-0.41964950263500195,-0.23649926632642765,-0.3852622687816619,4
-0.308035249263048,-0.3852622687816619,-0.2722672577947378,-0.35087503492832184,4
-0.308035249263048,-0.35087503492832184,-0.2722672577947378,-0.31648780107498176,4
-0.2722672577947378,-0.3852622687816619,-0.23649926632642765,-0.35087503492832184,4
-0.2722672577947378,-0.35087503492832184,-0.23649926632642765,-0.31648780107498176,4
-0.3438032407313586,-0.31648780107498176,-0.308035249263048,-0.28210056722164173,4
-0.308035249263048,-0.31648780107498176,-0.2722672577947378,-0.28210056722164173,4
-0.308035249263048,-0.28210056722164173,-0.2722672577947378,-0.2477133333683012,4
-0.2722672577947378,-0.31648780107498176,-0.23649926632642765,-0.28210056722164173,4
-0.2722672577947378,-0.28210056722164173,-0.23649926632642765,-0.2477133333683012,4
-0.308035249263048,-0.2477133333683012,-0.2722672577947378,-0.21332609951496115,4
-0.308035249263048,-0.21332609951496115,-0.2722672577947378,-0.1789388656616211,4
-0.2722672577947378,-0.2477133333683012,-0.23649926632642765,-0.21332609951496115,4
-0.2722672577947378,-0.21332609951496115,-0.23649926632642765,-0.1789388656616211,4
-0.23649926632642765,-0.4540367364883425,-0.200731274858117,-0.41964950263500217,4
-0.23649926632642765,-0.41964950263500195,-0.200731274858117,-0.3852622687816619,4
-0.200731274858117,-0.4540367364883425,-0.16496328338980684,-0.41964950263500217,4
-0.200731274858117,-0.41964950263500195,-0.16496328338980684,-0.3852622687816619,4
-0.23649926632642765,-0.3852622687816619,-0.200731274858117,-0.35087503492832184,4
-0.23649926632642765,-0.35087503492832184,-0.200731274858117,-0.31648780107498176,4
-0.200731274858117,-0.3852622687816619,-0.16496328338980684,-0.35087503492832184,4
-0.200731274858117,-0.35087503492832184,-0.16496328338980684,-0.31648780107498176,4
-0.16496328338980684,-0.4540367364883425,-0.1291952919214962,-0.41964950263500217,4
-0.16496328338980684,-0.41964950263500195,-0.1291952919214962,-0.3852622687816619,4
-0.1291952919214962,-0.4540367364883425,-0.09342730045318604,-0.41964950263500217,4
-0.1291952919214962,-0.41964950263500195,-0.09342730045318604,-0.3852622687816619,4
-0.16496328338980684,-0.3852622687816619,-0.1291952919214962,-0.35087503492832184,4
-0.16496328338980684,-0.35087503492832184,-0.1291952919214962,-0.31648780107498176,4
-0.1291952919214962,-0.3852622687816619,-0.09342730045318604,-0.35087503492832184,4
-0.1291952919214962,-0.35087503492832184,-0.09342730045318604,-0.31648780107498176,4
-0.23649926632642765,-0.31648780107498176,-0.200731274858117,-0.28210056722164173,4
-0.23649926632642765,-0.28210056722164173,-0.200731274858117,-0.2477133333683012,4
-0.200731274858117,-0.31648780107498176,-0.16496328338980684,-0.28210056722164173,4
-0.200731274858117,-0.28210056722164173,-0.16496328338980684,-0.2477133333683012,4
-0.23649926632642765,-0.2477133333683012,-0.200731274858117,-0.21332609951496115,4
-0.23649926632642765,-0.21332609951496115,-0.200731274858117,-0.1789388656616211,4
-0.200731274858117,-0.2477133333683012,-0.16496328338980684,-0.21332609951496115,4
-0.200731274858117,-0.21332609951496115,-0.16496328338980684,-0.1789388656616211,4
-0.16496328338980684,-0.31648780107498176,-0.1291952919214962,-0.28210056722164173,4
-0.16496328338980684,-0.28210056722164173,-0.1291952919214962,-0.2477133333683012,4
-0.1291952919214962,-0.31648780107498176,-0.09342730045318604,-0.28210056722164173,4
-0.1291952919214962,-0.28210056722164173,-0.09342730045318604,-0.2477133333683012,4
-0.16496328338980684,-0.2477133333683012,-0.1291952919214962,-0.21332609951496115,4
-0.16496328338980684,-0.21332609951496115,-0.1291952919214962,-0.1789388656616211,4
-0.1291952919214962,-0.2477133333683012,-0.09342730045318604,-0.21332609951496115,4
-0.1291952919214962,-0.21332609951496115,-0.09342730045318604,-0.1789388656616211,4
-0.308035249263048,-0.1789388656616211,-0.2722672577947378,-0.14455163180828104,4
-0.308035249263048,-0.14455163180828104,-0.2722672577947378,-0.11016439795494097,4
-0.2722672577947378,-0.1789388656616211,-0.23649926632642765,-0.14455163180828104,4
-0.2722672577947378,-0.14455163180828104,-0.23649926632642765,-0.11016439795494097,4
-0.308035249263048,-0.11016439795494097,-0.2722672577947378,-0.07577716410160046,4
-0.308035249263048,-0.07577716410160046,-0.2722672577947378,-0.041389930248260404,4
-0.2722672577947378,-0.11016439795494097,-0.23649926632642765,-0.07577716410160046,4
-0.2722672577947378,-0.07577716410160046,-0.23649926632642765,-0.041389930248260404,4
-0.308035249263048,-0.041389930248260404,-0.2722672577947378,-0.007002696394920342,4
-0.308035249263048,-0.007002696394920342,-0.2722672577947378,0.02738453745841972,4
-0.2722672577947378,-0.041389930248260404,-0.23649926632642765,-0.007002696394920342,4
-0.2722672577947378,-0.007002696394920342,-0.23649926632642765,0.02738453745841972,4
-0.308035249263048,0.02738453745841972,-0.2722672577947378,0.06177177131175978,4
-0.308035249263048,0.06177177131175978,-0.2722672577947378,0.09615900516510029,4
-0.2722672577947378,0.02738453745841972,-0.23649926632642765,0.06177177131175978,4
-0.2722672577947378,0.06177177131175978,-0.23649926632642765,0.09615900516510029,4
-0.23649926632642765,-0.1789388656616211,-0.200731274858117,-0.14455163180828104,4
-0.23649926632642765,-0.14455163180828104,-0.200731274858117,-0.11016439795494097,4
-0.200731274858117,-0.1789388656616211,-0.16496328338980684,-0.14455163180828104,4
-0.200731274858117,-0.14455163180828104,-0.16496328338980684,-0.11016439795494097,4
-0.23649926632642765,-0.11016439795494097,-0.200731274858117,-0.07577716410160046,4
-0.23649926632642765,-0.07577716410160046,-0.200731274858117,-0.041389930248260404,4
-0.200731274858117,-0.11016439795494097,-0.16496328338980684,-0.07577716410160046,4
-0.200731274858117,-0.07577716410160046,-0.16496328338980684,-0.041389930248260404,4
-0.16496328338980684,-0.1789388656616211,-0.1291952919214962,-0.14455163180828104,4
-0.16496328338980684,-0.14455163180828104,-0.1291952919214962,-0.11016439795494097,4
-0.1291952919214962,-0.1789388656616211,-0.09342730045318604,-0.14455163180828104,4
-0.1291952919214962,-0.14455163180828104,-0.09342730045318604,-0.11016439795494097,4
-0.16496328338980684,-0.11016439795494097,-0.1291952919214962,-0.07577716410160046,4
-0.16496328338980684,-0.07577716410160046,-0.1291952919214962,-0.041389930248260404,4
-0.1291952919214962,-0.11016439795494097,-0.09342730045318604,-0.07577716410160046,4
-0.1291952919214962,-0.07577716410160046,-0.09342730045318604,-0.041389930248260404,4
-0.23649926632642765,-0.041389930248260404,-0.200731274858117,-0.007002696394920342,4
-0.23649926632642765,-0.007002696394920342,-0.200731274858117,0.02738453745841972,4
-0.200731274858117,-0.041389930248260404,-0.16496328338980684,-0.007002696394920342,4
-0.200731274858117,-0.007002696394920342,-0.16496328338980684,0.02738453745841972,4
-0.23649926632642765,0.02738453745841972,-0.200731274858117,0.06177177131175978,4
-0.23649926632642765,0.06177177131175978,-0.200731274858117,0.09615900516510029,4
-0.200731274858117,0.02738453745841972,-0.16496328338980684,0.06177177131175978,4
-0.200731274858117,0.06177177131175978,-0.16496328338980684,0.09615900516510029,4
-0.16496328338980684,-0.041389930248260404,-0.1291952919214962,-0.007002696394920342,4
-0.16496328338980684,-0.007002696394920342,-0.1291952919214962,0.02738453745841972,4
-0.1291952919214962,-0.041389930248260404,-0.09342730045318604,-0.007002696394920342,4
-0.1291952919214962,-0.007002696394920342,-0.09342730045318604,0.02738453745841972,4
-0.16496328338980684,0.02738453745841972,-0.1291952919214962,0.06177177131175978,4
-0.16496328338980684,0.06177177131175978,-0.1291952919214962,0.09615900516510029,4
-0.1291952919214962,0.02738453745841972,-0.09342730045318604,0.06177177131175978,4
-0.1291952919214962,0.06177177131175978,-0.09342730045318604,0.09615900516510029,4
-0.308035249263048,0.09615900516510029,-0.2722672577947378,0.13054623901844034,4
-0.308035249263048,0.13054623901844034,-0.2722672577947378,0.1649334728717804,4
-0.2722672577947378,0.09615900516510029,-0.23649926632642765,0.13054623901844034,4
-0.2722672577947378,0.13054623901844034,-0.23649926632642765,0.1649334728717804,4
-0.23649926632642765,0.09615900516510029,-0.200731274858117,0.13054623901844034,4
-0.23649926632642765,0.13054623901844034,-0.200731274858117,0.1649334728717804,4
-0.200731274858117,0.09615900516510029,-0.16496328338980684,0.13054623901844034,4
-0.200731274858117,0.13054623901844034,-0.16496328338980684,0.1649334728717804,4
-0.16496328338980684,0.09615900516510029,-0.1291952919214962,0.13054623901844034,4
-0.16496328338980684,0.13054623901844034,-0.1291952919214962,0.1649334728717804,4
-0.1291952919214962,0.09615900516510029,-0.09342730045318604,0.13054623901844034,4
-0.1291952919214962,0.13054623901844034,-0.09342730045318604,0.1649334728717804,4
-0.09342730045318604,-0.5915856719017027,-0.057659308984875854,-0.5571984380483627,4
-0.09342730045318604,-0.5571984380483627,-0.057659308984875854,-0.5228112041950226,4
-0.057659308984875854,-0.5915856719017027,-0.021891317516565235,-0.5571984380483627,4
-0.057659308984875854,-0.5571984380483627,-0.021891317516565235,-0.5228112041950226,4
-0.09342730045318604,-0.5228112041950226,-0.057659308984875854,-0.48842397034168256,4
-0.09342730045318604,-0.48842397034168256,-0.057659308984875854,-0.45403673648834225,4
-0.057659308984875854,-0.5228112041950226,-0.021891317516565235,-0.48842397034168256,4
-0.057659308984875854,-0.48842397034168256,-0.021891317516565235,-0.45403673648834225,4
-0.021891317516565235,-0.48842397034168256,0.013876673951744942,-0.45403673648834225,4
-0.09342730045318604,-0.4540367364883425,-0.057659308984875854,-0.41964950263500217,4
-0.09342730045318604,-0.41964950263500195,-0.057659308984875854,-0.3852622687816619,4
-0.057659308984875854,-0.4540367364883425,-0.021891317516565235,-0.41964950263500217,4
-0.057659308984875854,-0.41964950263500195,-0.021891317516565235,-0.3852622687816619,4
-0.09342730045318604,-0.3852622687816619,-0.057659308984875854,-0.35087503492832184,4
-0.09342730045318604,-0.35087503492832184,-0.057659308984875854,-0.31648780107498176,4
-0.057659308984875854,-0.3852622687816619,-0.021891317516565235,-0.35087503492832184,4
-0.057659308984875854,-0.35087503492832184,-0.021891317516565235,-0.31648780107498176,4
-0.021891317516565235,-0.4540367364883425,0.013876673951744942,-0.41964950263500217,4
-0.021891317516565235,-0.41964950263500195,0.013876673951744942,-0.3852622687816619,4
-0.021891317516565235,-0.3852622687816619,0.013876673951744942,-0.35087503492832184,4
-0.021891317516565235,-0.35087503492832184,0.013876673951744942,-0.31648780107498176,4
-0.09342730045318604,-0.31648780107498176,-0.057659308984875854,-0.28210056722164173,4
-0.09342730045318604,-0.28210056722164173,-0.057659308984875854,-0.2477133333683012,4
-0.057659308984875854,-0.31648780107498176,-0.021891317516565235,-0.28210056722164173,4
-0.057659308984875854,-0.28210056722164173,-0.021891317516565235,-0.2477133333683012,4
-0.09342730045318604,-0.2477133333683012,-0.057659308984875854,-0.21332609951496115,4
-0.09342730045318604,-0.21332609951496115,-0.057659308984875854,-0.1789388656616211,4
-0.057659308984875854,-0.2477133333683012,-0.021891317516565235,-0.21332609951496115,4
-0.057659308984875854,-0.21332609951496115,-0.021891317516565235,-0.1789388656616211,4
-0.021891317516565235,-0.31648780107498176,0.013876673951744942,-0.28210056722164173,4
-0.021891317516565235,-0.28210056722164173,0.013876673951744942,-0.2477133333683012,4
-0.021891317516565235,-0.2477133333683012,0.013876673951744942,-0.21332609951496115,4
-0.021891317516565235,-0.21332609951496115,0.013876673951744942,-0.1789388656616211,4
-0.09342730045318604,-0.1789388656616211,-0.057659308984875854,-0.14455163180828104,4
-0.09342730045318604,-0.14455163180828104,-0.057659308984875854,-0.11016439795494097,4
-0.057659308984875854,-0.1789388656616211,-0.021891317516565235,-0.14455163180828104,4
-0.057659308984875854,-0.14455163180828104,-0.021891317516565235,-0.11016439795494097,4
-0.09342730045318604,-0.11016439795494097,-0.057659308984875854,-0.07577716410160046,4
-0.09342730045318604,-0.07577716410160046,-0.057659308984875854,-0.041389930248260404,4
-0.057659308984875854,-0.11016439795494097,-0.021891317516565235,-0.07577716410160046,4
-0.057659308984875854,-0.07577716410160046,-0.021891317516565235,-0.041389930248260404,4
-0.021891317516565235,-0.1789388656616211,0.013876673951744942,-0.14455163180828104,4
-0.021891317516565235,-0.14455163180828104,0.013876673951744942,-0.11016439795494097,4
-0.021891317516565235,-0.11016439795494097,0.013876673951744942,-0.07577716410160046,4
-0.021891317516565235,-0.07577716410160046,0.013876673951744942,-0.041389930248260404,4
-0.09342730045318604,-0.041389930248260404,-0.057659308984875854,-0.007002696394920342,4
-0.09342730045318604,-0.007002696394920342,-0.057659308984875854,0.02738453745841972,4
-0.057659308984875854,-0.041389930248260404,-0.021891317516565235,-0.007002696394920342,4
-0.057659308984875854,-0.007002696394920342,-0.021891317516565235,0.02738453745841972,4
-0.09342730045318604,0.02738453745841972,-0.057659308984875854,0.06177177131175978,4
-0.09342730045318604,0.06177177131175978,-0.057659308984875854,0.09615900516510029,4
-0.057659308984875854,0.02738453745841972,-0.021891317516565235,0.06177177131175978,4
-0.057659308984875854,0.06177177131175978,-0.021891317516565235,0.09615900516510029,4
-0.021891317516565235,-0.041389930248260404,0.013876673951744942,-0.007002696394920342,4
-0.021891317516565235,-0.007002696394920342,0.013876673951744942,0.02738453745841972,4
0.013876673951744942,-0.041389930248260404,0.049644665420055564,-0.007002696394920342,4
0.013876673951744942,-0.007002696394920342,0.049644665420055564,0.02738453745841972,4
-0.021891317516565235,0.02738453745841972,0.013876673951744942,0.06177177131175978,4
-0.021891317516565235,0.06177177131175978,0.013876673951744942,0.09615900516510029,4
0.013876673951744942,0.02738453745841972,0.049644665420055564,0.06177177131175978,4
0.013876673951744942,0.06177177131175978,0.049644665420055564,0.09615900516510029,4
-0.09342730045318604,0.09615900516510029,-0.057659308984875854,0.13054623901844034,4
-0.09342730045318604,0.13054623901844034,-0.057659308984875854,0.1649334728717804,4
-0.057659308984875854,0.09615900516510029,-0.021891317516565235,0.13054623901844034,4
-0.057659308984875854,0.13054623901844034,-0.021891317516565235,0.1649334728717804,4
-0.021891317516565235,0.09615900516510029,0.013876673951744942,0.13054623901844034,4
-0.021891317516565235,0.13054623901844034,0.013876673951744942,0.1649334728717804,4
0.013876673951744942,0.09615900516510029,0.049644665420055564,0.13054623901844034,4
0.013876673951744942,0.13054623901844034,0.049644665420055564,0.1649334728717804,4
-0.4511072151362896,-1.2105558812618256,-0.41533922366797943,-1.1761686474084856,5
-0.4511072151362896,-1.1761686474084856,-0.41533922366797943,-1.1417814135551452,5
-0.41533922366797943,-1.2105558812618256,-0.3795712321996688,-1.1761686474084856,5
-0.41533922366797943,-1.1761686474084856,-0.3795712321996688,-1.1417814135551452,5
-0.4511072151362896,-1.1417814135551454,-0.41533922366797943,-1.1073941797018052,5
-0.4511072151362896,-1.107394179701805,-0.41533922366797943,-1.0730069458484652,5
-0.41533922366797943,-1.1417814135551454,-0.3795712321996688,-1.1073941797018052,5
-0.41533922366797943,-1.107394179701805,-0.3795712321996688,-1.0730069458484652,5
-0.4511072151362896,-1.073006945848465,-0.41533922366797943,-1.0386197119951248,5
-0.4511072151362896,-1.0386197119951248,-0.41533922366797943,-1.0042324781417848,5
-0.41533922366797943,-1.073006945848465,-0.3795712321996688,-1.0386197119951248,5
-0.41533922366797943,-1.0386197119951248,-0.3795712321996688,-1.0042324781417848,5
-0.4511072151362896,-1.0042324781417848,-0.41533922366797943,-0.9698452442884445,5
-0.4511072151362896,-0.9698452442884448,-0.41533922366797943,-0.9354580104351045,5
-0.41533922366797943,-1.0042324781417848,-0.3795712321996688,-0.9698452442884445,5
-0.41533922366797943,-0.9698452442884448,-0.3795712321996688,-0.9354580104351045,5
-0.3795712321996688,-1.2105558812618256,-0.3438032407313586,-1.1761686474084856,5
-0.3795712321996688,-1.1761686474084856,-0.3438032407313586,-1.1417814135551452,5
-0.3438032407313586,-1.2105558812618256,-0.308035249263048,-1.1761686474084856,5
-0.3438032407313586,-1.1761686474084856,-0.308035249263048,-1.1417814135551452,5
-0.308035249263048,-1.2105558812618256,-0.2722672577947378,-1.1761686474084856,5
-0.308035249263048,-1.1761686474084856,-0.2722672577947378,-1.1417814135551452,5
-0.2722672577947378,-1.2105558812618256,-0.23649926632642765,-1.1761686474084856,5
-0.2722672577947378,-1.1761686474084856,-0.23649926632642765,-1.1417814135551452,5
-0.3795712321996688,-1.1417814135551454,-0.3438032407313586,-1.1073941797018052,5
-0.3795712321996688,-1.107394179701805,-0.3438032407313586,-1.0730069458484652,5
-0.3438032407313586,-1.1417814135551454,-0.308035249263048,-1.1073941797018052,5
-0.3438032407313586,-1.107394179701805,-0.308035249263048,-1.0730069458484652,5
-0.3795712321996688,-1.073006945848465,-0.3438032407313586,-1.0386197119951248,5
-0.3795712321996688,-1.0386197119951248,-0.3438032407313586,-1.0042324781417848,5
-0.3438032407313586,-1.073006945848465,-0.308035249263048,-1.0386197119951248,5
-0.3438032407313586,-1.0386197119951248,-0.308035249263048,-1.0042324781417848,5
-0.308035249263048,-1.1417814135551454,-0.2722672577947378,-1.1073941797018052,5
-0.308035249263048,-1.107394179701805,-0.2722672577947378,-1.0730069458484652,5
-0.2722672577947378,-1.1417814135551454,-0.23649926632642765,-1.1073941797018052,5
-0.2722672577947378,-1.107394179701805,-0.23649926632642765,-1.0730069458484652,5
-0.308035249263048,-1.073006945848465,-0.2722672577947378,-1.0386197119951248,5
-0.308035249263048,-1.0386197119951248,-0.2722672577947378,-1.0042324781417848,5
-0.2722672577947378,-1.073006945848465,-0.23649926632642765,-1.0386197119951248,5
-0.2722672577947378,-1.0386197119951248,-0.23649926632642765,-1.0042324781417848,5
-0.3795712321996688,-1.0042324781417848,-0.3438032407313586,-0.9698452442884445,5
-0.3795712321996688,-0.9698452442884448,-0.3438032407313586,-0.9354580104351045,5
-0.3438032407313586,-1.0042324781417848,-0.308035249263048,-0.9698452442884445,5
-0.3438032407313586,-0.9698452442884448,-0.308035249263048,-0.9354580104351045,5
-0.308035249263048,-1.0042324781417848,-0.2722672577947378,-0.9698452442884445,5
-0.308035249263048,-0.9698452442884448,-0.2722672577947378,-0.9354580104351045,5
-0.2722672577947378,-1.0042324781417848,-0.23649926632642765,-0.9698452442884445,5
-0.2722672577947378,-0.9698452442884448,-0.23649926632642765,-0.9354580104351045,5
0.049644665420055564,0.9214526176452638,0.08541265688836575,0.9558398514986041,6
0.049644665420055564,0.9558398514986038,0.08541265688836575,0.9902270853519441,6
0.08541265688836575,0.9214526176452638,0.12118064835667591,0.9558398514986041,6
0.08541265688836575,0.9558398514986038,0.12118064835667591,0.9902270853519441,6
0.049644665420055564,0.9902270853519441,0.08541265688836575,1.0246143192052841,6
0.08541265688836575,0.9902270853519441,0.12118064835667591,1.0246143192052841,6
0.12118064835667591,0.9214526176452638,0.15694863982498655,0.9558398514986041,6
0.12118064835667591,0.9558398514986038,0.15694863982498655,0.9902270853519441,6
0.15694863982498655,0.9214526176452638,0.19271663129329672,0.9558398514986041,6
0.15694863982498655,0.9558398514986038,0.19271663129329672,0.9902270853519441,6
0.12118064835667591,0.9902270853519441,0.15694863982498655,1.0246143192052841,6
0.15694863982498655,0.9902270853519441,0.19271663129329672,1.0246143192052841,6
0.19271663129329672,0.9214526176452638,0.22848462276160733,0.9558398514986041,6
0.19271663129329672,0.9558398514986038,0.22848462276160733,0.9902270853519441,6
0.22848462276160733,0.9214526176452638,0.2642526142299175,0.9558398514986041,6
0.22848462276160733,0.9558398514986038,0.2642526142299175,0.9902270853519441,6
0.19271663129329672,0.9902270853519441,0.22848462276160733,1.0246143192052841,6
0.22848462276160733,0.9902270853519441,0.2642526142299175,1.0246143192052841,6
0.2642526142299175,0.9214526176452638,0.3000206056982277,0.9558398514986041,6
0.2642526142299175,0.9558398514986038,0.3000206056982277,0.9902270853519441,6
0.2642526142299175,0.9902270853519441,0.3000206056982277,1.0246143192052841,6
