x0,x1,x2,x3,x4,x5,x6,x7,x8,x9,x10,x11,x12,y0,y1,y2,y3,y4,y5,y6,y7,y8,y9,y10,y11,y12
560.33831667,936.52316816,604.80957502,27.79747598,80.44359254,100.78535970,24.42215472,12.07924884,5.64360272,0.57329241,2.64146400,1.34612580,0.76212033,674.18777489,498.14076352,592.81916545,421.55227379,14.37129508,35.15384994,28.92539823,13.94505035,4.02238986,4.23270204,0.57329241,0.87960751,1.34612580
674.18777489,498.14076352,592.81916545,421.55227379,14.37129508,35.15384994,28.92539823,13.94505035,4.02238986,4.23270204,0.57329241,0.87960751,1.34612580,763.59481898,599.35293188,315.32310331,413.19495832,217.94252555,6.28025595,10.08915493,16.51640239,4.64370176,3.01679240,4.23270204,0.19090637,0.87960751
763.59481898,599.35293188,315.32310331,413.19495832,217.94252555,6.28025595,10.08915493,16.51640239,4.64370176,3.01679240,4.23270204,0.19090637,0.87960751,888.54624566,678.83579408,379.39040588,219.78020301,213.62179345,95.24088366,1.80243346,5.76090747,5.49996200,3.48277632,3.01679240,1.40948978,0.19090637
888.54624566,678.83579408,379.39040588,219.78020301,213.62179345,95.24088366,1.80243346,5.76090747,5.49996200,3.48277632,3.01679240,1.40948978,0.19090637,903.37648393,789.91761239,429.70305765,264.43511290,113.62636495,93.35272374,27.33413361,1.02918950,1.91838219,4.12497150,3.48277632,1.00459187,1.40948978
903.37648393,789.91761239,429.70305765,264.43511290,113.62636495,93.35272374,27.33413361,1.02918950,1.91838219,4.12497150,3.48277632,1.00459187,1.40948978,813.06228755,803.10169421,500.01784864,299.50303118,136.71295337,49.65472148,26.79223171,15.60779029,0.34272010,1.43878664,4.12497150,1.15976452,1.00459187
813.06228755,803.10169421,500.01784864,299.50303118,136.71295337,49.65472148,26.79223171,15.60779029,0.34272010,1.43878664,4.12497150,1.15976452,1.00459187,767.43909843,722.81237363,508.36337243,348.51244051,154.84306712,59.74356062,14.25090507,15.29836431,5.19739417,0.25704008,1.43878664,1.37361551,1.15976452
767.43909843,722.81237363,508.36337243,348.51244051,154.84306712,59.74356062,14.25090507,15.29836431,5.19739417,0.25704008,1.43878664,1.37361551,1.15976452,801.55129428,682.25335850,457.54023251,354.32927059,180.18093174,67.66642033,17.14640190,8.13726679,5.09435531,3.89804563,0.25704008,0.47911595,1.37361551
801.55129428,682.25335850,457.54023251,354.32927059,180.18093174,67.66642033,17.14640190,8.13726679,5.09435531,3.89804563,0.25704008,0.47911595,1.37361551,855.14124288,712.57910062,431.86637593,318.90554206,183.18823289,78.73906717,19.42026264,9.79059548,2.70970984,3.82076649,3.89804563,0.08559435,0.47911595
855.14124288,712.57910062,431.86637593,318.90554206,183.18823289,78.73906717,19.42026264,9.79059548,2.70970984,3.82076649,3.89804563,0.08559435,0.47911595,882.83592574,760.22056492,451.06257069,301.01086402,164.87416524,80.05325777,22.59811228,11.08896996,3.26026830,2.03228238,3.82076649,1.29804919,0.08559435
882.83592574,760.22056492,451.06257069,301.01086402,164.87416524,80.05325777,22.59811228,11.08896996,3.26026830,2.03228238,3.82076649,1.29804919,0.08559435,853.19043230,784.84113799,481.21961759,314.39061177,155.62261670,72.05001021,22.97528498,12.90352211,3.69262700,2.44520122,2.03228238,1.27231524,1.29804919
853.19043230,784.84113799,481.21961759,314.39061177,155.62261670,72.05001021,22.97528498,12.90352211,3.69262700,2.44520122,2.03228238,1.27231524,1.29804919,828.32822364,758.48629432,496.80444035,335.41007346,162.53994629,68.00708350,20.67835293,13.11888772,4.29687286,2.76947025,2.44520122,0.67675003,1.27231524
828.32822364,758.48629432,496.80444035,335.41007346,162.53994629,68.00708350,20.67835293,13.11888772,4.29687286,2.76947025,2.44520122,0.67675003,1.27231524,833.63581622,736.38379081,480.12182430,346.27269492,173.40700798,71.02995653,19.51803296,11.80733952,4.36858961,3.22265465,2.76947025,0.81425201,0.67675003
833.63581622,736.38379081,480.12182430,346.27269492,173.40700798,71.02995653,19.51803296,11.80733952,4.36858961,3.22265465,2.76947025,0.81425201,0.67675003,854.63111706,741.10224062,466.13093959,334.64491154,179.02298327,75.77886249,20.38559752,11.14479682,3.93184406,3.27644221,3.22265465,0.92223359,0.81425201
854.63111706,741.10224062,466.13093959,334.64491154,179.02298327,75.77886249,20.38559752,11.14479682,3.93184406,3.27644221,3.22265465,0.92223359,0.81425201,872.60482818,759.76706307,469.11771831,324.89326489,173.01141927,78.23304369,21.74853353,11.64017619,3.71121734,2.94888305,3.27644221,1.07314400,0.92223359
872.60482818,759.76706307,469.11771831,324.89326489,173.01141927,78.23304369,21.74853353,11.64017619,3.71121734,2.94888305,3.27644221,1.07314400,0.92223359,867.72701503,775.74569225,480.93255092,326.97504967,167.96981795,75.60599022,22.45288354,12.41841265,3.87617867,2.78341301,2.94888305,1.09105526,1.07314400
867.72701503,775.74569225,480.93255092,326.97504967,167.96981795,75.60599022,22.45288354,12.41841265,3.87617867,2.78341301,2.94888305,1.09105526,1.07314400,853.28542609,771.40931636,491.04702320,335.20998799,169.04610068,73.40281044,21.69891919,12.82059650,4.13533141,2.90713400,2.78341301,0.98197805,1.09105526
853.28542609,771.40931636,491.04702320,335.20998799,169.04610068,73.40281044,21.69891919,12.82059650,4.13533141,2.90713400,2.78341301,0.98197805,1.09105526,849.88071867,758.57074380,488.30209726,342.25977517,173.30356379,73.87314600,21.06660660,12.39008286,4.26925863,3.10149856,2.90713400,0.92687653,0.98197805
849.88071867,758.57074380,488.30209726,342.25977517,173.30356379,73.87314600,21.06660660,12.39008286,4.26925863,3.10149856,2.90713400,0.92687653,0.98197805,858.88668705,755.54395890,480.17528082,340.34656179,176.94830376,75.73365738,21.20159290,12.02903237,4.12589759,3.20194398,3.10149856,0.96807562,0.92687653
858.88668705,755.54395890,480.17528082,340.34656179,176.94830376,75.73365738,21.20159290,12.02903237,4.12589759,3.20194398,3.10149856,0.96807562,0.92687653,868.56529420,763.55026479,478.25932598,334.68217073,175.95917244,77.32640874,21.73555967,12.10610955,4.00566778,3.09442319,3.20194398,1.03279902,0.96807562
868.56529420,763.55026479,478.25932598,334.68217073,175.95917244,77.32640874,21.73555967,12.10610955,4.00566778,3.09442319,3.20194398,1.03279902,0.96807562,869.40037061,772.15454655,483.32731761,333.34675021,173.03068227,76.89415836,22.19267931,12.41100457,4.03133448,3.00425083,3.09442319,1.06624734,1.03279902
660.07329151,320.60304624,183.05957294,464.08309985,229.23776334,5.69238994,15.46680774,7.70679882,0.38730113,4.89706919,1.01913062,0.67287022,1.12281091,997.86215554,586.80515615,202.94172827,127.59252234,239.93096262,100.17690258,1.63371591,8.83154722,2.56636401,0.29047585,4.89706919,0.33937050,0.67287022
997.86215554,586.80515615,202.94172827,127.59252234,239.93096262,100.17690258,1.63371591,8.83154722,2.56636401,0.29047585,4.89706919,0.33937050,0.67287022,983.29538201,887.09945628,371.44766384,141.45038460,65.96533405,104.84983067,28.75077104,0.93285179,2.94090522,1.92477300,0.29047585,1.63072404,0.33937050
983.29538201,887.09945628,371.44766384,141.45038460,65.96533405,104.84983067,28.75077104,0.93285179,2.94090522,1.92477300,0.29047585,1.63072404,0.33937050,690.15420013,874.14959461,561.53395582,258.89902170,73.12984884,28.82685098,30.09190140,16.41669026,0.31063964,2.20567892,1.92477300,0.09672846,1.63072404
690.15420013,874.14959461,561.53395582,258.89902170,73.12984884,28.82685098,30.09190140,16.41669026,0.31063964,2.20567892,1.92477300,0.09672846,1.63072404,622.07036281,613.54708391,553.33669339,391.38916721,133.85079422,31.95774394,8.27330623,17.18247570,5.46675786,0.23297973,2.20567892,0.64094941,0.09672846
622.07036281,613.54708391,553.33669339,391.38916721,133.85079422,31.95774394,8.27330623,17.18247570,5.46675786,0.23297973,2.20567892,0.64094941,0.09672846,748.40963972,553.02055254,388.37530412,385.67567529,202.34819945,58.49279707,9.17187251,4.72405786,5.72176441,4.10006839,0.23297973,0.73449108,0.64094941
748.40963972,553.02055254,388.37530412,385.67567529,202.34819945,58.49279707,9.17187251,4.72405786,5.72176441,4.10006839,0.23297973,0.73449108,0.64094941,898.80683285,665.33616971,350.06200976,270.69758697,199.39432413,88.42616316,16.78743276,5.23713920,1.57311127,4.29132331,4.10006839,0.07758225,0.73449108
898.80683285,665.33616971,350.06200976,270.69758697,199.39432413,88.42616316,16.78743276,5.23713920,1.57311127,4.29132331,4.10006839,0.07758225,0.73449108,929.80297632,799.03927440,421.15779543,243.99322080,139.95065246,87.13531964,25.37830883,9.58562411,1.74396735,1.17983345,4.29132331,1.36532278,0.07758225
929.80297632,799.03927440,421.15779543,243.99322080,139.95065246,87.13531964,25.37830883,9.58562411,1.74396735,1.17983345,4.29132331,1.36532278,0.07758225,819.19889374,826.59484594,505.79186070,293.54698341,126.14449515,61.15843513,25.00783674,14.49101434,3.19201283,1.30797552,1.17983345,1.42901066,1.36532278
819.19889374,826.59484594,505.79186070,293.54698341,126.14449515,61.15843513,25.00783674,14.49101434,3.19201283,1.30797552,1.17983345,1.42901066,1.36532278,754.74075544,728.26781654,523.23453748,352.53692690,151.76379042,55.12514438,17.55247088,14.27947478,4.82550778,2.39400962,1.30797552,0.39288454,1.42901066
754.74075544,728.26781654,523.23453748,352.53692690,151.76379042,55.12514438,17.55247088,14.27947478,4.82550778,2.39400962,1.30797552,0.39288454,1.42901066,795.39421738,670.96453159,460.99352787,364.69447263,182.26159121,66.32077642,15.82091644,10.02246087,4.75506510,3.61913083,2.39400962,0.43555585,0.39288454
795.39421738,670.96453159,460.99352787,364.69447263,182.26159121,66.32077642,15.82091644,10.02246087,4.75506510,3.61913083,2.39400962,0.43555585,0.39288454,865.65122227,707.10545925,424.72054849,321.31248892,188.54704235,79.64831536,19.03406283,9.03374329,3.33747947,3.56629883,3.61913083,0.79720520,0.43555585
865.65122227,707.10545925,424.72054849,321.31248892,188.54704235,79.64831536,19.03406283,9.03374329,3.33747947,3.56629883,3.61913083,0.79720520,0.43555585,896.23730613,769.56393659,447.59775571,296.03022230,166.11855677,82.39505751,22.85906651,10.86844988,3.00823651,2.50310960,3.56629883,1.20517057,0.79720520
896.23730613,769.56393659,447.59775571,296.03022230,166.11855677,82.39505751,22.85906651,10.86844988,3.00823651,2.50310960,3.56629883,1.20517057,0.79720520,862.79988172,796.75496515,487.13397186,311.97563573,153.04762493,72.59380931,23.64738150,13.05252698,3.61919381,2.25617739,2.50310960,1.18757751,1.20517057
862.79988172,796.75496515,487.13397186,311.97563573,153.04762493,72.59380931,23.64738150,13.05252698,3.61919381,2.25617739,2.50310960,1.18757751,1.20517057,823.14173825,767.02909485,504.34589294,339.53237839,161.29140367,66.88181209,20.83442327,13.50265484,4.34649148,2.71439536,2.25617739,0.83353550,1.18757751
823.14173825,767.02909485,504.34589294,339.53237839,161.29140367,66.88181209,20.83442327,13.50265484,4.34649148,2.71439536,2.25617739,0.83353550,1.18757751,826.49724881,731.77300530,485.52941704,351.52908738,175.53823963,70.48434340,19.19508007,11.89645569,4.49638406,3.25986861,2.71439536,0.75130707,0.83353550
826.49724881,731.77300530,485.52941704,351.52908738,175.53823963,70.48434340,19.19508007,11.89645569,4.49638406,3.25986861,2.71439536,0.75130707,0.83353550,857.91356760,734.75605419,463.21231236,338.41400368,181.74053818,76.71021072,20.22900656,10.96039072,3.96151974,3.37228805,3.25986861,0.90389365,0.75130707
857.91356760,734.75605419,463.21231236,338.41400368,181.74053818,76.71021072,20.22900656,10.96039072,3.96151974,3.37228805,3.25986861,0.90389365,0.75130707,879.48491493,762.68516159,465.10058231,322.85898171,174.96003990,79.42061518,22.01583048,11.55076274,3.64981011,2.97113981,3.37228805,1.08553625,0.90389365
879.48491493,762.68516159,465.10058231,322.85898171,174.96003990,79.42061518,22.01583048,11.55076274,3.64981011,2.97113981,3.37228805,1.08553625,0.90389365,871.87903018,781.86208937,482.77970729,324.17510587,166.91809355,76.45753744,22.79371656,12.57103920,3.84640399,2.73735758,2.97113981,1.12297192,1.08553625
871.87903018,781.86208937,482.77970729,324.17510587,166.91809355,76.45753744,22.79371656,12.57103920,3.84640399,2.73735758,2.97113981,1.12297192,1.08553625,852.22595966,775.10045783,494.91870257,336.49745598,167.59852973,72.94320688,21.94331324,13.01521215,4.18615605,2.88480300,2.73735758,0.98938956,1.12297192
852.22595966,775.10045783,494.91870257,336.49745598,167.59852973,72.94320688,21.94331324,13.01521215,4.18615605,2.88480300,2.73735758,0.98938956,1.12297192,847.16578744,757.62887814,490.63858981,344.95833569,173.96918474,73.24055749,20.93470037,12.52963186,4.33406565,3.13961704,2.88480300,0.91154007,0.98938956
1262.17133915,711.92919658,509.62782581,157.14194264,165.53322379,44.56604663,26.71130022,3.52112891,3.45368655,3.73014735,2.39195852,0.03327469,0.03547349,725.99252541,1122.07032050,450.65118144,355.21059459,81.24238435,72.33801880,12.79045538,15.25215243,1.17253593,2.59026491,3.73014735,0.79652219,0.03327469
725.99252541,1122.07032050,450.65118144,355.21059459,81.24238435,72.33801880,12.79045538,15.25215243,1.17253593,2.59026491,3.73014735,0.79652219,0.03327469,627.89611609,645.40735509,710.27051288,314.10387346,183.64387740,35.50292196,20.76101140,7.30335002,5.07896676,0.87940195,2.59026491,1.24213907,0.79652219
627.89611609,645.40735509,710.27051288,314.10387346,183.64387740,35.50292196,20.76101140,7.30335002,5.07896676,0.87940195,2.59026491,1.24213907,0.79652219,753.78699125,558.19964720,408.54285577,495.05854748,162.39170258,80.25237443,10.18933860,11.85453751,2.43201556,3.80922507,0.87940195,0.86255822,1.24213907
753.78699125,558.19964720,408.54285577,495.05854748,162.39170258,80.25237443,10.18933860,11.85453751,2.43201556,3.80922507,0.87940195,0.86255822,1.24213907,942.58232789,670.11663522,353.34037668,284.75437047,255.94526905,70.96517403,23.03243146,5.81811234,3.94756099,1.82401167,3.80922507,0.29284085,0.86255822
942.58232789,670.11663522,353.34037668,284.75437047,255.94526905,70.96517403,23.03243146,5.81811234,3.94756099,1.82401167,3.80922507,0.29284085,0.86255822,961.53421506,837.95568950,424.18383010,246.27824255,147.21800953,111.84808257,20.36700495,13.15151836,1.93743141,2.96067074,1.82401167,1.26847195,0.29284085
961.53421506,837.95568950,424.18383010,246.27824255,147.21800953,111.84808257,20.36700495,13.15151836,1.93743141,2.96067074,1.82401167,1.26847195,0.29284085,847.94027921,854.80391718,530.42595145,295.65612958,127.32585140,64.33427017,32.10039970,11.62955982,4.37945562,1.45307356,2.96067074,0.60739589,1.26847195
847.94027921,854.80391718,530.42595145,295.65612958,127.32585140,64.33427017,32.10039970,11.62955982,4.37945562,1.45307356,2.96067074,0.60739589,1.26847195,766.65691623,753.81890822,541.09087958,369.70688816,152.85421899,55.64139706,18.46393554,18.32932823,3.87264342,3.28459171,1.45307356,0.98590336,0.60739589
766.65691623,753.81890822,541.09087958,369.70688816,152.85421899,55.64139706,18.46393554,18.32932823,3.87264342,3.28459171,1.45307356,0.98590336,0.60739589,801.81678639,681.55799853,477.16736890,377.14034307,191.13846118,66.79729370,15.96908096,10.54290719,6.10366630,2.90448257,3.28459171,0.48387349,0.98590336
801.81678639,681.55799853,477.16736890,377.14034307,191.13846118,66.79729370,15.96908096,10.54290719,6.10366630,2.90448257,3.28459171,0.48387349,0.98590336,887.54312856,712.81512310,431.42621307,332.58565612,194.98155736,83.52750754,19.17082329,9.11834523,3.51078809,4.57774972,2.90448257,1.09376904,0.48387349
887.54312856,712.81512310,431.42621307,332.58565612,194.98155736,83.52750754,19.17082329,9.11834523,3.51078809,4.57774972,2.90448257,1.09376904,0.48387349,911.81239958,789.02584129,451.21197292,300.70407051,171.94678422,85.20694057,23.97239466,10.94654010,3.03640896,2.63309107,4.57774972,0.96719269,1.09376904
911.81239958,789.02584129,451.21197292,300.70407051,171.94678422,85.20694057,23.97239466,10.94654010,3.03640896,2.63309107,4.57774972,0.96719269,1.09376904,878.44573960,810.60122323,499.45335753,314.49474513,155.46400445,75.14074470,24.45439194,13.68823735,3.64519785,2.27730672,2.63309107,1.52439066,0.96719269
878.44573960,810.60122323,499.45335753,314.49474513,155.46400445,75.14074470,24.45439194,13.68823735,3.64519785,2.27730672,2.63309107,1.52439066,0.96719269,827.68937945,780.93826250,513.11057430,348.11899020,162.59378323,67.93776995,21.56539373,13.96345780,4.55818304,2.73389839,2.27730672,0.87681933,1.52439066
827.68937945,780.93826250,513.11057430,348.11899020,162.59378323,67.93776995,21.56539373,13.96345780,4.55818304,2.73389839,2.27730672,0.87681933,1.52439066,832.62243794,735.81585833,494.33392016,357.63807029,179.97751793,71.05348327,19.49813997,12.31383982,4.64983145,3.41863728,2.73389839,0.75834314,0.87681933
832.62243794,735.81585833,494.33392016,357.63807029,179.97751793,71.05348327,19.49813997,12.31383982,4.64983145,3.41863728,2.73389839,0.75834314,0.87681933,864.23906611,740.20134733,465.77143832,344.55074235,184.89888234,78.65017534,20.39234970,11.13343793,4.10050866,3.48737359,3.41863728,0.91038816,0.75834314
864.23906611,740.20134733,465.77143832,344.55074235,184.89888234,78.65017534,20.39234970,11.13343793,4.10050866,3.48737359,3.41863728,0.91038816,0.75834314,887.23698966,768.30852977,468.54745286,324.64269251,178.13273380,80.80081158,22.57260032,11.64403168,3.70743483,3.07538149,3.48737359,1.13840621,0.91038816
887.23698966,768.30852977,468.54745286,324.64269251,178.13273380,80.80081158,22.57260032,11.64403168,3.70743483,3.07538149,3.48737359,1.13840621,0.91038816,878.17359876,788.75368380,486.33929934,326.57757464,167.84027203,77.84400467,23.18983292,12.88895478,3.87746255,2.78057612,3.07538149,1.16129540,1.13840621
878.17359876,788.75368380,486.33929934,326.57757464,167.84027203,77.84400467,23.18983292,12.88895478,3.87746255,2.78057612,3.07538149,1.16129540,1.13840621,856.56521519,780.69632930,499.28108185,338.97849164,168.84060609,73.34619888,22.34122934,13.24139460,4.29202194,2.90809691,2.78057612,1.02410204,1.16129540
856.56521519,780.69632930,499.28108185,338.97849164,168.84060609,73.34619888,22.34122934,13.24139460,4.29202194,2.90809691,2.78057612,1.02410204,1.16129540,849.54306814,761.48647631,494.18077645,347.99891405,175.25188018,73.78334486,21.05035908,12.75684195,4.40938440,3.21901646,2.90809691,0.92593185,1.02410204
849.54306814,761.48647631,494.18077645,347.99891405,175.25188018,73.78334486,21.05035908,12.75684195,4.40938440,3.21901646,2.90809691,0.92593185,1.02410204,861.60185114,755.24378757,482.02093950,344.44400118,179.91543856,76.58507164,21.17581998,12.01975503,4.24802837,3.30703830,3.21901646,0.96839627,0.92593185
861.60185114,755.24378757,482.02093950,344.44400118,179.91543856,76.58507164,21.17581998,12.01975503,4.24802837,3.30703830,3.21901646,0.96839627,0.92593185,874.75545472,765.96404567,478.06931753,335.96859483,178.07754861,78.62304665,21.97991556,12.09139321,4.00257843,3.18602128,3.30703830,1.07193248,0.96839627
117.44866455,42.10322308,275.31163464,334.22933295,10.47877514,61.97378900,0.11875415,16.65371202,5.19546147,1.74036688,3.93342031,1.98581284,1.83395494,627.17797528,104.41186278,26.65134021,191.89220935,172.79656514,4.57922474,17.78647744,0.06780862,5.54568610,3.89659610,1.74036688,1.30982896,1.98581284
627.17797528,104.41186278,26.65134021,191.89220935,172.79656514,4.57922474,17.78647744,0.06780862,5.54568610,3.89659610,1.74036688,1.30982896,1.98581284,330.84303244,557.56122003,66.09270914,18.57598413,99.20827223,75.51209896,1.31423750,10.15607862,0.02258027,4.15926458,3.89659610,0.57954217,1.30982896
330.84303244,557.56122003,66.09270914,18.57598413,99.20827223,75.51209896,1.31423750,10.15607862,0.02258027,4.15926458,3.89659610,0.57954217,1.30982896,540.90623934,294.11945584,352.93625228,46.06661827,9.60378379,43.35401497,21.67197240,0.75042961,3.38197418,0.01693520,4.15926458,1.29756650,0.57954217
540.90623934,294.11945584,352.93625228,46.06661827,9.60378379,43.35401497,21.67197240,0.75042961,3.38197418,0.01693520,4.15926458,1.29756650,0.57954217,382.76927560,480.86564678,186.17761554,245.99656784,23.81644165,4.19685352,12.44260230,12.37469624,0.24989306,2.53648064,0.01693520,1.38503510,1.29756650
382.76927560,480.86564678,186.17761554,245.99656784,23.81644165,4.19685352,12.44260230,12.37469624,0.24989306,2.53648064,0.01693520,1.38503510,1.29756650,476.69234320,340.28188601,304.38795441,129.76579803,127.18022557,10.40778500,1.20449696,7.10472591,4.12077385,0.18741980,2.53648064,0.00563942,1.38503510
476.69234320,340.28188601,304.38795441,129.76579803,127.18022557,10.40778500,1.20449696,7.10472591,4.12077385,0.18741980,2.53648064,0.00563942,1.38503510,528.16126582,423.77949310,215.39843384,212.15840422,67.08891758,55.57775857,2.98703429,0.68776776,2.36587373,3.09058039,0.18741980,0.84464805,0.00563942
528.16126582,423.77949310,215.39843384,212.15840422,67.08891758,55.57775857,2.98703429,0.68776776,2.36587373,3.09058039,0.18741980,0.84464805,0.00563942,566.11260109,469.53536531,268.25241913,150.13270839,109.68589498,29.31785698,15.95081671,1.70559658,0.22902667,1.77440530,3.09058039,0.06241079,0.84464805
566.11260109,469.53536531,268.25241913,150.13270839,109.68589498,29.31785698,15.95081671,1.70559658,0.22902667,1.77440530,3.09058039,0.06241079,0.84464805,605.37796415,503.27410237,297.21588624,186.97193614,77.61861024,47.93273611,8.41422495,9.10791634,0.56796366,0.17177000,1.77440530,1.02916327,0.06241079
605.37796415,503.27410237,297.21588624,186.97193614,77.61861024,47.93273611,8.41422495,9.10791634,0.56796366,0.17177000,1.77440530,1.02916327,0.06241079,626.43677768,538.18101013,318.57250680,207.15947271,96.66449098,33.91933267,13.75669526,4.80452245,3.03293614,0.42597275,0.17177000,0.59087696,1.02916327
626.43677768,538.18101013,318.57250680,207.15947271,96.66449098,33.91933267,13.75669526,4.80452245,3.03293614,0.42597275,0.17177000,0.59087696,1.02916327,637.43272951,556.90229536,340.66857941,222.04503724,107.10144739,42.24238256,9.73484848,7.85507300,1.59990598,2.27470211,0.42597275,0.05719941,0.59087696
637.43272951,556.90229536,340.66857941,222.04503724,107.10144739,42.24238256,9.73484848,7.85507300,1.59990598,2.27470211,0.42597275,0.05719941,0.59087696,674.91725477,566.67769653,352.51915296,237.44599985,114.79728425,46.80333251,12.12356379,5.55859848,2.61573931,1.19992948,2.27470211,0.14184892,0.05719941
674.91725477,566.67769653,352.51915296,237.44599985,114.79728425,46.80333251,12.12356379,5.55859848,2.61573931,1.19992948,2.27470211,0.14184892,0.05719941,708.74914389,600.00143949,358.70698190,245.70584961,122.75958192,50.16641322,13.43255643,6.92255493,1.85101329,1.96180448,1.19992948,0.75747580,0.14184892
708.74914389,600.00143949,358.70698190,245.70584961,122.75958192,50.16641322,13.43255643,6.92255493,1.85101329,1.96180448,1.19992948,0.75747580,0.14184892,730.56995088,630.07798891,379.80091120,250.01876639,127.02992425,53.64593730,14.39776059,7.66998972,2.30521079,1.38825997,1.96180448,0.39957652,0.75747580
730.56995088,630.07798891,379.80091120,250.01876639,127.02992425,53.64593730,14.39776059,7.66998972,2.30521079,1.38825997,1.96180448,0.39957652,0.75747580,750.51110189,649.47668633,398.83936698,264.72123510,129.25970222,55.51207690,15.39638401,8.22112130,2.55410658,1.72890809,1.38825997,0.65328089,0.39957652
750.51110189,649.47668633,398.83936698,264.72123510,129.25970222,55.51207690,15.39638401,8.22112130,2.55410658,1.72890809,1.38825997,0.65328089,0.39957652,752.94166415,667.20436958,411.11874245,277.99103879,136.86087855,56.48648987,15.93196607,8.79133527,2.73763339,1.91557993,1.72890809,0.46229057,0.65328089
752.94166415,667.20436958,411.11874245,277.99103879,136.86087855,56.48648987,15.93196607,8.79133527,2.73763339,1.91557993,1.72890809,0.46229057,0.65328089,769.36282735,669.36513943,422.34036594,286.54976349,143.72136705,59.80820393,16.21162259,9.09715263,2.92751464,2.05322504,1.91557993,0.57572639,0.46229057
769.36282735,669.36513943,422.34036594,286.54976349,143.72136705,59.80820393,16.21162259,9.09715263,2.92751464,2.05322504,1.91557993,0.57572639,0.46229057,786.97907399,683.96355352,423.70813326,294.37123506,148.14622772,62.80623740,17.16495453,9.25683650,3.02935182,2.19563598,2.05322504,0.63788812,0.57572639
786.97907399,683.96355352,423.70813326,294.37123506,148.14622772,62.80623740,17.16495453,9.25683650,3.02935182,2.19563598,2.05322504,0.63788812,0.57572639,802.10340712,699.62439677,432.94892938,295.32456888,152.18992853,64.73990151,18.02539013,9.80118903,3.08252655,2.27201387,2.19563598,0.68372394,0.63788812
802.10340712,699.62439677,432.94892938,295.32456888,152.18992853,64.73990151,18.02539013,9.80118903,3.08252655,2.27201387,2.19563598,0.68372394,0.63788812,809.97419052,713.06992893,442.86224316,301.76540378,152.68280211,66.50699877,18.58035173,10.29249777,3.26379595,2.31189492,2.27201387,0.73114678,0.68372394
809.97419052,713.06992893,442.86224316,301.76540378,152.68280211,66.50699877,18.58035173,10.29249777,3.26379595,2.31189492,2.27201387,0.73114678,0.68372394,814.14382930,720.06705538,451.37326501,308.67498348,156.01271375,66.72238452,19.08750865,10.60938084,3.42740176,2.44784696,2.31189492,0.75658062,0.73114678
315.23652067,839.64316603,56.70923763,300.11498448,62.64727084,119.58876718,34.28453138,1.09790547,1.99820426,4.37024130,1.76471673,1.66948254,0.33009750,897.53396287,280.24526688,531.49412410,39.52633863,155.15944697,27.37685736,34.32197618,19.57646742,0.36560252,1.49865320,4.37024130,0.58765067,1.66948254
897.53396287,280.24526688,531.49412410,39.52633863,155.15944697,27.37685736,34.32197618,19.57646742,0.36560252,1.49865320,4.37024130,0.58765067,1.66948254,878.47993854,797.90769299,177.39525393,370.45140449,20.43511707,67.80467833,7.85715806,19.59784840,6.51896365,0.27420189,1.49865320,1.45529035,0.58765067
878.47993854,797.90769299,177.39525393,370.45140449,20.43511707,67.80467833,7.85715806,19.59784840,6.51896365,0.27420189,1.49865320,1.45529035,0.58765067,736.90356354,780.96866536,505.07556966,123.64449199,191.52337612,8.93014616,19.45994268,4.48643725,6.52608352,4.88922274,0.27420189,0.49905151,1.45529035
736.90356354,780.96866536,505.07556966,123.64449199,191.52337612,8.93014616,19.45994268,4.48643725,6.52608352,4.88922274,0.27420189,0.49905151,1.45529035,658.70660096,655.10726799,494.35316517,352.03767205,63.92420236,83.69571537,2.56295195,11.11162727,1.49398361,4.89456264,4.88922274,0.09130923,0.49905151
658.70660096,655.10726799,494.35316517,352.03767205,63.92420236,83.69571537,2.56295195,11.11162727,1.49398361,4.89456264,4.88922274,0.09130923,0.49905151,768.25460506,585.59016825,414.68290064,344.56415613,182.00347645,27.93487643,24.02067031,1.46344556,3.70017188,1.12048770,4.89456264,1.62811117,0.09130923
768.25460506,585.59016825,414.68290064,344.56415613,182.00347645,27.93487643,24.02067031,1.46344556,3.70017188,1.12048770,4.89456264,1.62811117,0.09130923,832.91928672,682.97834390,370.67857650,289.03398174,178.13966872,79.53551921,8.01730954,13.71580275,0.48732737,2.77512891,1.12048770,1.62988936,1.62811117
832.91928672,682.97834390,370.67857650,289.03398174,178.13966872,79.53551921,8.01730954,13.71580275,0.48732737,2.77512891,1.12048770,1.62988936,1.62811117,875.96142432,740.46524589,432.32529169,258.36296782,149.43056856,77.84703523,22.82669401,4.57788374,4.56736231,0.36549553,2.77512891,0.37312241,1.62988936
875.96142432,740.46524589,432.32529169,258.36296782,149.43056856,77.84703523,22.82669401,4.57788374,4.56736231,0.36549553,2.77512891,0.37312241,1.62988936,811.40614708,778.72970622,468.71450065,301.33072831,133.57365436,65.30115846,22.34209911,13.03404228,1.52443529,3.42552174,0.36549553,0.92411793,0.37312241
811.40614708,778.72970622,468.71450065,301.33072831,133.57365436,65.30115846,22.34209911,13.03404228,1.52443529,3.42552174,0.36549553,0.92411793,0.37312241,762.91204556,721.34006475,492.93590404,326.69400695,155.78798653,58.37168696,18.74143248,12.75733859,4.34033608,1.14332647,3.42552174,0.12171001,0.92411793
762.91204556,721.34006475,492.93590404,326.69400695,155.78798653,58.37168696,18.74143248,12.75733859,4.34033608,1.14332647,3.42552174,0.12171001,0.92411793,805.37418998,678.22880850,456.60826099,343.57632512,168.90080160,68.07935012,16.75267416,10.70135795,4.24819375,3.25525206,1.14332647,1.14069874,0.12171001
805.37418998,678.22880850,456.60826099,343.57632512,168.90080160,68.07935012,16.75267416,10.70135795,4.24819375,3.25525206,1.14332647,1.14069874,0.12171001,845.20200753,715.97765489,429.31883578,318.25595791,177.62896008,73.80965030,19.53877348,9.56577694,3.56355220,3.18614531,3.25525206,0.38072771,1.14069874
845.20200753,715.97765489,429.31883578,318.25595791,177.62896008,73.80965030,19.53877348,9.56577694,3.56355220,3.18614531,3.25525206,0.38072771,1.14069874,874.34368178,751.38458469,453.21385555,299.23522854,164.53833024,77.62385556,21.18336964,11.15663966,3.18540372,2.67266415,3.18614531,1.08399894,0.38072771
874.34368178,751.38458469,453.21385555,299.23522854,164.53833024,77.62385556,21.18336964,11.15663966,3.18540372,2.67266415,3.18614531,1.08399894,0.38072771,847.74153992,777.29153310,475.62644211,315.89005732,154.70461315,71.90325031,22.27804654,12.09570406,3.71516101,2.38905279,2.67266415,1.06098639,1.08399894
847.74153992,777.29153310,475.62644211,315.89005732,154.70461315,71.90325031,22.27804654,12.09570406,3.71516101,2.38905279,2.67266415,1.06098639,1.08399894,827.23118500,753.64222899,492.02554045,331.51163015,163.31515963,67.60591595,20.63623284,12.72076458,4.02786945,2.78637075,2.38905279,0.88999716,1.06098639
827.23118500,753.64222899,492.02554045,331.51163015,163.31515963,67.60591595,20.63623284,12.72076458,4.02786945,2.78637075,2.38905279,0.88999716,1.06098639,832.24225711,735.40852347,477.05553095,342.94180170,171.39151279,71.36872476,19.40289788,11.78328895,4.23601460,3.02090209,2.78637075,0.79555458,0.88999716
832.24225711,735.40852347,477.05553095,342.94180170,171.39151279,71.36872476,19.40289788,11.78328895,4.23601460,3.02090209,2.78637075,0.79555458,0.88999716,854.66224016,739.86336657,465.51359536,332.50770507,177.30091148,74.89809109,20.48282401,11.07905469,3.92383522,3.17701095,3.02090209,0.92786146,0.79555458
854.66224016,739.86336657,465.51359536,332.50770507,177.30091148,74.89809109,20.48282401,11.07905469,3.92383522,3.17701095,3.02090209,0.92786146,0.79555458,867.37023433,759.79473150,468.33351104,324.46297596,171.90648352,77.48049832,21.49575214,11.69569251,3.68932521,2.94287642,3.17701095,1.00596040,0.92786146
867.37023433,759.79473150,468.33351104,324.46297596,171.90648352,77.48049832,21.49575214,11.69569251,3.68932521,2.94287642,3.17701095,1.00596040,0.92786146,863.47597396,771.09213832,480.95006504,326.42845719,167.74735857,75.12313330,22.23690302,12.27407447,3.89466560,2.76699391,2.94287642,1.05794465,1.00596040
863.47597396,771.09213832,480.95006504,326.42845719,167.74735857,75.12313330,22.23690302,12.27407447,3.89466560,2.76699391,2.94287642,1.05794465,1.00596040,851.70605177,767.63014085,488.10132356,335.22219533,168.76351237,73.30559570,21.56033926,12.69727162,4.08726680,2.92099920,2.76699391,0.97997785,1.05794465
851.70605177,767.63014085,488.10132356,335.22219533,168.76351237,73.30559570,21.56033926,12.69727162,4.08726680,2.92099920,2.76699391,0.97997785,1.05794465,850.26729253,757.16668003,485.90987916,340.20662252,173.30987499,73.74965491,21.03870596,12.31095372,4.22819145,3.06545010,2.92099920,0.92140897,0.97997785
1065.13540754,205.75250336,665.97427404,248.63914236,184.01956866,16.98047262,7.83025200,19.23506606,3.75600100,1.09628673,4.55640741,0.37392798,1.53484520,925.75587442,946.90537730,130.24133463,464.18406901,128.54643660,80.41655150,4.87339564,4.47107389,6.40527700,2.81700075,1.09628673,1.51728367,0.37392798
925.75587442,946.90537730,130.24133463,464.18406901,128.54643660,80.41655150,4.87339564,4.47107389,6.40527700,2.81700075,1.09628673,1.51728367,0.37392798,778.76228547,822.99697236,599.39110383,90.77821023,239.98316368,56.17479280,23.07955028,2.78270891,1.48886761,4.80395775,2.81700075,0.36506348,1.51728367
778.76228547,822.99697236,599.39110383,90.77821023,239.98316368,56.17479280,23.07955028,2.78270891,1.48886761,4.80395775,2.81700075,0.36506348,1.51728367,752.45779328,692.31967179,520.95708350,417.77559937,46.93233469,104.87264253,16.12216553,13.17842321,0.92664207,1.11665070,4.80395775,0.93806125,0.36506348
752.45779328,692.31967179,520.95708350,417.77559937,46.93233469,104.87264253,16.12216553,13.17842321,0.92664207,1.11665070,4.80395775,0.93806125,0.36506348,809.67395459,668.93497823,438.23835224,363.10708720,215.98998488,20.50943026,30.09844841,9.20575652,4.38841493,0.69498155,1.11665070,1.59971793,0.93806125
809.67395459,668.93497823,438.23835224,363.10708720,215.98998488,20.50943026,30.09844841,9.20575652,4.38841493,0.69498155,1.11665070,1.59971793,0.93806125,838.50769293,719.80014563,423.43584122,305.45213151,187.72636408,94.38762339,5.88620648,17.18621404,3.06551692,3.29131120,0.69498155,0.37184468,1.59971793
838.50769293,719.80014563,423.43584122,305.45213151,187.72636408,94.38762339,5.88620648,17.18621404,3.06551692,3.29131120,0.69498155,0.37184468,1.59971793,891.73550754,745.43333901,455.63349218,295.13478133,157.91875199,82.03642110,27.08924791,3.36102390,5.72300928,2.29913769,3.29131120,0.23142886,0.37184468
891.73550754,745.43333901,455.63349218,295.13478133,157.91875199,82.03642110,27.08924791,3.36102390,5.72300928,2.29913769,3.29131120,0.23142886,0.37184468,839.22025375,792.75286620,471.85930360,317.57654405,152.58468195,69.01049462,23.54445286,15.46796056,1.11922096,4.29225696,2.29913769,1.09600663,0.23142886
839.22025375,792.75286620,471.85930360,317.57654405,152.58468195,69.01049462,23.54445286,15.46796056,1.11922096,4.29225696,2.29913769,1.09600663,0.23142886,817.04899483,746.06680559,501.81256430,328.88593461,164.18707327,66.67950601,19.80601196,13.44388258,5.15083087,0.83941572,4.29225696,0.76561285,1.09600663
817.04899483,746.06680559,501.81256430,328.88593461,164.18707327,66.67950601,19.80601196,13.44388258,5.15083087,0.83941572,4.29225696,0.76561285,1.09600663,840.56131638,726.35655640,472.26028794,349.76335732,170.03402819,71.74975102,19.13701823,11.30923283,4.47681290,3.86312315,0.83941572,1.42932157,0.76561285
840.56131638,726.35655640,472.26028794,349.76335732,170.03402819,71.74975102,19.13701823,11.30923283,4.47681290,3.86312315,0.83941572,1.42932157,0.76561285,852.97252300,747.25901026,459.78370020,329.16542069,180.82765573,74.30487032,20.59217854,10.92723741,3.76597453,3.35760967,3.86312315,0.27952543,1.42932157
852.97252300,747.25901026,459.78370020,329.16542069,180.82765573,74.30487032,20.59217854,10.92723741,3.76597453,3.35760967,3.86312315,0.27952543,1.42932157,875.98625667,758.29257295,473.01495349,320.46923904,170.17852250,79.02168556,21.32549778,11.75813395,3.63877006,2.82448090,3.35760967,1.28642001,0.27952543
875.98625667,758.29257295,473.01495349,320.46923904,170.17852250,79.02168556,21.32549778,11.75813395,3.63877006,2.82448090,3.35760967,1.28642001,0.27952543,858.40605772,778.75178218,479.99919868,329.69142259,165.68259658,74.36801433,22.67922375,12.17685923,3.91545860,2.72907754,2.82448090,1.11808402,1.28642001
858.40605772,778.75178218,479.99919868,329.69142259,165.68259658,74.36801433,22.67922375,12.17685923,3.91545860,2.72907754,2.82448090,1.11808402,1.28642001,850.15327861,763.12298532,492.94987812,334.55944148,170.45046548,72.40329471,21.34362011,12.94983676,4.05489412,2.93659395,2.72907754,0.94055214,1.11808402
850.15327861,763.12298532,492.94987812,334.55944148,170.45046548,72.40329471,21.34362011,12.94983676,4.05489412,2.93659395,2.72907754,0.94055214,1.11808402,850.91353984,755.78626469,483.05684970,343.58606505,172.96723124,74.48685341,20.77974558,12.18720708,4.31229564,3.04117059,2.93659395,0.90878282,0.94055214
850.91353984,755.78626469,483.05684970,343.58606505,172.96723124,74.48685341,20.77974558,12.18720708,4.31229564,3.04117059,2.93659395,0.90878282,0.94055214,860.24683411,756.46213692,478.41270555,336.69062424,177.63399563,75.58668005,21.37772693,11.86523473,4.05833996,3.23422173,3.04117059,0.97788579,0.90878282
860.24683411,756.46213692,478.41270555,336.69062424,177.63399563,75.58668005,21.37772693,11.86523473,4.05833996,3.23422173,3.04117059,0.97788579,0.90878282,867.50009598,764.75943552,478.84053267,333.45365577,174.06905273,77.62605609,21.69337718,12.20668208,3.95112316,3.04375497,3.23422173,1.01270981,0.97788579
867.50009598,764.75943552,478.84053267,333.45365577,174.06905273,77.62605609,21.69337718,12.20668208,3.95112316,3.04375497,3.23422173,1.01270981,0.97788579,867.45119104,771.20758533,484.09272269,333.75185127,172.39554003,76.06817604,22.27867810,12.38691837,4.06482513,2.96334237,3.04375497,1.07699584,1.01270981
867.45119104,771.20758533,484.09272269,333.75185127,172.39554003,76.06817604,22.27867810,12.38691837,4.06482513,2.96334237,3.04375497,1.07699584,1.01270981,861.06690321,771.16410883,488.17440151,337.41262771,172.54970711,75.33685099,21.83156652,12.72112519,4.12484382,3.04861885,2.96334237,1.01357040,1.07699584
861.06690321,771.16410883,488.17440151,337.41262771,172.54970711,75.33685099,21.83156652,12.72112519,4.12484382,3.04861885,2.96334237,1.01357040,1.07699584,859.74605193,765.48847696,488.14688089,340.25755785,174.44232853,75.40422201,21.62167624,12.46582449,4.23613469,3.09363286,3.04861885,0.98679301,1.01357040
859.74605193,765.48847696,488.14688089,340.25755785,174.44232853,75.40422201,21.62167624,12.46582449,4.23613469,3.09363286,3.04861885,0.98679301,1.01357040,863.10247797,764.31424016,484.55420591,340.23837598,175.91315741,76.23129757,21.64101172,12.34597713,4.15111955,3.17710102,3.09363286,1.01519008,0.98679301
857.10764434,1100.17076908,330.61625739,429.19947289,248.71093095,55.80750715,19.03535544,14.49306071,6.81464249,2.42921227,3.26321970,0.98236410,0.61938274,808.13199194,761.96869582,696.40809683,230.43953140,221.89612748,108.68667683,16.01675455,10.86918796,4.82618922,5.11098187,2.42921227,1.08665216,0.98236410
808.13199194,761.96869582,696.40809683,230.43953140,221.89612748,108.68667683,16.01675455,10.86918796,4.82618922,5.11098187,2.42921227,1.08665216,0.98236410,877.33270009,718.42934083,482.32618445,485.39644349,119.13723773,96.96860771,31.19307625,9.14556685,3.61943959,3.61964191,5.11098187,0.80892768,1.08665216
877.33270009,718.42934083,482.32618445,485.39644349,119.13723773,96.96860771,31.19307625,9.14556685,3.61943959,3.61964191,5.11098187,0.80892768,1.08665216,926.31072192,779.94877038,454.76577275,336.18135056,250.94996128,52.06297289,27.82999041,17.81124654,3.04547376,2.71457969,3.61964191,1.70195696,0.80892768
926.31072192,779.94877038,454.76577275,336.18135056,250.94996128,52.06297289,27.82999041,17.81124654,3.04547376,2.71457969,3.61964191,1.70195696,0.80892768,921.05056729,823.49023178,493.70757165,316.97174360,173.80575824,109.66513308,14.94207322,15.89092453,5.93114510,2.28410532,2.71457969,1.20534076,1.70195696
921.05056729,823.49023178,493.70757165,316.97174360,173.80575824,109.66513308,14.94207322,15.89092453,5.93114510,2.28410532,2.71457969,1.20534076,1.70195696,898.28516667,818.81395432,521.26931672,344.11417744,163.87439144,75.95311635,31.47389319,8.53192381,5.29167787,4.44835882,2.28410532,0.90395504,1.20534076
898.28516667,818.81395432,521.26931672,344.11417744,163.87439144,75.95311635,31.47389319,8.53192381,5.29167787,4.44835882,2.28410532,0.90395504,1.20534076,846.07791865,798.57551317,518.30923309,363.32471375,177.90702974,71.61310906,21.79854439,17.97159301,2.84113063,3.96875840,4.44835882,0.76060707,0.90395504
846.07791865,798.57551317,518.30923309,363.32471375,177.90702974,71.61310906,21.79854439,17.97159301,2.84113063,3.96875840,4.44835882,0.76060707,0.90395504,867.90895512,752.16326968,505.49829984,361.26153546,187.83887701,77.74537199,20.55296230,12.44696885,5.98454047,2.13084797,3.96875840,1.48130349,0.76060707
867.90895512,752.16326968,505.49829984,361.26153546,187.83887701,77.74537199,20.55296230,12.44696885,5.98454047,2.13084797,3.96875840,1.48130349,0.76060707,890.24446826,771.57106110,476.11934971,352.33231499,186.77221383,82.08558925,22.31292176,11.73574147,4.14484063,4.48840536,2.13084797,1.32159655,1.48130349
890.24446826,771.57106110,476.11934971,352.33231499,186.77221383,82.08558925,22.31292176,11.73574147,4.14484063,4.48840536,2.13084797,1.32159655,1.48130349,895.77984856,791.42733228,488.40448168,331.85518674,182.15580685,81.61945745,23.55856412,12.74067833,3.90800191,3.10863047,4.48840536,0.70957237,1.32159655
895.77984856,791.42733228,488.40448168,331.85518674,182.15580685,81.61945745,23.55856412,12.74067833,3.90800191,3.10863047,4.48840536,0.70957237,1.32159655,885.32385045,796.34828537,500.97350133,340.41792373,171.56913155,79.60208759,23.42478429,13.45194011,4.24264588,2.93100143,3.10863047,1.49463898,0.70957237
885.32385045,796.34828537,500.97350133,340.41792373,171.56913155,79.60208759,23.42478429,13.45194011,4.24264588,2.93100143,3.10863047,1.49463898,0.70957237,860.99311769,787.05290305,504.08846464,349.17853043,175.99606657,74.97571049,22.84579914,13.37555183,4.47949606,3.18198441,2.93100143,1.03517395,1.49463898
860.99311769,787.05290305,504.08846464,349.17853043,175.99606657,74.97571049,22.84579914,13.37555183,4.47949606,3.18198441,2.93100143,1.03517395,1.49463898,865.39440226,765.42288162,498.20448763,351.34965985,180.52530023,76.91028109,21.51802891,13.04495131,4.45405876,3.35962204,3.18198441,0.97602348,1.03517395
865.39440226,765.42288162,498.20448763,351.34965985,180.52530023,76.91028109,21.51802891,13.04495131,4.45405876,3.35962204,3.18198441,0.97602348,1.03517395,875.16660907,769.33562361,484.51268407,347.24852788,181.64777414,78.88955620,22.07325067,12.28679451,4.34396879,3.34054407,3.35962204,1.05960081,0.97602348
875.16660907,769.33562361,484.51268407,347.24852788,181.64777414,78.88955620,22.07325067,12.28679451,4.34396879,3.34054407,3.35962204,1.05960081,0.97602348,880.53288603,778.02311546,486.98944975,337.70534080,179.52748891,79.38007730,22.64130263,12.60382613,4.09150257,3.25797659,3.34054407,1.11875414,1.05960081
880.53288603,778.02311546,486.98944975,337.70534080,179.52748891,79.38007730,22.64130263,12.60382613,4.09150257,3.25797659,3.34054407,1.11875414,1.05960081,876.58228801,782.79373568,492.48863209,339.43164647,174.59366119,78.45351266,22.78208219,12.92818380,4.19707410,3.06862693,3.25797659,1.11240117,1.11875414
876.58228801,782.79373568,492.48863209,339.43164647,174.59366119,78.45351266,22.78208219,12.92818380,4.19707410,3.06862693,3.25797659,1.11240117,1.11875414,868.76499096,779.28165404,495.50843469,343.26457657,175.48616123,76.29742994,22.51615813,13.00856893,4.30508521,3.14780558,3.06862693,1.08490620,1.11240117
868.76499096,779.28165404,495.50843469,343.26457657,175.48616123,76.29742994,22.51615813,13.00856893,4.30508521,3.14780558,3.06862693,1.08490620,1.11240117,865.59981964,772.33207697,493.28528701,345.36937898,177.46778608,76.68745246,21.89736239,12.85672629,4.33185345,3.22881390,3.14780558,1.02185277,1.08490620
865.59981964,772.33207697,493.28528701,345.36937898,177.46778608,76.68745246,21.89736239,12.85672629,4.33185345,3.22881390,3.14780558,1.02185277,1.08490620,869.73406918,769.51823966,488.88620472,343.81984504,178.55596893,77.55342252,22.00929885,12.50339393,4.28128986,3.24889009,3.22881390,1.04821926,1.02185277
869.73406918,769.51823966,488.88620472,343.81984504,178.55596893,77.55342252,22.00929885,12.50339393,4.28128986,3.24889009,3.22881390,1.04821926,1.02185277,873.26538906,773.19358750,487.10504571,340.75368469,177.75485989,78.02895842,22.25783226,12.56730965,4.16363018,3.21096739,3.24889009,1.07519503,1.04821926
873.26538906,773.19358750,487.10504571,340.75368469,177.75485989,78.02895842,22.25783226,12.56730965,4.16363018,3.21096739,3.24889009,1.07519503,1.04821926,872.84162887,776.33293087,489.43154089,339.51221686,176.16965498,77.67887377,22.39431107,12.70922222,4.18491411,3.12272263,3.21096739,1.08188040,1.07519503
362.54832000,448.31094942,377.41881679,119.04832918,133.73460931,80.69941778,9.94387801,5.13495410,1.57137200,3.03716314,0.39065744,1.06113800,1.26130715,805.20230589,322.30545648,283.78083098,263.06091530,61.54798619,58.44202427,23.16073290,5.67795435,1.70993971,1.17852900,3.03716314,0.13008893,1.06113800
805.20230589,322.30545648,283.78083098,263.06091530,61.54798619,58.44202427,23.16073290,5.67795435,1.70993971,1.17852900,3.03716314,0.13008893,1.06113800,765.76042834,715.82484994,204.01935395,197.79523920,136.00249321,26.89646996,16.77286096,13.22477849,1.89075880,1.28245479,1.17852900,1.01137533,0.13008893
765.76042834,715.82484994,204.01935395,197.79523920,136.00249321,26.89646996,16.77286096,13.22477849,1.89075880,1.28245479,1.17852900,1.01137533,0.13008893,691.21822142,680.76102079,453.11713001,142.20148970,102.26013866,59.43308953,7.71928688,9.57730361,4.40385124,1.41806910,1.28245479,0.39245016,1.01137533
691.21822142,680.76102079,453.11713001,142.20148970,102.26013866,59.43308953,7.71928688,9.57730361,4.40385124,1.41806910,1.28245479,0.39245016,1.01137533,666.87197283,614.49299884,430.92172616,315.82263962,73.51817018,44.68768060,17.05729670,4.40771281,3.18924210,3.30288843,1.41806910,0.42705744,0.39245016
666.87197283,614.49299884,430.92172616,315.82263962,73.51817018,44.68768060,17.05729670,4.40771281,3.18924210,3.30288843,1.41806910,0.42705744,0.39245016,692.86187177,592.84918385,388.97406827,300.35244313,163.28030468,32.12744037,12.82536433,9.73971641,1.46776837,2.39193158,3.30288843,0.47221701,0.42705744
692.86187177,592.84918385,388.97406827,300.35244313,163.28030468,32.12744037,12.82536433,9.73971641,1.46776837,2.39193158,3.30288843,0.47221701,0.42705744,786.71052908,615.95420400,375.27353338,271.11492558,155.28221310,71.35349315,9.22057539,7.32328303,3.24332557,1.10082627,2.39193158,1.09986185,0.47221701
786.71052908,615.95420400,375.27353338,271.11492558,155.28221310,71.35349315,9.22057539,7.32328303,3.24332557,1.10082627,2.39193158,1.09986185,0.47221701,827.34924173,699.38566035,389.89901113,261.56565276,140.16641653,67.85832712,20.47845253,5.26494855,2.43865325,2.43249417,1.10082627,0.79651322,1.09986185
827.34924173,699.38566035,389.89901113,261.56565276,140.16641653,67.85832712,20.47845253,5.26494855,2.43865325,2.43249417,1.10082627,0.79651322,1.09986185,789.85127751,735.51347590,442.71112300,271.75961076,135.22944248,61.25272402,19.47533988,11.69319640,1.75322787,1.82898994,2.43249417,0.36657515,0.79651322
789.85127751,735.51347590,442.71112300,271.75961076,135.22944248,61.25272402,19.47533988,11.69319640,1.75322787,1.82898994,2.43249417,0.36657515,0.79651322,767.54360060,702.17778571,465.58003024,308.56965273,140.49971876,59.09526636,17.57953179,11.12041907,3.89383440,1.31492090,1.82898994,0.81002056,0.36657515
767.54360060,702.17778571,465.58003024,308.56965273,140.49971876,59.09526636,17.57953179,11.12041907,3.89383440,1.31492090,1.82898994,0.81002056,0.36657515,777.84812494,682.34626094,444.47853835,324.50928108,159.53051046,61.39837710,16.96034145,10.03791265,3.70309955,2.92037580,1.31492090,0.60905365,0.81002056
777.84812494,682.34626094,444.47853835,324.50928108,159.53051046,61.39837710,16.96034145,10.03791265,3.70309955,2.92037580,1.31492090,0.60905365,0.81002056,819.57383128,691.50698307,431.92518317,309.80154123,167.77129832,69.71483307,17.62133423,9.68435497,3.34262491,2.77732466,2.92037580,0.43786866,0.60905365
819.57383128,691.50698307,431.92518317,309.80154123,167.77129832,69.71483307,17.62133423,9.68435497,3.34262491,2.77732466,2.92037580,0.43786866,0.60905365,847.48390576,728.60113601,437.72392028,301.05185267,160.16739682,73.31605737,20.00815709,10.06178184,3.22489020,2.50696869,2.77732466,0.97248514,0.43786866
847.48390576,728.60113601,437.72392028,301.05185267,160.16739682,73.31605737,20.00815709,10.06178184,3.22489020,2.50696869,2.77732466,0.97248514,0.43786866,836.99608716,753.41319222,461.20451909,305.09357244,155.64380783,69.99315241,21.04170846,11.42465770,3.35057335,2.41866765,2.50696869,0.92484911,0.97248514
836.99608716,753.41319222,461.20451909,305.09357244,155.64380783,69.99315241,21.04170846,11.42465770,3.35057335,2.41866765,2.50696869,0.92484911,0.97248514,823.98186914,744.08952149,476.91055068,321.45954981,157.73337695,68.01634402,20.08803474,12.01481553,3.80441101,2.51293002,2.41866765,0.83482057,0.92484911
823.98186914,744.08952149,476.91055068,321.45954981,157.73337695,68.01634402,20.08803474,12.01481553,3.80441101,2.51293002,2.41866765,0.83482057,0.92484911,825.07158946,732.51988167,471.00866710,332.40665382,166.19458725,68.92948573,19.52069073,11.47026784,4.00093357,2.85330826,2.51293002,0.80541633,0.83482057
825.07158946,732.51988167,471.00866710,332.40665382,166.19458725,68.92948573,19.52069073,11.47026784,4.00093357,2.85330826,2.51293002,0.80541633,0.83482057,840.87946061,733.48864303,463.68508509,328.29304097,171.85424003,72.62703463,19.78276240,11.14631441,3.81959919,3.00070018,2.85330826,0.83680570,0.80541633
840.87946061,733.48864303,463.68508509,328.29304097,171.85424003,72.62703463,19.78276240,11.14631441,3.81959919,3.00070018,2.85330826,0.83680570,0.80541633,855.69839388,747.54184048,464.29831104,323.18850431,169.72750218,75.10030289,20.84395894,11.29595733,3.71172270,2.86469939,3.00070018,0.95015165,0.83680570
855.69839388,747.54184048,464.29831104,323.18850431,169.72750218,75.10030289,20.84395894,11.29595733,3.71172270,2.86469939,3.00070018,0.95015165,0.83680570,856.48114966,760.71587216,473.19398502,323.61592279,167.08845673,74.17091845,21.55378693,11.90190055,3.76155379,2.78379202,2.86469939,0.99923316,0.95015165
856.48114966,760.71587216,473.19398502,323.61592279,167.08845673,74.17091845,21.55378693,11.90190055,3.76155379,2.78379202,2.86469939,0.99923316,0.95015165,849.59625827,761.41174205,481.53314708,329.81620756,167.30943209,73.01765559,21.28705360,12.30721234,3.96333288,2.82116534,2.78379202,0.95394490,0.99923316
849.59625827,761.41174205,481.53314708,329.81620756,167.30943209,73.01765559,21.28705360,12.30721234,3.96333288,2.82116534,2.78379202,0.95394490,0.99923316,847.72478049,755.29107360,481.97363272,335.62860351,170.51497931,73.11422182,20.95606715,12.15490760,4.09830171,2.97249966,2.82116534,0.92700274,0.95394490
483.93956376,602.88793673,298.09553758,208.53128515,203.68489777,72.38083240,32.71029414,1.87302649,2.26478378,1.34978203,0.07951035,1.44063767,1.69269338,937.97001835,430.22227218,381.62806395,207.77258969,107.81067442,89.01030032,20.77329890,18.67757795,0.62371782,1.69858783,1.34978203,0.02647695,1.44063767
937.97001835,430.22227218,381.62806395,207.77258969,107.81067442,89.01030032,20.77329890,18.67757795,0.62371782,1.69858783,1.34978203,0.02647695,1.44063767,943.31085774,833.85534631,272.33069829,265.99476057,107.41842887,47.11326472,25.54595619,11.86155367,6.21963346,0.46778837,1.69858783,0.44947741,0.02647695
943.31085774,833.85534631,272.33069829,265.99476057,107.41842887,47.11326472,25.54595619,11.86155367,6.21963346,0.46778837,1.69858783,0.44947741,0.02647695,724.87444340,838.60335253,527.83043421,189.81449671,137.51929122,46.94185342,13.52150698,14.58674099,3.94989737,4.66472509,0.46778837,0.56562975,0.44947741
724.87444340,838.60335253,527.83043421,189.81449671,137.51929122,46.94185342,13.52150698,14.58674099,3.94989737,4.66472509,0.46778837,0.56562975,0.44947741,674.17594712,644.41338018,530.83592215,367.89781265,98.13409480,60.09593026,13.47231193,7.72078048,4.85738475,2.96242303,4.66472509,0.15577353,0.56562975
674.17594712,644.41338018,530.83592215,367.89781265,98.13409480,60.09593026,13.47231193,7.72078048,4.85738475,2.96242303,4.66472509,0.15577353,0.56562975,775.34618867,599.34241699,407.91366965,369.99263774,190.20316914,42.88459943,17.24753199,7.69269011,2.57101990,3.64303856,2.96242303,1.55335346,0.15577353
775.34618867,599.34241699,407.91366965,369.99263774,190.20316914,42.88459943,17.24753199,7.69269011,2.57101990,3.64303856,2.96242303,1.55335346,0.15577353,872.39894210,689.28276173,379.38374995,284.31582775,191.28619371,83.11878491,12.30788004,9.84834076,2.56166581,1.92826493,3.64303856,0.98648687,1.55335346
872.39894210,689.28276173,379.38374995,284.31582775,191.28619371,83.11878491,12.30788004,9.84834076,2.56166581,1.92826493,3.64303856,0.98648687,1.55335346,906.72838678,775.56265953,436.31598817,264.43047372,146.99128295,83.59206665,23.85509127,7.02779950,3.27949747,1.92124936,1.92826493,1.21313184,0.98648687
906.72838678,775.56265953,436.31598817,264.43047372,146.99128295,83.59206665,23.85509127,7.02779950,3.27949747,1.92124936,1.92826493,1.21313184,0.98648687,816.11726510,806.08153585,490.93116348,304.11224376,136.71055491,64.23519065,23.99092313,13.62125712,2.34025723,2.45962311,1.92124936,0.64211222,1.21313184
816.11726510,806.08153585,490.93116348,304.11224376,136.71055491,64.23519065,23.99092313,13.62125712,2.34025723,2.45962311,1.92124936,0.64211222,1.21313184,775.43400943,725.52824867,510.24961219,342.17902095,157.22603002,59.74251250,18.43549972,13.69881711,4.53587862,1.75519293,2.45962311,0.63977604,0.64211222
775.43400943,725.52824867,510.24961219,342.17902095,157.22603002,59.74251250,18.43549972,13.69881711,4.53587862,1.75519293,2.45962311,0.63977604,0.64211222,807.35152448,689.36083438,459.25938141,355.64397970,176.90655383,68.70777512,17.14610109,10.52667034,4.56170610,3.40190896,1.75519293,0.81905449,0.63977604
807.35152448,689.36083438,459.25938141,355.64397970,176.90655383,68.70777512,17.14610109,10.52667034,4.56170610,3.40190896,1.75519293,0.81905449,0.63977604,861.73007068,717.73550527,436.36540817,320.10378884,183.86793750,77.30816402,19.71913146,9.79042372,3.50538122,3.42127957,3.40190896,0.58447924,0.81905449
861.73007068,717.73550527,436.36540817,320.10378884,183.86793750,77.30816402,19.71913146,9.79042372,3.50538122,3.42127957,3.40190896,0.58447924,0.81905449,885.51764899,766.07803283,454.32657483,304.14668949,165.49365883,80.35028869,22.18744307,11.25962406,3.26021110,2.62903592,3.42127957,1.13283569,0.58447924
885.51764899,766.07803283,454.32657483,304.14668949,165.49365883,80.35028869,22.18744307,11.25962406,3.26021110,2.62903592,3.42127957,1.13283569,0.58447924,856.37571021,787.22518995,484.92739478,316.66562266,157.24383847,72.32072891,23.06053285,12.66903000,3.74945481,2.44515832,2.62903592,1.13928610,1.13283569
856.37571021,787.22518995,484.92739478,316.66562266,157.24383847,72.32072891,23.06053285,12.66903000,3.74945481,2.44515832,2.62903592,1.13928610,1.13283569,829.75197554,761.31800638,498.31354524,337.99439416,163.71612691,68.71555741,20.75604920,13.16756426,4.21878699,2.81209111,2.44515832,0.87546896,1.13928610
829.75197554,761.31800638,498.31354524,337.99439416,163.71612691,68.71555741,20.75604920,13.16756426,4.21878699,2.81209111,2.44515832,0.87546896,1.13928610,835.30219822,737.64950625,481.91429804,347.32454103,174.74310178,71.54394746,19.72136498,11.85170409,4.38479890,3.16409024,2.81209111,0.81423772,0.87546896
835.30219822,737.64950625,481.91429804,347.32454103,174.74310178,71.54394746,19.72136498,11.85170409,4.38479890,3.16409024,2.81209111,0.81423772,0.87546896,859.14576104,742.58365422,466.93213746,335.89426573,179.56678771,76.36273548,20.53311292,11.26089940,3.94661746,3.28859917,3.16409024,0.93642634,0.81423772
859.14576104,742.58365422,466.93213746,335.89426573,179.56678771,76.36273548,20.53311292,11.26089940,3.94661746,3.28859917,3.16409024,0.93642634,0.81423772,874.02132479,763.78058156,470.05545312,325.45169981,173.65733538,78.47068623,21.91610508,11.72440748,3.74987950,2.95996310,3.28859917,1.05364205,0.93642634
874.02132479,763.78058156,470.05545312,325.45169981,173.65733538,78.47068623,21.91610508,11.72440748,3.74987950,2.95996310,3.28859917,1.05364205,0.93642634,867.86920753,777.00495774,483.47310813,327.62865083,168.25852880,75.88825556,22.52108695,12.51409600,3.90422769,2.81240963,2.95996310,1.09510352,1.05364205
867.86920753,777.00495774,483.47310813,327.62865083,168.25852880,75.88825556,22.52108695,12.51409600,3.90422769,2.81240963,2.95996310,1.09510352,1.05364205,853.67067912,771.53572549,491.84413825,336.98075636,169.38401248,73.52897709,21.77992935,12.85954065,4.16719397,2.92817077,2.81240963,0.98566771,1.09510352
853.67067912,771.53572549,491.84413825,336.98075636,169.38401248,73.52897709,21.77992935,12.85954065,4.16719397,2.92817077,2.81240963,0.98566771,1.09510352,851.36487340,758.91323374,488.38211424,342.81536436,174.21905104,74.02081345,21.10281642,12.43633966,4.28222704,3.12539548,2.92817077,0.93653241,0.98566771
898.20586490,76.67144313,438.59554245,291.47488732,88.60956841,30.61413679,6.11869988,18.73089278,4.00890974,3.18323233,3.57436447,0.51597851,0.42673505,807.76009231,798.50501389,48.53302350,305.70109309,150.69251674,38.72238140,8.78625726,3.49377763,6.23738730,3.00668230,3.18323233,1.19026337,0.51597851
807.76009231,798.50501389,48.53302350,305.70109309,150.69251674,38.72238140,8.78625726,3.49377763,6.23738730,3.00668230,3.18323233,1.19026337,0.51597851,773.32438641,718.09872206,505.45367379,33.82751738,158.04746513,65.85262982,11.11332346,5.01695290,1.16342795,4.67804047,3.00668230,1.06001637,1.19026337
773.32438641,718.09872206,505.45367379,33.82751738,158.04746513,65.85262982,11.11332346,5.01695290,1.16342795,4.67804047,3.00668230,1.06001637,1.19026337,713.90807498,687.48537952,454.55649106,352.30121063,17.48882649,69.06674226,18.89970476,6.34570770,1.67064531,0.87257096,4.67804047,1.00122521,1.06001637
713.90807498,687.48537952,454.55649106,352.30121063,17.48882649,69.06674226,18.89970476,6.34570770,1.67064531,0.87257096,4.67804047,1.00122521,1.06001637,705.12904329,634.66427866,435.17824523,316.82587427,182.13972590,7.64261717,19.82215503,10.79173142,2.11312066,1.25298399,0.87257096,1.55778748,1.00122521
705.12904329,634.66427866,435.17824523,316.82587427,182.13972590,7.64261717,19.82215503,10.79173142,2.11312066,1.25298399,0.87257096,1.55778748,1.00122521,751.35508038,626.85971949,401.74248839,303.31923693,163.79897700,79.59506022,2.19343113,11.31845052,3.59364656,1.58484050,1.25298399,0.29056613,1.55778748
751.35508038,626.85971949,401.74248839,303.31923693,163.79897700,79.59506022,2.19343113,11.31845052,3.59364656,1.58484050,1.25298399,0.29056613,1.55778748,846.34337504,667.95466646,396.80220244,280.01451441,156.81604549,71.58015295,22.84378228,1.25244917,3.76904402,2.69523492,1.58484050,0.41724367,0.29056613
846.34337504,667.95466646,396.80220244,280.01451441,156.81604549,71.58015295,22.84378228,1.25244917,3.76904402,2.69523492,1.58484050,0.41724367,0.29056613,817.16031080,752.39926041,422.81530387,276.57113510,144.76750395,68.52861188,20.54350390,13.04379968,0.41706558,2.82678302,2.69523492,0.52775189,0.41724367
817.16031080,752.39926041,422.81530387,276.57113510,144.76750395,68.52861188,20.54350390,13.04379968,0.41706558,2.82678302,2.69523492,0.52775189,0.41724367,797.38024086,726.45551630,476.26873184,294.70226680,142.98727685,63.26339923,19.66771161,11.73034072,4.34358529,0.31279918,2.82678302,0.89751323,0.52775189
797.38024086,726.45551630,476.26873184,294.70226680,142.98727685,63.26339923,19.66771161,11.73034072,4.34358529,0.31279918,2.82678302,0.89751323,0.52775189,789.82457387,708.87103412,459.84634182,331.95930609,152.36107193,62.48543998,18.15659558,11.23026333,3.90620346,3.25768897,0.31279918,0.94131874,0.89751323
789.82457387,708.87103412,459.84634182,331.95930609,152.36107193,62.48543998,18.15659558,11.23026333,3.90620346,3.25768897,0.31279918,0.94131874,0.89751323,809.62007935,702.15404617,448.71536460,320.51290025,171.62296125,66.58178844,17.93332127,10.36741607,3.73967769,2.92965260,3.25768897,0.10416213,0.94131874
809.62007935,702.15404617,448.71536460,320.51290025,171.62296125,66.58178844,17.93332127,10.36741607,3.73967769,2.92965260,3.25768897,0.10416213,0.94131874,848.67370063,719.75225054,444.46351122,312.75460913,165.70516943,74.99923407,19.10897328,10.23992645,3.45234955,2.80475827,2.92965260,1.08481043,0.10416213
848.67370063,719.75225054,444.46351122,312.75460913,165.70516943,74.99923407,19.10897328,10.23992645,3.45234955,2.80475827,2.92965260,1.08481043,0.10416213,848.57151441,754.47091986,455.60317459,309.79106732,161.69413292,72.41315904,21.52478018,10.91122374,3.40989551,2.58926216,2.80475827,0.97557431,1.08481043
848.57151441,754.47091986,455.60317459,309.79106732,161.69413292,72.41315904,21.52478018,10.91122374,3.40989551,2.58926216,2.80475827,0.97557431,1.08481043,840.96079550,754.38007631,477.58009227,317.55541269,160.16198181,70.66033609,20.78257664,12.29064948,3.63343751,2.55742163,2.58926216,0.93398450,0.97557431
840.96079550,754.38007631,477.58009227,317.55541269,160.16198181,70.66033609,20.78257664,12.29064948,3.63343751,2.55742163,2.58926216,0.93398450,0.97557431,832.57259169,747.61414720,477.52258830,332.87332431,164.17614836,69.99078605,20.27951646,11.86685126,4.09278628,2.72507813,2.55742163,0.86222430,0.93398450
832.57259169,747.61414720,477.52258830,332.87332431,164.17614836,69.99078605,20.27951646,11.86685126,4.09278628,2.72507813,2.55742163,0.86222430,0.93398450,838.75621513,740.15703402,473.23975518,332.83324405,172.09550867,71.74497683,20.08735560,11.57960390,3.95166147,3.06958971,2.72507813,0.85162140,0.86222430
838.75621513,740.15703402,473.23975518,332.83324405,172.09550867,71.74497683,20.08735560,11.57960390,3.95166147,3.06958971,2.72507813,0.85162140,0.86222430,853.04625999,745.65427525,468.51940253,329.84810936,172.07478717,75.20573729,20.59080835,11.46988005,3.85600810,2.96374610,3.06958971,0.90745102,0.85162140
853.04625999,745.65427525,468.51940253,329.84810936,172.07478717,75.20573729,20.59080835,11.46988005,3.85600810,2.96374610,3.06958971,0.90745102,0.85162140,860.97899942,758.35812513,471.99915623,326.55802356,170.53147254,75.19668199,21.58404660,11.75735157,3.81947006,2.89200607,2.96374610,1.02217337,0.90745102
860.97899942,758.35812513,471.99915623,326.55802356,170.53147254,75.19668199,21.58404660,11.75735157,3.81947006,2.89200607,2.96374610,1.02217337,0.90745102,857.06931796,765.41033048,480.04069321,328.98341190,168.83049818,74.52225350,21.58144773,12.32449061,3.91519807,2.86460254,2.89200607,0.98692745,1.02217337
857.06931796,765.41033048,480.04069321,328.98341190,168.83049818,74.52225350,21.58144773,12.32449061,3.91519807,2.86460254,2.89200607,0.98692745,1.02217337,852.70864340,761.93462367,484.50473919,334.58836317,170.08442395,73.77892771,21.38788675,12.32300666,4.10405537,2.93639855,2.86460254,0.96303802,0.98692745
852.70864340,761.93462367,484.50473919,334.58836317,170.08442395,73.77892771,21.38788675,12.32300666,4.10405537,2.93639855,2.86460254,0.96303802,0.98692745,853.44461579,758.05798398,482.30461678,337.69980322,172.98218376,74.32689327,21.17455225,12.21248334,4.10356122,3.07804153,2.93639855,0.95391265,0.96303802
1023.70898519,899.35673694,18.27729237,77.90724214,18.62620907,8.65845446,21.70312586,12.53625138,6.20627630,4.50640421,4.87029878,0.12821404,1.48185357,481.62453763,910.07728783,569.29281448,12.73927278,40.27804419,8.13965336,2.48497643,12.39248486,4.17457171,4.65470723,4.50640421,1.62180949,0.12821404
481.62453763,910.07728783,569.29281448,12.73927278,40.27804419,8.13965336,2.48497643,12.39248486,4.17457171,4.65470723,4.50640421,1.62180949,0.12821404,407.54625514,428.16421395,576.07892320,396.79709170,6.58620403,17.60150531,2.33608052,1.41892154,4.12669746,3.13092878,4.65470723,1.50063260,1.62180949
407.54625514,428.16421395,576.07892320,396.79709170,6.58620403,17.60150531,2.33608052,1.41892154,4.12669746,3.13092878,4.65470723,1.50063260,1.62180949,631.08856717,362.30862082,271.02794743,401.52700947,205.14409641,2.87817116,5.05163202,1.33390197,0.47250087,3.09502309,3.13092878,1.55001751,1.50063260
631.08856717,362.30862082,271.02794743,401.52700947,205.14409641,2.87817116,5.05163202,1.33390197,0.47250087,3.09502309,3.13092878,1.55001751,1.50063260,861.66490429,561.03773622,229.34135698,188.90647936,207.58946390,89.64797013,0.82603512,2.88448189,0.44418936,0.35437565,3.09502309,1.04259928,1.55001751
861.66490429,561.03773622,229.34135698,188.90647936,207.58946390,89.64797013,0.82603512,2.88448189,0.44418936,0.35437565,3.09502309,1.04259928,1.55001751,898.98342579,766.02009992,355.13688703,159.85092581,97.66464983,90.71659572,25.72896743,0.47166606,0.96053247,0.33314202,0.35437565,1.03064269,1.04259928
898.98342579,766.02009992,355.13688703,159.85092581,97.66464983,90.71659572,25.72896743,0.47166606,0.96053247,0.33314202,0.35437565,1.03064269,1.04259928,710.10850470,799.19626553,484.89072325,247.53041026,82.64292865,42.67945198,26.03566297,14.69124040,0.15706480,0.72039935,0.33314202,0.11800709,1.03064269
710.10850470,799.19626553,484.89072325,247.53041026,82.64292865,42.67945198,26.03566297,14.69124040,0.15706480,0.72039935,0.33314202,0.11800709,1.03064269,637.05230125,631.28646068,505.89123608,337.96883410,127.97322210,36.11495982,12.24900272,14.86636356,4.89218305,0.11779860,0.72039935,0.11093629,0.11800709
637.05230125,631.28646068,505.89123608,337.96883410,127.97322210,36.11495982,12.24900272,14.86636356,4.89218305,0.11779860,0.72039935,0.11093629,0.11800709,719.59020563,566.33949581,399.60432961,352.60619155,174.72988723,55.92429806,10.36499347,6.99418055,4.95049906,3.66913729,0.11779860,0.23989298,0.11093629
719.59020563,566.33949581,399.60432961,352.60619155,174.72988723,55.92429806,10.36499347,6.99418055,4.95049906,3.66913729,0.11779860,0.23989298,0.11093629,842.26103797,639.71569280,358.49290085,278.52421774,182.29740103,76.35696072,16.05027354,5.91841127,2.32906212,3.71287430,3.66913729,0.03922693,0.23989298
842.26103797,639.71569280,358.49290085,278.52421774,182.29740103,76.35696072,16.05027354,5.91841127,2.32906212,3.71287430,3.66913729,0.03922693,0.23989298,888.41006935,748.77006275,404.94003354,249.86955189,143.99702057,79.66396425,21.91444773,9.16470619,1.97083095,1.74679659,3.71287430,1.22182272,0.03922693
888.41006935,748.77006275,404.94003354,249.86955189,143.99702057,79.66396425,21.91444773,9.16470619,1.97083095,1.74679659,3.71287430,1.22182272,0.03922693,820.35888626,789.79655166,473.97144972,282.24320338,129.18255833,62.92669799,22.86355774,12.51314965,3.05184716,1.47812321,1.74679659,1.23638714,1.22182272
820.35888626,789.79655166,473.97144972,282.24320338,129.18255833,62.92669799,22.86355774,12.51314965,3.05184716,1.47812321,1.74679659,1.23638714,1.22182272,767.13873795,729.29904989,499.94121720,330.35810046,145.91973615,56.45277799,18.05996232,13.05509147,4.16687883,2.28888537,1.47812321,0.58168327,1.23638714
767.13873795,729.29904989,499.94121720,330.35810046,145.91973615,56.45277799,18.05996232,13.05509147,4.16687883,2.28888537,1.47812321,0.58168327,1.23638714,787.36984531,681.98633804,461.64629858,348.45902839,170.79513794,63.76692470,16.20194728,10.31223849,4.34734546,3.12515913,2.28888537,0.49221503,0.58168327
787.36984531,681.98633804,461.64629858,348.45902839,170.79513794,63.76692470,16.20194728,10.31223849,4.34734546,3.12515913,2.28888537,0.49221503,0.58168327,842.50954244,699.97179248,431.69735198,321.76747011,180.15331768,74.63747528,18.30110739,9.25131190,3.43397542,3.26050909,3.12515913,0.76219883,0.49221503
842.50954244,699.97179248,431.69735198,321.76747011,180.15331768,74.63747528,18.30110739,9.25131190,3.43397542,3.26050909,3.12515913,0.76219883,0.49221503,874.09090174,748.99098323,443.08214464,300.89305433,166.35378205,78.72699982,21.42095540,10.44993232,3.08068686,2.57548156,3.26050909,1.04067799,0.76219883
874.09090174,748.99098323,443.08214464,300.89305433,166.35378205,78.72699982,21.42095540,10.44993232,3.08068686,2.57548156,3.26050909,1.04067799,0.76219883,857.24991681,777.06681165,474.11129238,308.82825481,155.56170909,72.69660275,22.59464895,12.23136554,3.47982746,2.31051515,2.57548156,1.08574953,1.04067799
857.24991681,777.06681165,474.11129238,308.82825481,155.56170909,72.69660275,22.59464895,12.23136554,3.47982746,2.31051515,2.57548156,1.08574953,1.04067799,827.17415054,762.09517604,491.88329177,330.45557079,159.66420774,67.98046687,20.86392499,12.90154455,4.07304472,2.60987060,2.31051515,0.85763536,1.08574953
827.17415054,762.09517604,491.88329177,330.45557079,159.66420774,67.98046687,20.86392499,12.90154455,4.07304472,2.60987060,2.31051515,0.85763536,1.08574953,825.93929239,735.35781983,482.40624643,342.84265437,170.84553010,69.77325878,19.51039399,11.91330117,4.29621434,3.05478354,2.60987060,0.76940154,0.85763536
825.93929239,735.35781983,482.40624643,342.84265437,170.84553010,69.77325878,19.51039399,11.91330117,4.29621434,3.05478354,2.60987060,0.76940154,0.85763536,849.02787945,734.26003093,465.48149995,336.23715377,177.24965231,74.65949665,20.02492527,11.14043497,3.96712929,3.22216075,3.05478354,0.86908691,0.76940154
849.02787945,734.26003093,465.48149995,336.23715377,177.24965231,74.65949665,20.02492527,11.14043497,3.96712929,3.22216075,3.05478354,0.86908691,0.76940154,868.70960748,754.78578483,464.78659958,324.44060547,173.83460850,77.45809806,21.42727554,11.43423233,3.70976484,2.97534697,3.22216075,1.01724292,0.86908691
194.15240251,427.04636911,721.34347516,421.58863828,139.96593213,94.39150538,12.74886316,6.89884532,0.94933326,0.02645760,1.45082308,1.82824952,0.65307766,868.95583890,172.60148583,270.32035165,502.77640219,217.96132599,61.16511234,27.09036204,7.27960087,2.29731549,0.71199994,0.02645760,0.48312408,1.82824952
868.95583890,172.60148583,270.32035165,502.77640219,217.96132599,61.16511234,27.09036204,7.27960087,2.29731549,0.71199994,0.02645760,0.48312408,1.82824952,1199.75636513,772.50174078,109.25674053,188.41328510,259.93539993,95.24909946,17.55438724,15.46859673,2.42410709,1.72298662,0.71199994,0.00881038,0.48312408
1199.75636513,772.50174078,109.25674053,188.41328510,259.93539993,95.24909946,17.55438724,15.46859673,2.42410709,1.72298662,0.71199994,0.00881038,0.48312408,1000.98544100,1066.58340860,488.99360191,76.15194815,97.40966840,113.59176977,27.33649154,10.02355511,5.15104271,1.81808032,1.72298662,0.23709598,0.00881038
1000.98544100,1066.58340860,488.99360191,76.15194815,97.40966840,113.59176977,27.33649154,10.02355511,5.15104271,1.81808032,1.72298662,0.23709598,0.00881038,675.78317280,889.87605705,675.14729764,340.82854053,39.37055719,42.56802509,32.60083792,15.60913667,3.33784385,3.86328203,1.81808032,0.57375454,0.23709598
675.78317280,889.87605705,675.14729764,340.82854053,39.37055719,42.56802509,32.60083792,15.60913667,3.33784385,3.86328203,1.81808032,0.57375454,0.23709598,632.19530561,600.77124062,563.29154411,470.57766646,176.20835546,17.20493349,12.21702320,18.61507845,5.19784251,2.50338289,3.86328203,0.60542075,0.57375454
632.19530561,600.77124062,563.29154411,470.57766646,176.20835546,17.20493349,12.21702320,18.61507845,5.19784251,2.50338289,3.86328203,0.60542075,0.57375454,826.87654860,562.02162669,380.28819531,392.61420624,243.28865356,77.00305133,4.93781591,6.97592025,6.19882113,3.89838188,2.50338289,1.28647292,0.60542075
826.87654860,562.02162669,380.28819531,392.61420624,243.28865356,77.00305133,4.93781591,6.97592025,6.19882113,3.89838188,2.50338289,1.28647292,0.60542075,996.47229903,735.09325170,355.75968969,265.06087213,202.98154463,106.31714161,22.09987573,2.81949289,2.32298144,4.64911584,3.89838188,0.83362650,1.28647292
996.47229903,735.09325170,355.75968969,265.06087213,202.98154463,106.31714161,22.09987573,2.81949289,2.32298144,4.64911584,3.89838188,0.83362650,1.28647292,959.04457727,885.86387383,465.31402833,247.96450372,137.03647089,88.70293500,30.51301964,12.61902904,0.93889113,1.74223608,4.64911584,1.29816117,0.83362650
959.04457727,885.86387383,465.31402833,247.96450372,137.03647089,88.70293500,30.51301964,12.61902904,0.93889113,1.74223608,4.64911584,1.29816117,0.83362650,812.47093409,852.59062919,560.75183214,324.32387774,128.19764842,59.88493778,25.45774235,17.42293421,4.20213667,0.70416835,1.74223608,1.54815558,1.29816117
812.47093409,852.59062919,560.75183214,324.32387774,128.19764842,59.88493778,25.45774235,17.42293421,4.20213667,0.70416835,1.74223608,1.54815558,1.29816117,756.96015943,722.28666040,539.68986828,390.84402700,167.67544479,56.02237236,17.18697714,14.53637088,5.80183709,3.15160250,0.70416835,0.58016462,1.54815558
756.96015943,722.28666040,539.68986828,390.84402700,167.67544479,56.02237236,17.18697714,14.53637088,5.80183709,3.15160250,0.70416835,0.58016462,1.54815558,822.72919401,672.93758173,457.20745604,376.16383819,202.06636196,73.27416937,16.07842087,9.81376395,4.84061150,4.35137782,3.15160250,0.23448806,0.58016462
822.72919401,672.93758173,457.20745604,376.16383819,202.06636196,73.27416937,16.07842087,9.81376395,4.84061150,4.35137782,3.15160250,0.23448806,0.58016462,908.63633448,731.40625347,425.96948924,318.67359686,194.47670434,88.30300018,21.02968661,9.18077832,3.26798339,3.63045863,4.35137782,1.04948363,0.23448806
908.63633448,731.40625347,425.96948924,318.67359686,194.47670434,88.30300018,21.02968661,9.18077832,3.26798339,3.63045863,4.35137782,1.04948363,0.23448806,917.94101228,807.77770136,462.98015845,296.90073400,164.75424958,84.98631980,25.34296105,12.00795105,3.05719918,2.45098755,3.63045863,1.44900881,1.04948363
917.94101228,807.77770136,462.98015845,296.90073400,164.75424958,84.98631980,25.34296105,12.00795105,3.05719918,2.45098755,3.63045863,1.44900881,1.04948363,863.51462702,816.04955991,511.32328496,322.69717044,153.49767948,71.99760706,24.39107378,14.47083076,3.99864770,2.29289938,2.45098755,1.20894272,1.44900881
863.51462702,816.04955991,511.32328496,322.69717044,153.49767948,71.99760706,24.39107378,14.47083076,3.99864770,2.29289938,2.45098755,1.20894272,1.44900881,822.75827032,767.66450342,516.55937143,356.39232962,166.83443712,67.07848593,20.66331323,13.92730313,4.81878664,2.99898578,2.29289938,0.81617885,1.20894272
822.75827032,767.66450342,516.55937143,356.39232962,166.83443712,67.07848593,20.66331323,13.92730313,4.81878664,2.99898578,2.29289938,0.81617885,1.20894272,836.18216991,731.43210232,485.93163066,360.04188188,184.25483441,72.90664902,19.25152546,11.79875185,4.63779194,3.61408998,2.99898578,0.76353549,0.81617885
836.18216991,731.43210232,485.93163066,360.04188188,184.25483441,72.90664902,19.25152546,11.79875185,4.63779194,3.61408998,2.99898578,0.76353549,0.81617885,875.48492049,743.36594905,462.99652077,338.69434657,186.14165293,80.51936264,20.92420827,10.99262104,3.92898437,3.47834396,3.61408998,0.99866226,0.76353549
875.48492049,743.36594905,462.99652077,338.69434657,186.14165293,80.51936264,20.92420827,10.99262104,3.92898437,3.47834396,3.61408998,0.99866226,0.76353549,892.84583867,778.30609432,470.55064575,322.70857497,175.10497718,81.34390233,23.10905708,11.94772292,3.66054281,2.94673828,3.47834396,1.20349196,0.99866226
892.84583867,778.30609432,470.55064575,322.70857497,175.10497718,81.34390233,23.10905708,11.94772292,3.66054281,2.94673828,3.47834396,1.20349196,0.99866226,874.87754372,793.73995058,492.66775770,327.97380009,166.84033326,76.52087503,23.34569997,13.19527159,3.97859173,2.74540710,2.94673828,1.15828854,1.20349196
874.87754372,793.73995058,492.66775770,327.97380009,166.84033326,76.52087503,23.34569997,13.19527159,3.97859173,2.74540710,2.94673828,1.15828854,1.20349196,851.46676942,777.76613637,502.43738872,343.38942712,169.56245465,72.90922564,21.96149113,13.33039468,4.39402544,2.98394380,2.74540710,0.98126385,1.15828854
76.34520400,1063.07565928,540.77595309,505.22350695,192.20124752,83.65129162,22.85219046,10.26652934,5.84187381,2.64650306,4.24731399,1.51252980,1.15160073,798.33689907,67.87088636,672.92689233,376.92083931,261.20055309,83.99194517,24.00792069,13.04860075,3.41875427,4.38140536,2.64650306,1.41435556,1.51252980
798.33689907,67.87088636,672.92689233,376.92083931,261.20055309,83.99194517,24.00792069,13.04860075,3.41875427,4.38140536,2.64650306,1.41435556,1.51252980,1286.57180995,709.72150327,42.96227107,469.03004395,194.86807392,114.14464170,24.10568826,13.70852272,4.34518405,2.56406570,4.38140536,0.88128552,1.41435556
1286.57180995,709.72150327,42.96227107,469.03004395,194.86807392,114.14464170,24.10568826,13.70852272,4.34518405,2.56406570,4.38140536,0.88128552,1.41435556,1170.88392606,1143.76233904,449.25371157,29.94470293,242.48853272,85.15734830,32.75951217,13.76434800,4.56493806,3.25888804,2.56406570,1.45900798,0.88128552
1170.88392606,1143.76233904,449.25371157,29.94470293,242.48853272,85.15734830,32.75951217,13.76434800,4.56493806,3.25888804,2.56406570,1.45900798,0.88128552,781.98366203,1040.91581026,724.00156062,313.12983697,15.48141142,105.96748880,24.44015896,18.70568145,4.58352788,3.42370355,3.25888804,0.85383388,1.45900798
781.98366203,1040.91581026,724.00156062,313.12983697,15.48141142,105.96748880,24.44015896,18.70568145,4.58352788,3.42370355,3.25888804,0.85383388,1.45900798,680.34068138,695.18347554,658.89970790,504.62908775,161.88812571,6.76537679,30.41266929,13.95533077,6.22899192,3.43764591,3.42370355,1.08520972,0.85383388
680.34068138,695.18347554,658.89970790,504.62908775,161.88812571,6.76537679,30.41266929,13.95533077,6.22899192,3.43764591,3.42370355,1.08520972,0.85383388,789.64591941,604.82286574,440.05114002,459.25309640,260.89323837,70.74511094,1.94166314,17.36563416,4.64712515,4.67174394,3.43764591,1.14009328,1.08520972
789.64591941,604.82286574,440.05114002,459.25309640,260.89323837,70.74511094,1.94166314,17.36563416,4.64712515,4.67174394,3.43764591,1.14009328,1.08520972,1005.25046856,701.99522236,382.85287402,306.71564459,237.43385084,114.01034517,20.30384684,1.10868965,5.78275618,3.48534386,4.67174394,1.14473609,1.14009328
1005.25046856,701.99522236,382.85287402,306.71564459,237.43385084,114.01034517,20.30384684,1.10868965,5.78275618,3.48534386,4.67174394,1.14473609,1.14009328,1019.06247011,893.66766655,444.36297575,266.84845319,158.57198825,103.75859282,32.72096906,11.59349654,0.36919365,4.33706713,3.48534386,1.55569073,1.14473609
1019.06247011,893.66766655,444.36297575,266.84845319,158.57198825,103.75859282,32.72096906,11.59349654,0.36919365,4.33706713,3.48534386,1.55569073,1.14473609,873.57134704,905.94653592,565.69163293,309.72099410,137.96065030,69.29595887,29.77871614,18.68367333,3.86063435,0.27689524,4.33706713,1.16061951,1.55569073
873.57134704,905.94653592,565.69163293,309.72099410,137.96065030,69.29595887,29.77871614,18.68367333,3.86063435,0.27689524,4.33706713,1.16061951,1.55569073,788.91156405,776.60492752,573.46415724,394.28706815,160.12575395,60.28880418,19.88794019,17.00364692,6.22166322,2.89547576,0.27689524,1.44424335,1.16061951
788.91156405,776.60492752,573.46415724,394.28706815,160.12575395,60.28880418,19.88794019,17.00364692,6.22166322,2.89547576,0.27689524,1.44424335,1.16061951,812.07632737,701.34238044,491.59091912,399.70451760,203.84641423,69.97495448,17.30288680,11.35601385,5.66221442,4.66624742,2.89547576,0.09220612,1.44424335
812.07632737,701.34238044,491.59091912,399.70451760,203.84641423,69.97495448,17.30288680,11.35601385,5.66221442,4.66624742,2.89547576,0.09220612,1.44424335,907.16691847,721.93585503,443.94972682,342.63887063,206.64723560,89.08088302,20.08281193,9.87994836,3.78155261,4.24666082,4.66624742,0.96419343,0.09220612
907.16691847,721.93585503,443.94972682,342.63887063,206.64723560,89.08088302,20.08281193,9.87994836,3.78155261,4.24666082,4.66624742,0.96419343,0.09220612,937.41885934,806.47139052,456.98539624,309.43295959,177.14429611,90.30484196,25.56621343,11.46728561,3.29002280,2.83616446,4.24666082,1.55386039,0.96419343
937.41885934,806.47139052,456.98539624,309.43295959,177.14429611,90.30484196,25.56621343,11.46728561,3.29002280,2.83616446,4.24666082,1.55386039,0.96419343,893.85887740,833.36536595,510.49639020,318.51882118,159.97684011,77.41205740,25.91748964,14.59830787,3.81860611,2.46751710,2.83616446,1.41413805,1.55386039
893.85887740,833.36536595,510.49639020,318.51882118,159.97684011,77.41205740,25.91748964,14.59830787,3.81860611,2.46751710,2.83616446,1.41413805,1.55386039,841.05212638,794.64054201,527.52027665,355.81598397,164.67423055,69.90987913,22.21726047,14.79888659,4.86123652,2.86395458,2.46751710,0.94444276,1.41413805
841.05212638,794.64054201,527.52027665,355.81598397,164.67423055,69.90987913,22.21726047,14.79888659,4.86123652,2.86395458,2.46751710,0.94444276,1.41413805,837.55317258,747.69534035,503.00746309,367.68163282,183.95686371,71.96263875,20.06413531,12.68605573,4.92802923,3.64592739,2.86395458,0.82168320,0.94444276
837.55317258,747.69534035,503.00746309,367.68163282,183.95686371,71.96263875,20.06413531,12.68605573,4.92802923,3.64592739,2.86395458,0.82168320,0.94444276,871.21265866,744.58477042,473.29115044,350.59620178,190.09140417,80.38914944,20.65327732,11.45662126,4.22445656,3.69602192,3.64592739,0.95369688,0.82168320
871.21265866,744.58477042,473.29115044,350.59620178,190.09140417,80.38914944,20.65327732,11.45662126,4.22445656,3.69602192,3.64592739,0.95369688,0.82168320,898.17140183,774.50805355,471.32215968,329.88393186,181.25823632,83.06994362,23.07168589,11.79302135,3.81505488,3.16834242,3.69602192,1.21409382,0.95369688
898.17140183,774.50805355,471.32215968,329.88393186,181.25823632,83.06994362,23.07168589,11.79302135,3.81505488,3.16834242,3.69602192,1.21409382,0.95369688,887.96790772,798.47437622,490.26359790,328.51154530,170.54999277,79.20984927,23.84107382,13.17393264,3.92707611,2.86129116,3.16834242,1.23077530,1.21409382
887.96790772,798.47437622,490.26359790,328.51154530,170.54999277,79.20984927,23.84107382,13.17393264,3.92707611,2.86129116,3.16834242,1.23077530,1.21409382,862.20439412,789.40346996,505.43428015,341.71372773,169.84046892,74.53034684,22.73322674,13.61325315,4.38691957,2.94530708,2.86129116,1.05505803,1.23077530
1140.76549895,554.82559372,212.76091947,35.40514722,37.04779518,49.36924975,13.75952756,9.63431142,0.59924342,1.88237222,2.07806717,0.46850089,0.97908916,454.74872522,1014.14052857,351.20460082,148.29436087,18.30446112,16.18988649,14.16897468,7.85669024,3.20822570,0.44943257,1.88237222,0.69199637,0.46850089
454.74872522,1014.14052857,351.20460082,148.29436087,18.30446112,16.18988649,14.16897468,7.85669024,3.20822570,0.44943257,1.88237222,0.69199637,0.46850089,385.56918159,404.27161672,641.95095458,244.78960677,76.66818457,7.99904951,4.64649742,8.09048454,2.61627785,2.40616928,0.44943257,0.62682995,0.69199637
385.56918159,404.27161672,641.95095458,244.78960677,76.66818457,7.99904951,4.64649742,8.09048454,2.61627785,2.40616928,0.44943257,0.62682995,0.69199637,581.93992225,342.77100243,255.90393338,447.43981534,126.55622670,33.50399666,2.29572721,2.65315003,2.69413135,1.96220839,2.40616928,0.14966105,0.62682995
581.93992225,342.77100243,255.90393338,447.43981534,126.55622670,33.50399666,2.29572721,2.65315003,2.69413135,1.96220839,2.40616928,0.14966105,0.62682995,820.53755720,517.34459088,216.97404454,178.36504157,231.32638453,55.30507107,9.61564704,1.31086024,0.88349896,2.02059851,1.96220839,0.80125437,0.14966105
820.53755720,517.34459088,216.97404454,178.36504157,231.32638453,55.30507107,9.61564704,1.31086024,0.88349896,2.02059851,1.96220839,0.80125437,0.14966105,849.74803258,729.45788835,327.47912603,151.23090904,92.21472649,101.08963004,15.87255540,5.49053446,0.43651646,0.66262422,2.02059851,0.65341539,0.80125437
849.74803258,729.45788835,327.47912603,151.23090904,92.21472649,101.08963004,15.87255540,5.49053446,0.43651646,0.66262422,2.02059851,0.65341539,0.80125437,741.66104579,755.42600096,461.74684333,228.25295084,78.18637998,40.29783548,29.01272382,9.06322913,1.82834798,0.32738734,0.66262422,0.67285931,0.65341539
741.66104579,755.42600096,461.74684333,228.25295084,78.18637998,40.29783548,29.01272382,9.06322913,1.82834798,0.32738734,0.66262422,0.67285931,0.65341539,635.41968609,659.33666970,478.18465861,321.83754980,118.00677558,34.16744805,11.56547878,16.56626530,3.01805530,1.37126098,0.32738734,0.22065387,0.67285931
635.41968609,659.33666970,478.18465861,321.83754980,118.00677558,34.16744805,11.56547878,16.56626530,3.01805530,1.37126098,0.32738734,0.22065387,0.67285931,706.14726747,564.88810093,417.36011192,333.29470705,166.39001325,51.56896093,9.80605759,6.60388838,5.51656635,2.26354148,1.37126098,0.10901999,0.22065387
706.14726747,564.88810093,417.36011192,333.29470705,166.39001325,51.56896093,9.80605759,6.60388838,5.51656635,2.26354148,1.37126098,0.10901999,0.22065387,818.06375641,627.76492078,357.57416789,290.89999801,172.31336354,72.71243579,14.80029179,5.59925888,2.19909483,4.13742476,2.26354148,0.45662991,0.10901999
818.06375641,627.76492078,357.57416789,290.89999801,172.31336354,72.71243579,14.80029179,5.59925888,2.19909483,4.13742476,2.26354148,0.45662991,0.10901999,865.00579941,727.25867945,397.37519485,249.22919502,150.39529897,75.30093987,20.86846907,8.45096661,1.86455321,1.64932112,4.13742476,0.75375931,0.45662991
865.00579941,727.25867945,397.37519485,249.22919502,150.39529897,75.30093987,20.86846907,8.45096661,1.86455321,1.64932112,4.13742476,0.75375931,0.45662991,825.32081845,768.99015568,460.35474409,276.97051081,128.85149382,65.72274565,21.61136974,11.91589584,2.81417188,1.39841491,1.64932112,1.37776244,0.75375931
825.32081845,768.99015568,460.35474409,276.97051081,128.85149382,65.72274565,21.61136974,11.91589584,2.81417188,1.39841491,1.64932112,1.37776244,0.75375931,768.51326654,733.71020760,486.77076855,320.86725663,143.19375409,56.30810280,18.86242800,12.34009212,3.96799331,2.11062891,1.39841491,0.54922393,1.37776244
768.51326654,733.71020760,486.77076855,320.86725663,143.19375409,56.30810280,18.86242800,12.34009212,3.96799331,2.11062891,1.39841491,0.54922393,1.37776244,782.11980195,683.20829395,464.43856141,339.27922568,165.88837168,62.57567054,16.16042550,10.77044639,4.10925068,2.97599499,2.11062891,0.46567216,0.54922393
782.11980195,683.20829395,464.43856141,339.27922568,165.88837168,62.57567054,16.16042550,10.77044639,4.10925068,2.97599499,2.11062891,0.46567216,0.54922393,830.22600022,695.30450393,432.47085007,323.71367730,175.40735967,72.49321842,17.95921744,9.22760296,3.58655865,3.08193801,2.97599499,0.70283943,0.46567216
830.22600022,695.30450393,432.47085007,323.71367730,175.40735967,72.49321842,17.95921744,9.22760296,3.58655865,3.08193801,2.97599499,0.70283943,0.46567216,864.18855093,738.07091419,440.12775099,301.43218250,167.35997117,76.65301618,20.80555369,10.25471316,3.07279179,2.68991899,3.08193801,0.99100633,0.70283943
864.18855093,738.07091419,440.12775099,301.43218250,167.35997117,76.65301618,20.80555369,10.25471316,3.07279179,2.68991899,3.08193801,0.99100633,0.70283943,855.10020901,768.26362178,467.19888869,306.76904244,155.84043835,73.13630740,21.99941564,11.87997116,3.41481948,2.30459384,2.68991899,1.02628536,0.99100633
855.10020901,768.26362178,467.19888869,306.76904244,155.84043835,73.13630740,21.99941564,11.87997116,3.41481948,2.30459384,2.68991899,1.02628536,0.99100633,829.58124555,760.18408581,486.31087259,325.63762541,158.59959494,68.10227156,20.99012022,12.56166633,3.95603039,2.56111461,2.30459384,0.89574302,1.02628536
829.58124555,760.18408581,486.31087259,325.63762541,158.59959494,68.10227156,20.99012022,12.56166633,3.95603039,2.56111461,2.30459384,0.89574302,1.02628536,824.37306201,737.49772730,481.19652632,338.95867819,168.35465234,69.30802299,19.54535194,11.98535865,4.18303489,2.96702280,2.56111461,0.76742975,0.89574302
824.37306201,737.49772730,481.19652632,338.95867819,168.35465234,69.30802299,19.54535194,11.98535865,4.18303489,2.96702280,2.56111461,0.76742975,0.89574302,844.24640506,732.86765213,466.83606138,335.39397884,175.24163663,73.57098307,19.89140260,11.16039596,3.99112443,3.13727617,2.96702280,0.85285117,0.76742975
844.24640506,732.86765213,466.83606138,335.39397884,175.24163663,73.57098307,19.89140260,11.16039596,3.99112443,3.13727617,2.96702280,0.85285117,0.76742975,863.51635427,750.53505410,463.90522380,325.38473478,173.39868706,76.58059521,21.11487214,11.35799088,3.71641185,2.99334332,3.13727617,0.98801859,0.85285117
781.15273146,730.67315905,641.86893892,374.33998160,108.14955471,27.37424087,29.37479765,4.13272422,2.77690335,0.70569665,0.70798583,0.82486181,1.92483265,663.49368519,694.44477827,462.51610968,447.38265043,193.53377049,47.26135541,7.85640713,16.77300946,1.37619716,2.08267752,0.70569665,0.23575928,0.82486181
663.49368519,694.44477827,462.51610968,447.38265043,193.53377049,47.26135541,7.85640713,16.77300946,1.37619716,2.08267752,0.70569665,0.23575928,0.82486181,805.88977827,589.84588614,439.58354464,322.37372845,231.29683027,84.57425770,13.56400900,4.48600847,5.58541215,1.03214787,2.08267752,0.23499698,0.23575928
805.88977827,589.84588614,439.58354464,322.37372845,231.29683027,84.57425770,13.56400900,4.48600847,5.58541215,1.03214787,2.08267752,0.23499698,0.23575928,927.10012635,716.43601289,373.37244592,306.38973062,166.66721761,101.07671483,24.27281196,7.74504914,1.49384082,4.18905911,1.03214787,0.69353161,0.23499698
927.10012635,716.43601289,373.37244592,306.38973062,166.66721761,101.07671483,24.27281196,7.74504914,1.49384082,4.18905911,1.03214787,0.69353161,0.23499698,902.52838517,824.19201232,453.50399616,260.24059481,158.40349073,72.83357409,29.00901716,13.85977563,2.57910136,1.12038062,4.18905911,0.34370524,0.69353161
902.52838517,824.19201232,453.50399616,260.24059481,158.40349073,72.83357409,29.00901716,13.85977563,2.57910136,1.12038062,4.18905911,0.34370524,0.69353161,820.42046033,802.34773442,521.71354380,316.09228532,134.54438752,69.22232545,20.90323577,16.56414880,4.61530528,1.93432602,1.12038062,1.39495668,0.34370524
820.42046033,802.34773442,521.71354380,316.09228532,134.54438752,69.22232545,20.90323577,16.56414880,4.61530528,1.93432602,1.12038062,1.39495668,0.34370524,780.44791025,729.35378924,507.88611588,363.63434003,163.41971151,58.79589734,19.86680740,11.93574762,5.51586155,3.46147896,1.93432602,0.37308674,1.39495668
780.44791025,729.35378924,507.88611588,363.63434003,163.41971151,58.79589734,19.86680740,11.93574762,5.51586155,3.46147896,1.93432602,0.37308674,1.39495668,829.72939324,693.81819221,461.68094859,353.99662277,187.99895379,71.41441393,16.87442254,11.34394703,3.97460396,4.13689616,3.46147896,0.64413057,0.37308674
829.72939324,693.81819221,461.68094859,353.99662277,187.99895379,71.41441393,16.87442254,11.34394703,3.97460396,4.13689616,3.46147896,0.64413057,0.37308674,887.31434842,737.62943059,439.18691567,321.79162116,183.01625397,82.15554281,20.49593680,9.63529527,3.77753436,2.98095297,4.13689616,1.15267249,0.64413057
887.31434842,737.62943059,439.18691567,321.79162116,183.01625397,82.15554281,20.49593680,9.63529527,3.77753436,2.98095297,4.13689616,1.15267249,0.64413057,894.63093852,788.82245574,466.91942957,306.11328022,166.36626814,79.97810299,23.57864079,11.70317991,3.20855332,2.83315077,2.98095297,1.37758642,1.15267249
894.63093852,788.82245574,466.91942957,306.11328022,166.36626814,79.97810299,23.57864079,11.70317991,3.20855332,2.83315077,2.98095297,1.37758642,1.15267249,856.57725436,795.32690435,499.32461448,325.44284241,158.26056587,72.70205918,22.95371556,13.46340389,3.89715891,2.40641499,2.83315077,0.99265734,1.37758642
856.57725436,795.32690435,499.32461448,325.44284241,158.26056587,72.70205918,22.95371556,13.46340389,3.89715891,2.40641499,2.83315077,0.99265734,1.37758642,832.17714164,761.49717913,503.44193045,348.02925630,168.25394952,69.15986729,20.86549098,13.10657158,4.48331349,2.92286918,2.40641499,0.94343921,0.99265734
832.17714164,761.49717913,503.44193045,348.02925630,168.25394952,69.15986729,20.86549098,13.10657158,4.48331349,2.92286918,2.40641499,0.94343921,0.99265734,840.33880871,739.80547892,482.02771439,350.89902553,179.93112550,73.52697594,19.84888191,11.91419535,4.36448834,3.36248512,2.92286918,0.80133619,0.94343921
840.33880871,739.80547892,482.02771439,350.89902553,179.93112550,73.52697594,19.84888191,11.91419535,4.36448834,3.36248512,2.92286918,0.80133619,0.94343921,869.79692196,747.06120095,468.29686815,335.97331693,181.41479620,78.62990185,21.10224210,11.33371157,3.96742705,3.27336625,3.36248512,0.97331544,0.80133619
869.79692196,747.06120095,468.29686815,335.97331693,181.41479620,78.62990185,21.10224210,11.33371157,3.96742705,3.27336625,3.36248512,0.97331544,0.80133619,880.97191699,773.24946362,472.88974020,326.40291710,173.69820485,79.27826594,22.56678183,12.04938024,3.77412595,2.97557029,3.27336625,1.11970755,0.97331544
880.97191699,773.24946362,472.88974020,326.40291710,173.69820485,79.27826594,22.56678183,12.04938024,3.77412595,2.97557029,3.27336625,1.11970755,0.97331544,868.88843341,783.18403420,489.46691047,329.60414892,168.75030814,75.90611552,22.75286232,12.88563242,4.01244362,2.83059446,2.97557029,1.09003096,1.11970755
868.88843341,783.18403420,489.46691047,329.60414892,168.75030814,75.90611552,22.75286232,12.88563242,4.01244362,2.83059446,2.97557029,1.09003096,1.11970755,853.82197711,772.44181730,495.75549365,341.15843660,170.40534499,73.74388466,21.78505515,12.99188439,4.29091560,3.00933271,2.83059446,0.99086491,1.09003096
853.82197711,772.44181730,495.75549365,341.15843660,170.40534499,73.74388466,21.78505515,12.99188439,4.29091560,3.00933271,2.83059446,0.99086491,1.09003096,853.53508718,759.04773765,488.95567035,345.54157907,176.37891172,74.46713576,21.16449490,12.43926649,4.32629750,3.21818670,3.00933271,0.94258796,0.99086491
853.53508718,759.04773765,488.95567035,345.54157907,176.37891172,74.46713576,21.16449490,12.43926649,4.32629750,3.21818670,3.00933271,0.94258796,0.99086491,865.07364214,758.79269251,480.47721794,340.80210223,178.64499638,77.07758442,21.37206796,12.08492659,4.14227574,3.24472313,3.21818670,1.00210779,0.94258796
865.07364214,758.79269251,480.47721794,340.80210223,178.64499638,77.07758442,21.37206796,12.08492659,4.14227574,3.24472313,3.21818670,1.00210779,0.94258796,873.43512877,769.05046787,480.31577436,334.89262090,176.19468685,78.06786342,22.12126673,12.20345081,4.02428055,3.10670681,3.24472313,1.07165617,1.00210779
873.43512877,769.05046787,480.31577436,334.89262090,176.19468685,78.06786342,22.12126673,12.20345081,4.02428055,3.10670681,3.24472313,1.07165617,1.00210779,870.78358590,776.48382948,486.80894616,334.78009473,173.13948501,76.99707816,22.40547680,12.63124330,4.06374912,3.01821041,3.10670681,1.08049280,1.07165617
601.74958082,240.39197629,126.31637114,165.78333963,256.91115478,105.59153873,2.91946736,16.00554397,4.53235124,3.82333118,2.95261107,1.15601631,0.19011005,1093.52699656,534.95537735,152.16812099,88.04251069,85.70998659,112.27017464,30.30477162,1.66701586,5.32984614,3.39926343,3.82333118,0.98321949,1.15601631
1093.52699656,534.95537735,152.16812099,88.04251069,85.70998659,112.27017464,30.30477162,1.66701586,5.32984614,3.39926343,3.82333118,0.98321949,1.15601631,885.44274057,972.14549994,338.62675386,106.06118033,45.51797802,37.45526414,32.22154012,17.30402459,0.55511628,3.99738461,3.39926343,1.27316928,0.98321949
885.44274057,972.14549994,338.62675386,106.06118033,45.51797802,37.45526414,32.22154012,17.30402459,0.55511628,3.99738461,3.39926343,1.27316928,0.98321949,613.24577328,787.15859637,615.36810146,236.02284744,54.83363023,19.89135640,10.74966081,18.39849941,5.76224019,0.41633721,3.99738461,1.13195472,1.27316928
613.24577328,787.15859637,615.36810146,236.02284744,54.83363023,19.89135640,10.74966081,18.39849941,5.76224019,0.41633721,3.99738461,1.13195472,1.27316928,595.37076106,545.17549245,498.27139150,428.91156672,122.02381213,23.96229641,5.70881929,6.13805632,6.12670030,4.32168014,0.41633721,1.33112907,1.13195472
595.37076106,545.17549245,498.27139150,428.91156672,122.02381213,23.96229641,5.70881929,6.13805632,6.12670030,4.32168014,0.41633721,1.33112907,1.13195472,753.52202408,529.28460658,345.09608672,347.29515988,221.74727999,53.32440590,6.87717907,3.25973581,2.04397275,4.59502523,4.32168014,0.13864029,1.33112907
753.52202408,529.28460658,345.09608672,347.29515988,221.74727999,53.32440590,6.87717907,3.25973581,2.04397275,4.59502523,4.32168014,0.13864029,1.33112907,934.88780673,669.88107940,335.03715596,240.53197244,179.55159766,96.90356136,15.30410449,3.92686925,1.08549203,1.53297957,4.59502523,1.43911949,0.13864029
934.88780673,669.88107940,335.03715596,240.53197244,179.55159766,96.90356136,15.30410449,3.92686925,1.08549203,1.53297957,4.59502523,1.43911949,0.13864029,902.48409803,831.11526018,424.03472326,233.52089771,124.35502975,78.46404818,27.81132211,8.73864367,1.30764746,0.81411902,1.53297957,1.53014340,1.43911949
902.48409803,831.11526018,424.03472326,233.52089771,124.35502975,78.46404818,27.81132211,8.73864367,1.30764746,0.81411902,1.53297957,1.53014340,1.43911949,766.03795170,802.30836315,526.09595969,295.55220211,120.73030411,54.34314800,22.51918183,15.88026492,2.90996834,0.98073559,0.81411902,0.51048220,1.53014340
766.03795170,802.30836315,526.09595969,295.55220211,120.73030411,54.34314800,22.51918183,15.88026492,2.90996834,0.98073559,0.81411902,0.51048220,1.53014340,726.32103644,681.00773906,507.86119387,366.68888391,152.80048849,52.75914290,15.59648348,12.85845282,5.28812822,2.18247626,0.98073559,0.27110163,0.51048220
726.32103644,681.00773906,507.86119387,366.68888391,152.80048849,52.75914290,15.59648348,12.85845282,5.28812822,2.18247626,0.98073559,0.27110163,0.51048220,790.08769370,645.69940140,431.07789883,353.97925213,189.57815298,66.77381347,15.14187401,8.90559207,4.28186479,3.96609616,2.18247626,0.32658495,0.27110163
790.08769370,645.69940140,431.07789883,353.97925213,189.57815298,66.77381347,15.14187401,8.90559207,4.28186479,3.96609616,2.18247626,0.32658495,0.27110163,879.13413468,702.38795970,408.72772108,300.46129548,183.00727335,82.84565285,19.16408447,8.64601006,2.96556216,3.21139859,3.96609616,0.72676459,0.32658495
879.13413468,702.38795970,408.72772108,300.46129548,183.00727335,82.84565285,19.16408447,8.64601006,2.96556216,3.21139859,3.96609616,0.72676459,0.32658495,896.54315298,781.55024573,444.61157849,284.88322159,155.33848976,79.97417845,23.77670237,10.94269223,2.87912135,2.22417162,3.21139859,1.32071002,0.72676459
896.54315298,781.55024573,444.61157849,284.88322159,155.33848976,79.97417845,23.77670237,10.94269223,2.87912135,2.22417162,3.21139859,1.32071002,0.72676459,840.69979038,797.02686300,494.72130555,309.89427021,147.28462556,67.88292003,22.95258922,13.57649705,3.64391651,2.15934101,2.22417162,1.06939573,1.32071002
840.69979038,797.02686300,494.72130555,309.89427021,147.28462556,67.88292003,22.95258922,13.57649705,3.64391651,2.15934101,2.22417162,1.06939573,1.32071002,805.15263838,747.38211364,504.51800428,344.82074997,160.21533770,64.36338137,19.48239805,13.10592844,4.52097352,2.73293738,2.15934101,0.74064915,1.06939573
805.15263838,747.38211364,504.51800428,344.82074997,160.21533770,64.36338137,19.48239805,13.10592844,4.52097352,2.73293738,2.15934101,0.74064915,1.06939573,822.43239239,715.78069552,473.09287794,351.64904898,178.27232773,70.01410257,18.47229045,11.12444929,4.36427417,3.39073014,2.73293738,0.71906056,0.74064915
822.43239239,715.78069552,473.09287794,351.64904898,178.27232773,70.01410257,18.47229045,11.12444929,4.36427417,3.39073014,2.73293738,0.71906056,0.74064915,863.32591420,731.14239684,453.08918027,329.74573592,181.80255832,77.90500722,20.09404744,10.54767785,3.70444161,3.27320563,3.39073014,0.91006815,0.71906056
863.32591420,731.14239684,453.08918027,329.74573592,181.80255832,77.90500722,20.09404744,10.54767785,3.70444161,3.27320563,3.39073014,0.91006815,0.71906056,881.73215198,767.49673773,462.81313720,315.80315864,170.47854547,79.44771799,22.35873707,11.47370109,3.51237672,2.77833121,3.27320563,1.12911314,0.91006815
881.73215198,767.49673773,462.81313720,315.80315864,170.47854547,79.44771799,22.35873707,11.47370109,3.51237672,2.77833121,3.27320563,1.12911314,0.91006815,864.20532710,783.85988311,485.82543498,322.58075663,163.27023302,74.49912437,22.80149506,12.76683887,3.82074246,2.63428254,2.77833121,1.08997747,1.12911314
864.20532710,783.85988311,485.82543498,322.58075663,163.27023302,74.49912437,22.80149506,12.76683887,3.82074246,2.63428254,2.77833121,1.08997747,1.12911314,842.51337973,768.27853579,496.18330601,338.62032818,166.77425118,71.34909183,21.38124869,13.01965368,4.25135734,2.86555685,2.63428254,0.92518429,1.08997747
842.51337973,768.27853579,496.18330601,338.62032818,166.77425118,71.34909183,21.38124869,13.01965368,4.25135734,2.86555685,2.63428254,0.92518429,1.08997747,843.26379888,748.99439458,486.32031316,345.83976429,175.06670967,72.88034776,20.47718936,12.20869300,4.33554468,3.18851801,2.86555685,0.87721609,0.92518429
625.34408672,760.68728231,456.27121814,453.64044644,1.70925144,47.70744089,16.83533772,4.82667807,4.24363925,1.01038339,3.00107434,1.69741196,1.36206107,646.29766619,555.93089309,481.51504970,318.02103904,234.53211081,0.74694288,13.69203554,9.61297784,1.60728380,3.18272943,1.01038339,0.99935775,1.69741196
646.29766619,555.93089309,481.51504970,318.02103904,234.53211081,0.74694288,13.69203554,9.61297784,1.60728380,3.18272943,1.01038339,0.99935775,1.69741196,802.37654242,574.55862524,351.90425533,335.61598964,164.41687718,102.49053242,0.21437261,7.81815229,3.20112162,1.20546285,3.18272943,0.33645767,0.99935775
802.37654242,574.55862524,351.90425533,335.61598964,164.41687718,102.49053242,0.21437261,7.81815229,3.20112162,1.20546285,3.18272943,0.33645767,0.99935775,922.58812914,713.31274622,363.69560978,245.27726596,173.51346664,71.85017533,29.41478281,0.12240676,2.60344471,2.40084121,1.20546285,1.05984890,0.33645767
922.58812914,713.31274622,363.69560978,245.27726596,173.51346664,71.85017533,29.41478281,0.12240676,2.60344471,2.40084121,1.20546285,1.05984890,0.33645767,825.99111699,820.18084680,451.52696835,253.49584001,126.80834650,75.82538492,20.62100032,16.79584098,0.04076145,1.95258353,2.40084121,0.40141913,1.05984890
825.99111699,820.18084680,451.52696835,253.49584001,126.80834650,75.82538492,20.62100032,16.79584098,0.04076145,1.95258353,2.40084121,0.40141913,1.05984890,769.01907127,734.30610300,519.17447603,314.71429694,131.05734929,55.41524742,21.76188547,11.77459118,5.59301505,0.03057109,1.95258353,0.79948012,0.40141913
769.01907127,734.30610300,519.17447603,314.71429694,131.05734929,55.41524742,21.76188547,11.77459118,5.59301505,0.03057109,1.95258353,0.79948012,0.40141913,755.63779461,683.65795436,464.81576320,361.86460979,162.70729152,57.27206164,15.90417601,12.42603661,3.92093886,4.19476129,0.03057109,0.65021032,0.79948012
755.63779461,683.65795436,464.81576320,361.86460979,162.70729152,57.27206164,15.90417601,12.42603661,3.92093886,4.19476129,0.03057109,0.65021032,0.79948012,821.30768265,671.76199941,432.75548511,323.97658695,187.08400326,71.10308639,16.43708169,9.08128450,4.13787019,2.94070415,4.19476129,0.01018017,0.65021032
821.30768265,671.76199941,432.75548511,323.97658695,187.08400326,71.10308639,16.43708169,9.08128450,4.13787019,2.94070415,4.19476129,0.01018017,0.65021032,885.21072731,730.14252987,425.22534563,301.63057312,167.49589545,81.75570943,20.40658580,9.38557365,3.02406774,3.10340264,2.94070415,1.39685551,0.01018017
885.21072731,730.14252987,425.22534563,301.63057312,167.49589545,81.75570943,20.40658580,9.38557365,3.02406774,3.10340264,2.94070415,1.39685551,0.01018017,864.09472270,786.95233658,462.18022141,296.38206590,155.94300630,73.19570631,23.46388861,11.65216049,3.12539602,2.26805080,3.10340264,0.97925448,1.39685551
864.09472270,786.95233658,462.18022141,296.38206590,155.94300630,73.19570631,23.46388861,11.65216049,3.12539602,2.26805080,3.10340264,0.97925448,1.39685551,831.62156670,768.18020848,498.14082905,322.13961432,153.22952807,68.14709375,21.00716771,13.39788039,3.88016944,2.34404702,2.26805080,1.03343308,0.97925448
831.62156670,768.18020848,498.14082905,322.13961432,153.22952807,68.14709375,21.00716771,13.39788039,3.88016944,2.34404702,2.26805080,1.03343308,0.97925448,815.26504353,739.31157280,486.25807197,347.20415785,166.54618060,66.96130377,19.55821591,11.99509276,4.46149417,2.91012708,2.34404702,0.75526092,1.03343308
815.26504353,739.31157280,486.25807197,347.20415785,166.54618060,66.96130377,19.55821591,11.99509276,4.46149417,2.91012708,2.34404702,0.75526092,1.03343308,838.62088932,724.77062370,467.98422558,338.92187616,179.50454961,72.78068092,19.21789418,11.16774128,3.99436589,3.34612063,2.91012708,0.78056766,0.75526092
838.62088932,724.77062370,467.98422558,338.92187616,179.50454961,72.78068092,19.21789418,11.16774128,3.99436589,3.34612063,2.91012708,0.78056766,0.75526092,867.40426215,745.53397061,458.77980480,326.18500523,175.22260998,78.44348818,20.88805543,10.97341758,3.71885785,2.99577442,3.34612063,0.96907232,0.78056766
867.40426215,745.53397061,458.77980480,326.18500523,175.22260998,78.44348818,20.88805543,10.97341758,3.71885785,2.99577442,3.34612063,0.96907232,0.78056766,872.07748691,771.12238905,471.92300339,319.76952395,168.63764770,76.57228056,22.51328111,11.92707965,3.65414805,2.78914339,2.99577442,1.11425817,0.96907232
872.07748691,771.12238905,471.92300339,319.76952395,168.63764770,76.57228056,22.51328111,11.92707965,3.65414805,2.78914339,2.99577442,1.11425817,0.96907232,855.32670655,775.27688586,488.12047227,328.93033337,165.32084388,73.69465205,21.97624452,12.85508351,3.97171752,2.74061104,2.78914339,0.99759288,1.11425817
855.32670655,775.27688586,488.12047227,328.93033337,165.32084388,73.69465205,21.97624452,12.85508351,3.97171752,2.74061104,2.78914339,0.99759288,1.11425817,845.15259963,760.38544212,490.75026875,340.21996917,170.05698235,72.24520878,21.15036514,12.54843562,4.28074281,2.97878814,2.74061104,0.92878475,0.99759288
845.15259963,760.38544212,490.75026875,340.21996917,170.05698235,72.24520878,21.15036514,12.54843562,4.28074281,2.97878814,2.74061104,0.92878475,0.99759288,850.63000185,751.34066107,481.32398486,342.05293732,175.89372406,74.31490129,20.73437492,12.07685849,4.17862906,3.21055711,2.97878814,0.91262348,0.92878475
850.63000185,751.34066107,481.32398486,342.05293732,175.89372406,74.31490129,20.73437492,12.07685849,4.17862906,3.21055711,2.97878814,0.91262348,0.92878475,864.59113279,756.21007164,475.59863846,335.48281745,176.84136859,76.86555741,21.32837667,11.83932808,4.02159388,3.13397180,3.21055711,0.99193645,0.91262348
864.59113279,756.21007164,475.59863846,335.48281745,176.84136859,76.86555741,21.32837667,11.83932808,4.02159388,3.13397180,3.21055711,0.99193645,0.91262348,870.42983636,768.62151705,478.68097535,331.49225101,173.44461662,77.27967808,22.06041498,12.17850308,3.94249625,3.01619541,3.13397180,1.06911552,0.99193645
870.42983636,768.62151705,478.68097535,331.49225101,173.44461662,77.27967808,22.06041498,12.17850308,3.94249625,3.01619541,3.13397180,1.06911552,0.99193645,865.04180725,773.81212452,486.53742029,333.64063982,171.38149377,75.79529746,22.17926761,12.59649695,4.05544153,2.95687219,3.01619541,1.04361261,1.06911552
754.28335564,280.51558849,315.57628931,110.72847310,156.63211964,89.47343554,25.24326312,15.46413926,2.50165051,4.14763084,0.83407849,0.27470568,0.50333885,967.96195279,670.55790317,177.56636752,219.95667365,57.24662060,68.44823628,25.67887600,14.41390324,5.14955837,1.87623788,4.14763084,0.27774814,0.27470568
967.96195279,670.55790317,177.56636752,219.95667365,57.24662060,68.44823628,25.67887600,14.41390324,5.14955837,1.87623788,4.14763084,0.27774814,0.27470568,818.98126478,860.51817603,424.46315270,123.76375816,113.71760028,25.01677320,19.64464381,14.66263820,4.79982978,3.86216878,1.87623788,1.38116107,0.27774814
818.98126478,860.51817603,424.46315270,123.76375816,113.71760028,25.01677320,19.64464381,14.66263820,4.79982978,3.86216878,1.87623788,1.38116107,0.27774814,635.96036782,728.07434439,544.70800543,295.85081743,63.98586297,49.69459132,7.17981391,11.21709162,4.88265852,3.59987234,3.86216878,0.62478721,1.38116107
635.96036782,728.07434439,544.70800543,295.85081743,63.98586297,49.69459132,7.17981391,11.21709162,4.88265852,3.59987234,3.86216878,0.62478721,1.38116107,682.60384055,565.36876699,460.87106000,379.66147978,152.95487261,27.96182212,14.26234771,4.09967374,3.73529151,3.66199389,3.59987234,1.28610220,0.62478721
682.60384055,565.36876699,460.87106000,379.66147978,152.95487261,27.96182212,14.26234771,4.09967374,3.73529151,3.66199389,3.59987234,1.28610220,0.62478721,802.29725344,606.83481425,357.87842950,321.22712882,196.28498505,66.84127933,8.02504295,8.14380054,1.36519136,2.80146863,3.66199389,1.19875749,1.28610220
802.29725344,606.83481425,357.87842950,321.22712882,196.28498505,66.84127933,8.02504295,8.14380054,1.36519136,2.80146863,3.66199389,1.19875749,1.28610220,907.15917995,713.24225831,384.12643742,249.44126536,166.07442560,85.77653847,19.18344717,4.58229952,2.71188558,1.02389352,2.80146863,1.21944397,1.19875749
907.15917995,713.24225831,384.12643742,249.44126536,166.07442560,85.77653847,19.18344717,4.58229952,2.71188558,1.02389352,2.80146863,1.21944397,1.19875749,851.88667036,806.46451097,451.48234951,267.73612688,128.96113419,72.57452399,24.61786654,10.95374833,1.52590574,2.03391419,1.02389352,0.93288905,1.21944397
851.88667036,806.46451097,451.48234951,267.73612688,128.96113419,72.57452399,24.61786654,10.95374833,1.52590574,2.03391419,1.02389352,0.93288905,1.21944397,764.73648449,757.32724995,510.49203545,314.68319761,138.41957760,56.35601564,20.82888838,14.05680179,3.64759819,1.14442931,2.03391419,0.34095654,0.93288905
764.73648449,757.32724995,510.49203545,314.68319761,138.41957760,56.35601564,20.82888838,14.05680179,3.64759819,1.14442931,2.03391419,0.34095654,0.93288905,763.44760392,679.85073471,479.38814922,355.81294871,162.69121316,60.48935541,16.17417649,11.89329527,4.68091500,2.73569865,1.14442931,0.67729342,0.34095654
763.44760392,679.85073471,479.38814922,355.81294871,162.69121316,60.48935541,16.17417649,11.89329527,4.68091500,2.73569865,1.14442931,0.67729342,0.34095654,820.66591723,678.70491988,430.34551507,334.13354001,183.95529448,71.09606015,17.36044500,9.23545478,3.96046732,3.51068625,2.73569865,0.38109496,0.67729342
820.66591723,678.70491988,430.34551507,334.13354001,183.95529448,71.09606015,17.36044500,9.23545478,3.96046732,3.51068625,2.73569865,0.38109496,0.67729342,879.06044544,729.57200042,429.62021429,299.95082401,172.74704018,80.38846369,20.40456926,9.91281410,3.07540644,2.97035049,3.51068625,0.91098765,0.38109496
879.06044544,729.57200042,429.62021429,299.95082401,172.74704018,80.38846369,20.40456926,9.91281410,3.07540644,2.97035049,3.51068625,0.91098765,0.38109496,871.16036196,781.48473599,461.81907627,299.44528936,155.07457601,75.49045656,23.07148908,11.65100905,3.30096709,2.30655483,2.97035049,1.16905852,0.91098765
871.16036196,781.48473599,461.81907627,299.44528936,155.07457601,75.49045656,23.07148908,11.65100905,3.30096709,2.30655483,2.97035049,1.16905852,0.91098765,832.44414909,774.46156179,494.67983788,321.88789616,154.81321460,67.76758972,21.66576103,13.17382026,3.87978601,2.47572532,2.30655483,0.98912671,1.16905852
832.44414909,774.46156179,494.67983788,321.88789616,154.81321460,67.76758972,21.66576103,13.17382026,3.87978601,2.47572532,2.30655483,0.98912671,1.16905852,818.33943305,740.04284854,490.23416861,344.79184701,166.41604231,67.65337478,19.44929825,12.37114955,4.38688215,2.90983951,2.47572532,0.76808276,0.98912671
818.33943305,740.04284854,490.23416861,344.79184701,166.41604231,67.65337478,19.44929825,12.37114955,4.38688215,2.90983951,2.47572532,0.76808276,0.98912671,839.57020189,727.50375598,468.44712312,341.69321552,178.25738490,72.72381049,19.41651856,11.10554930,4.11959280,3.29016161,2.90983951,0.82441653,0.76808276
839.57020189,727.50375598,468.44712312,341.69321552,178.25738490,72.72381049,19.41651856,11.10554930,4.11959280,3.29016161,2.90983951,0.82441653,0.76808276,866.59231831,746.37790948,460.50987753,326.50764482,176.65539242,77.89847720,20.87173361,11.08683210,3.69814792,3.08969460,3.29016161,0.96897656,0.82441653
866.59231831,746.37790948,460.50987753,326.50764482,176.65539242,77.89847720,20.87173361,11.08683210,3.69814792,3.08969460,3.29016161,0.96897656,0.82441653,872.47244648,770.40057098,472.45721670,320.97538464,168.80445237,77.19840649,22.35686296,11.91775989,3.69191509,2.77361094,3.08969460,1.09562382,0.96897656
872.47244648,770.40057098,472.45721670,320.97538464,168.80445237,77.19840649,22.35686296,11.91775989,3.69191509,2.77361094,3.08969460,1.09562382,0.96897656,857.15671045,775.62800492,487.66356143,329.30268004,165.94427386,73.76754569,22.15594266,12.76576875,3.96861404,2.76893632,2.77361094,1.02886830,1.09562382
857.15671045,775.62800492,487.66356143,329.30268004,165.94427386,73.76754569,22.15594266,12.76576875,3.96861404,2.76893632,2.77361094,1.02886830,1.09562382,846.06935787,762.01231559,490.97252711,339.90150232,170.24948558,72.51764768,21.17128561,12.65104326,4.25100099,2.97646053,2.76893632,0.92361244,1.02886830
846.06935787,762.01231559,490.97252711,339.90150232,170.24948558,72.51764768,21.17128561,12.65104326,4.25100099,2.97646053,2.76893632,0.92361244,1.02886830,851.34789600,752.15565915,482.35379577,342.20785140,175.72907670,74.39902520,20.81256488,12.08880408,4.21279741,3.18825074,2.97646053,0.92205579,0.92361244
1208.55431203,1039.18338688,727.28858236,324.29610472,220.59621370,111.48858424,1.48561735,10.80301085,1.17848275,2.81454314,1.97132018,0.88511019,1.58884548,726.03893497,1074.40478339,657.80308390,506.92014191,167.66108614,96.40054539,31.99722368,0.84828751,3.59740261,0.88386206,2.81454314,0.65644962,0.88511019
726.03893497,1074.40478339,657.80308390,506.92014191,167.66108614,96.40054539,31.99722368,0.84828751,3.59740261,0.88386206,2.81454314,0.65644962,0.88511019,729.03656273,645.44861319,680.09822789,458.48874948,262.07771337,73.26789464,27.66695653,18.27041472,0.28247974,2.69805196,0.88386206,0.93724287,0.65644962
729.03656273,645.44861319,680.09822789,458.48874948,262.07771337,73.26789464,27.66695653,18.27041472,0.28247974,2.69805196,0.88386206,0.93724287,0.65644962,921.76206791,648.11350427,408.56897215,474.02846484,237.03868348,114.52796074,21.02788576,15.79783218,6.08404810,0.21185981,2.69805196,0.29432607,0.93724287
921.76206791,648.11350427,408.56897215,474.02846484,237.03868348,114.52796074,21.02788576,15.79783218,6.08404810,0.21185981,2.69805196,0.29432607,0.93724287,1054.36289577,819.44647837,410.25584820,284.77257359,245.07271632,103.58590468,32.86952473,12.00692277,5.26067811,4.56303608,0.21185981,0.89845130,0.29432607
1054.36289577,819.44647837,410.25584820,284.77257359,245.07271632,103.58590468,32.86952473,12.00692277,5.26067811,4.56303608,0.21185981,0.89845130,0.29432607,964.87701651,937.32861434,518.70962081,285.94832620,147.22742055,107.09677703,29.72915464,18.76849862,3.99830528,3.94550859,4.56303608,0.07054932,0.89845130
964.87701651,937.32861434,518.70962081,285.94832620,147.22742055,107.09677703,29.72915464,18.76849862,3.99830528,3.94550859,4.56303608,0.07054932,0.89845130,860.06487456,857.77566768,593.32901288,361.54060571,147.83528464,64.33838278,30.73677501,16.97534730,6.24991004,2.99872896,3.94550859,1.51949101,0.07054932
860.06487456,857.77566768,593.32901288,361.54060571,147.83528464,64.33838278,30.73677501,16.97534730,6.24991004,2.99872896,3.94550859,1.51949101,0.07054932,814.67699573,764.59767348,542.97199764,413.55032198,186.91649315,64.60401939,18.46511586,17.55069853,5.65279065,4.68743253,2.99872896,1.31385436,1.51949101
814.67699573,764.59767348,542.97199764,413.55032198,186.91649315,64.60401939,18.46511586,17.55069853,5.65279065,4.68743253,2.99872896,1.31385436,1.51949101,885.89536641,724.24784920,483.99032731,378.45148236,213.80551646,81.68250751,18.54135356,10.54358115,5.84438261,4.23959299,4.68743253,0.99857674,1.31385436
885.89536641,724.24784920,483.99032731,378.45148236,213.80551646,81.68250751,18.54135356,10.54358115,5.84438261,4.23959299,4.68743253,0.99857674,1.31385436,945.39062903,787.56098074,458.44888854,337.34125814,195.65941638,93.43301069,23.44287965,10.58711289,3.51101252,4.38328696,4.23959299,1.56091503,0.99857674
945.39062903,787.56098074,458.44888854,337.34125814,195.65941638,93.43301069,23.44287965,10.58711289,3.51101252,4.38328696,4.23959299,1.56091503,0.99857674,926.93419723,840.45226920,498.52610081,319.53887532,174.40543046,85.50316496,26.81527407,13.38588428,3.52550859,2.63325939,4.38328696,1.41178447,1.56091503
926.93419723,840.45226920,498.52610081,319.53887532,174.40543046,85.50316496,26.81527407,13.38588428,3.52550859,2.63325939,4.38328696,1.41178447,1.56091503,876.06024781,824.04450133,532.00628641,347.47269226,165.20159854,76.21517311,24.53940834,15.31152149,4.45749947,2.64413144,2.63325939,1.45963456,1.41178447
876.06024781,824.04450133,532.00628641,347.47269226,165.20159854,76.21517311,24.53940834,15.31152149,4.45749947,2.64413144,2.63325939,1.45963456,1.41178447,845.33720901,778.81756030,521.62016934,370.80838163,179.64338190,72.19309856,21.87375468,14.01200216,5.09873666,3.34312460,2.64413144,0.87687538,1.45963456
845.33720901,778.81756030,521.62016934,370.80838163,179.64338190,72.19309856,21.87375468,14.01200216,5.09873666,3.34312460,2.64413144,0.87687538,1.45963456,864.31147872,751.50477881,492.99151567,363.56925803,191.70793330,78.50415789,20.71941929,12.48991392,4.66599672,3.82405249,3.34312460,0.88049577,0.87687538
864.31147872,751.50477881,492.99151567,363.56925803,191.70793330,78.50415789,20.71941929,12.48991392,4.66599672,3.82405249,3.34312460,0.88049577,0.87687538,893.45911624,768.37290459,475.70252499,343.61508642,187.96530640,83.77636685,22.53069331,11.83078841,4.15914134,3.49949754,3.82405249,1.11326049,0.88049577
893.45911624,768.37290459,475.70252499,343.61508642,187.96530640,83.77636685,22.53069331,11.83078841,4.15914134,3.49949754,3.82405249,1.11326049,0.88049577,899.06002684,794.28515434,486.38004860,331.56465992,177.64899968,82.14083890,24.04381729,12.86502588,3.93965254,3.11935600,3.49949754,1.27340948,1.11326049
899.06002684,794.28515434,486.38004860,331.56465992,177.64899968,82.14083890,24.04381729,12.86502588,3.93965254,3.11935600,3.49949754,1.27340948,1.11326049,878.95730524,799.26436386,502.78250270,339.00689388,171.41892918,77.63261286,23.57442076,13.72901967,4.28405362,2.95473941,3.11935600,1.16533268,1.27340948
878.95730524,799.26436386,502.78250270,339.00689388,171.41892918,77.63261286,23.57442076,13.72901967,4.28405362,2.95473941,3.11935600,1.16533268,1.27340948,861.29144861,781.39304436,505.93434232,350.43940438,175.26656413,74.91007205,22.28055989,13.46099426,4.57176355,3.21304021,2.95473941,1.03874555,1.16533268
861.29144861,781.39304436,505.93434232,350.43940438,175.26656413,74.91007205,22.28055989,13.46099426,4.57176355,3.21304021,2.95473941,1.03874555,1.16533268,862.36369195,765.68809782,494.62179708,352.63623660,181.17717206,76.59148853,21.49919068,12.72219970,4.48251109,3.42882266,3.21304021,0.98392822,1.03874555
862.36369195,765.68809782,494.62179708,352.63623660,181.17717206,76.59148853,21.49919068,12.72219970,4.48251109,3.42882266,3.21304021,0.98392822,1.03874555,875.86450541,766.64132215,484.68056592,344.75139256,182.31293432,79.17442419,21.98175721,12.27603788,4.23649250,3.36188332,3.42882266,1.06994239,0.98392822
875.86450541,766.64132215,484.68056592,344.75139256,182.31293432,79.17442419,21.98175721,12.27603788,4.23649250,3.36188332,3.42882266,1.06994239,0.98392822,882.47905503,778.64354531,485.28395692,337.82235445,178.23646995,79.67075230,22.72305974,12.55158337,4.08792061,3.17736937,3.36188332,1.14179795,1.06994239
11.78538911,505.10556730,24.05111259,240.58310688,71.93361933,25.75437460,27.52979890,8.94520447,6.43499777,2.34331846,4.21857726,1.08709904,0.29230187,677.34494069,10.47721092,319.73182410,16.76362547,124.38146625,31.43499165,7.39150551,15.71951517,2.97875309,4.82624832,2.34331846,1.40478623,1.08709904
677.34494069,10.47721092,319.73182410,16.76362547,124.38146625,31.43499165,7.39150551,15.71951517,2.97875309,4.82624832,2.34331846,1.40478623,1.08709904,317.04635435,602.15965227,6.63207451,222.85308140,8.66679437,54.35470075,9.02184260,4.22054965,5.23459855,2.23406482,4.82624832,0.78032505,1.40478623
317.04635435,602.15965227,6.63207451,222.85308140,8.66679437,54.35470075,9.02184260,4.22054965,5.23459855,2.23406482,4.82624832,0.78032505,1.40478623,553.00008101,281.85420902,381.16705989,4.62255593,115.21504308,3.78738914,15.59979912,5.15147213,1.40544303,3.92594891,2.23406482,1.60714069,0.78032505
553.00008101,281.85420902,381.16705989,4.62255593,115.21504308,3.78738914,15.59979912,5.15147213,1.40544303,3.92594891,2.23406482,1.60714069,0.78032505,437.90150938,491.61707202,178.41371431,265.67344074,2.38986142,50.34897383,1.08698068,8.90748530,1.71544022,1.05408227,3.92594891,0.74394358,1.60714069
437.90150938,491.61707202,178.41371431,265.67344074,2.38986142,50.34897383,1.08698068,8.90748530,1.71544022,1.05408227,3.92594891,0.74394358,1.60714069,571.69169736,389.29444184,311.19360659,124.35435887,137.35316886,1.04436944,14.45015549,0.62066597,2.96619260,1.28658016,1.05408227,1.30734099,0.74394358
571.69169736,389.29444184,311.19360659,124.35435887,137.35316886,1.04436944,14.45015549,0.62066597,2.96619260,1.28658016,1.05408227,1.30734099,0.74394358,541.03120022,508.23391895,246.42338168,216.90194379,64.29120354,60.02333479,0.29973403,8.25103878,0.20668177,2.22464445,1.28658016,0.35100940,1.30734099
541.03120022,508.23391895,246.42338168,216.90194379,64.29120354,60.02333479,0.29973403,8.25103878,0.20668177,2.22464445,1.28658016,0.35100940,1.30734099,637.49975131,480.97673700,321.71207070,171.75709703,112.13830494,28.09525595,17.22669709,0.17114813,2.74759592,0.15501133,2.22464445,0.42843119,0.35100940
637.49975131,480.97673700,321.71207070,171.75709703,112.13830494,28.09525595,17.22669709,0.17114813,2.74759592,0.15501133,2.22464445,0.42843119,0.35100940,621.39142238,566.73727891,304.45827452,224.23331327,88.79841917,49.00443926,8.06333846,9.83644404,0.05699233,2.06069694,0.15501133,0.74080660,0.42843119
621.39142238,566.73727891,304.45827452,224.23331327,88.79841917,49.00443926,8.06333846,9.83644404,0.05699233,2.06069694,0.15501133,0.74080660,0.42843119,661.72884849,552.41697449,358.74469755,212.20741734,115.92862296,38.80490918,14.06427407,4.60416626,3.27553586,0.04274425,2.06069694,0.05161877,0.74080660
661.72884849,552.41697449,358.74469755,212.20741734,115.92862296,38.80490918,14.06427407,4.60416626,3.27553586,0.04274425,2.06069694,0.05161877,0.74080660,685.77502819,588.27694631,349.67994485,250.04505419,109.71123476,50.66080823,11.13700893,8.03070049,1.53318736,2.45665190,0.04274425,0.68621208,0.05161877
685.77502819,588.27694631,349.67994485,250.04505419,109.71123476,50.66080823,11.13700893,8.03070049,1.53318736,2.45665190,0.04274425,0.68621208,0.05161877,706.12013962,609.65400007,372.37930701,243.72692156,129.27329302,47.94380959,14.53965196,6.35923210,2.67422326,1.14989052,2.45665190,0.01423383,0.68621208
706.12013962,609.65400007,372.37930701,243.72692156,129.27329302,47.94380959,14.53965196,6.35923210,2.67422326,1.14989052,2.45665190,0.01423383,0.68621208,739.48616657,627.74080413,385.91098204,259.54837699,126.00681845,56.49242905,13.75987335,8.30214127,2.11762429,2.00566745,1.14989052,0.81806508,0.01423383
739.48616657,627.74080413,385.91098204,259.54837699,126.00681845,56.49242905,13.75987335,8.30214127,2.11762429,2.00566745,1.14989052,0.81806508,0.01423383,748.41266436,657.40320208,397.35992901,268.97995448,134.18651090,55.06497966,16.21332714,7.85688768,2.76461304,1.58821822,2.00566745,0.38291354,0.81806508
748.41266436,657.40320208,397.35992901,268.97995448,134.18651090,55.06497966,16.21332714,7.85688768,2.76461304,1.58821822,2.00566745,0.38291354,0.81806508,766.34871342,665.33885862,416.13622692,276.95987052,139.06263647,58.63950526,15.80364916,9.25780980,2.61634360,2.07345978,1.58821822,0.66788726,0.38291354
766.34871342,665.33885862,416.13622692,276.95987052,139.06263647,58.63950526,15.80364916,9.25780980,2.61634360,2.07345978,1.58821822,0.66788726,0.38291354,774.87613524,681.28400623,421.15949751,290.04695016,143.18825306,60.77037214,16.82953801,9.02388367,3.08285066,1.96225770,2.07345978,0.52887667,0.66788726
774.87613524,681.28400623,421.15949751,290.04695016,143.18825306,60.77037214,16.82953801,9.02388367,3.08285066,1.96225770,2.07345978,0.52887667,0.66788726,790.58903767,688.86488423,431.25277594,293.54816976,149.95427323,62.57326659,17.44109680,9.60966620,3.00495326,2.31213800,1.96225770,0.69046211,0.52887667
790.58903767,688.86488423,431.25277594,293.54816976,149.95427323,62.57326659,17.44109680,9.60966620,3.00495326,2.31213800,1.96225770,0.69046211,0.52887667,801.53964217,702.83365449,436.05147171,300.58318483,151.76440377,65.53001740,17.95852751,9.95886627,3.20001885,2.25371495,2.31213800,0.65343181,0.69046211
801.53964217,702.83365449,436.05147171,300.58318483,151.76440377,65.53001740,17.95852751,9.95886627,3.20001885,2.25371495,2.31213800,0.65343181,0.69046211,812.63137627,712.56874189,444.89370329,303.92787579,155.40150656,66.32104445,18.80711499,10.25431921,3.31630247,2.40001413,2.25371495,0.76994195,0.65343181
812.63137627,712.56874189,444.89370329,303.92787579,155.40150656,66.32104445,18.80711499,10.25431921,3.31630247,2.40001413,2.25371495,0.76994195,0.65343181,817.63604815,722.42929351,451.05601361,310.09091120,157.13071178,67.91045837,19.03413976,10.73886266,3.41468830,2.48722685,2.40001413,0.75048708,0.76994195
817.63604815,722.42929351,451.05601361,310.09091120,157.13071178,67.91045837,19.03413976,10.73886266,3.41468830,2.48722685,2.40001413,0.75048708,0.76994195,824.29475343,726.87844680,457.29774279,314.38604149,160.31700109,68.66612105,19.49030155,10.86849380,3.57604127,2.56101622,2.48722685,0.79920471,0.75048708
220.28782088,879.46751248,206.81563206,132.57307064,125.23284316,36.49618339,7.01021184,13.23024100,0.77298788,4.70952460,1.34306991,1.25563153,1.79362658,646.37172340,195.83587277,556.70293540,144.15049555,68.54027752,54.72675246,10.47440463,4.00283096,4.40567025,0.57974091,4.70952460,0.44724228,1.25563153
646.37172340,195.83587277,556.70293540,144.15049555,68.54027752,54.72675246,10.47440463,4.00283096,4.40567025,0.57974091,4.70952460,0.44724228,1.25563153,718.25250441,574.62446210,123.96410746,388.02194597,74.52580620,29.95210128,15.70657796,5.98088505,1.33294271,3.30425269,0.57974091,1.56827169,0.44724228
718.25250441,574.62446210,123.96410746,388.02194597,74.52580620,29.95210128,15.70657796,5.98088505,1.33294271,3.30425269,0.57974091,1.56827169,0.44724228,724.94912637,638.52647642,363.73728451,86.40298290,200.60734607,32.56777731,8.59625307,8.96845601,1.99163472,0.99970703,3.30425269,0.19305372,1.56827169
724.94912637,638.52647642,363.73728451,86.40298290,200.60734607,32.56777731,8.59625307,8.96845601,1.99163472,0.99970703,3.30425269,0.19305372,1.56827169,731.78019485,644.47977335,404.18725957,253.52488731,44.67034216,87.66541023,9.34695209,4.90846050,2.98649585,1.49372604,0.99970703,1.10031615,0.19305372
731.78019485,644.47977335,404.18725957,253.52488731,44.67034216,87.66541023,9.34695209,4.90846050,2.98649585,1.49372604,0.99970703,1.10031615,0.19305372,692.03089532,650.55259322,407.95569653,281.71851992,131.07236674,19.52093952,25.15997274,5.33710964,1.63451735,2.23987189,1.49372604,0.33290244,1.10031615
692.03089532,650.55259322,407.95569653,281.71851992,131.07236674,19.52093952,25.15997274,5.33710964,1.63451735,2.23987189,1.49372604,0.33290244,1.10031615,702.86164622,615.21546594,411.79979151,284.34512048,145.64847480,57.27862426,5.60250964,14.36634443,1.77725751,1.22588801,2.23987189,0.49741077,0.33290244
702.86164622,615.21546594,411.79979151,284.34512048,145.64847480,57.27862426,5.60250964,14.36634443,1.77725751,1.22588801,2.23987189,0.49741077,0.33290244,783.46636574,624.84400349,389.43138994,287.02445468,147.00642729,63.64838349,16.43896516,3.19903301,4.78399270,1.33294313,1.22588801,0.74587734,0.49741077
783.46636574,624.84400349,389.43138994,287.02445468,147.00642729,63.64838349,16.43896516,3.19903301,4.78399270,1.33294313,1.22588801,0.74587734,0.49741077,798.93655632,696.50159914,395.52625421,271.43367879,148.39164307,64.24180872,18.26708606,9.38664911,1.06527799,3.58799452,1.33294313,0.40822071,0.74587734
798.93655632,696.50159914,395.52625421,271.43367879,148.39164307,64.24180872,18.26708606,9.38664911,1.06527799,3.58799452,1.33294313,0.40822071,0.74587734,797.20319684,710.25459857,440.88551226,275.68179919,140.33121193,64.84714802,18.43739910,10.43050614,3.12575415,0.79895849,3.58799452,0.44387006,0.40822071
797.20319684,710.25459857,440.88551226,275.68179919,140.33121193,64.84714802,18.43739910,10.43050614,3.12575415,0.79895849,3.58799452,0.44387006,0.40822071,789.11717502,708.71364199,449.59116089,307.29720204,142.52749018,61.32473961,18.61113148,10.52775489,3.47335854,2.34431561,0.79895849,1.19480218,0.44387006
789.11717502,708.71364199,449.59116089,307.29720204,142.52749018,61.32473961,18.61113148,10.52775489,3.47335854,2.34431561,0.79895849,1.19480218,0.44387006,786.58352870,701.52516859,448.61573538,313.36503914,158.87265346,62.28451321,17.60020027,10.62695608,3.50574238,2.60501891,2.34431561,0.26605318,1.19480218
786.58352870,701.52516859,448.61573538,313.36503914,158.87265346,62.28451321,17.60020027,10.62695608,3.50574238,2.60501891,2.34431561,0.26605318,1.19480218,821.65960515,699.27275702,444.06543172,312.68516756,162.00972524,69.42734956,17.87565529,10.04971435,3.53877637,2.62930678,2.60501891,0.78065710,0.26605318
821.65960515,699.27275702,444.06543172,312.68516756,162.00972524,69.42734956,17.87565529,10.04971435,3.53877637,2.62930678,2.60501891,0.78065710,0.26605318,834.25423491,730.45538898,442.63965519,309.51360591,161.65823163,70.79824993,19.92564932,10.20699917,3.34655488,2.65408228,2.62930678,0.86747130,0.78065710
834.25423491,730.45538898,442.63965519,309.51360591,161.65823163,70.79824993,19.92564932,10.20699917,3.34655488,2.65408228,2.62930678,0.86747130,0.78065710,837.17512719,741.65201483,462.37826122,308.51983967,160.01853425,70.64464722,20.31909773,11.37754576,3.39893072,2.50991616,2.65408228,0.87555916,0.86747130
837.17512719,741.65201483,462.37826122,308.51983967,160.01853425,70.64464722,20.31909773,11.37754576,3.39893072,2.50991616,2.65408228,0.87555916,0.86747130,832.14612009,744.24868807,469.46572539,322.27764807,159.50475711,69.92809947,20.27501375,11.60220480,3.78872274,2.54919804,2.50991616,0.88380940,0.87555916
832.14612009,744.24868807,469.46572539,322.27764807,159.50475711,69.92809947,20.27501375,11.60220480,3.78872274,2.54919804,2.50991616,0.88380940,0.87555916,831.75731901,739.77790076,471.10941955,327.21761060,166.61754405,69.70357886,20.06936455,11.57703285,3.86353420,2.84154205,2.54919804,0.83580208,0.88380940
831.75731901,739.77790076,471.10941955,327.21761060,166.61754405,69.70357886,20.06936455,11.57703285,3.86353420,2.84154205,2.54919804,0.83580208,0.88380940,841.18934903,739.43225660,468.27941118,328.36326543,169.17150468,72.81186675,20.00492713,11.45960716,3.85515194,2.89765065,2.84154205,0.84888295,0.83580208
841.18934903,739.43225660,468.27941118,328.36326543,169.17150468,72.81186675,20.00492713,11.45960716,3.85515194,2.89765065,2.84154205,0.84888295,0.83580208,851.82785279,747.81733129,468.06061843,326.39074959,169.76380822,73.92794754,20.89700576,11.42281339,3.81604918,2.89136395,2.89765065,0.94623350,0.84888295
851.82785279,747.81733129,468.06061843,326.39074959,169.76380822,73.92794754,20.89700576,11.42281339,3.81604918,2.89136395,2.89765065,0.94623350,0.84888295,854.31658472,757.27496113,473.36837070,326.23825104,168.74401754,74.18678419,21.21732095,11.93219029,3.80379686,2.86203689,2.89136395,0.96491767,0.94623350
854.31658472,757.27496113,473.36837070,326.23825104,168.74401754,74.18678419,21.21732095,11.93219029,3.80379686,2.86203689,2.89136395,0.96491767,0.94623350,852.52618259,759.48744382,479.35505039,329.93775438,168.66517579,73.74113566,21.29160706,12.11509026,3.97341937,2.85284764,2.86203689,0.96282420,0.96491767
999.38054122,381.32500374,535.00266792,342.42330521,240.07758837,70.77617962,32.91920588,6.35748114,6.01689902,0.44435081,4.84009812,0.70964973,0.09084731,1081.78326669,888.44930114,241.37872737,372.89685954,177.03284880,104.91390612,20.31276355,18.79686656,2.11704122,4.51267426,0.44435081,1.61175267,0.70964973
1081.78326669,888.44930114,241.37872737,372.89685954,177.03284880,104.91390612,20.31276355,18.79686656,2.11704122,4.51267426,0.44435081,1.61175267,0.70964973,935.97445548,961.70532409,562.38840762,168.24097297,192.78767638,77.36335492,30.11029106,11.59858799,6.25935656,1.58778092,4.51267426,0.14796882,1.61175267
935.97445548,961.70532409,562.38840762,168.24097297,192.78767638,77.36335492,30.11029106,11.59858799,6.25935656,1.58778092,4.51267426,0.14796882,1.61175267,789.65555803,832.08129092,608.75947015,391.98472011,86.98058303,84.24821458,22.20328286,17.19297619,3.86232980,4.69451742,1.58778092,1.50272053,0.14796882
789.65555803,832.08129092,608.75947015,391.98472011,86.98058303,84.24821458,22.20328286,17.19297619,3.86232980,4.69451742,1.58778092,1.50272053,0.14796882,773.30783230,702.00379108,526.70745715,424.30535069,202.65610030,38.01051478,24.17923758,12.67807451,5.72526107,2.89674735,4.69451742,0.52873104,1.50272053
773.30783230,702.00379108,526.70745715,424.30535069,202.65610030,38.01051478,24.17923758,12.67807451,5.72526107,2.89674735,4.69451742,0.52873104,1.50272053,876.91881530,687.47066291,444.36839976,367.11509763,219.36586631,88.56071583,10.90901774,13.80634466,4.22179881,4.29394580,2.89674735,1.56327430,0.52873104
876.91881530,687.47066291,444.36839976,367.11509763,219.36586631,88.56071583,10.90901774,13.80634466,4.22179881,4.29394580,2.89674735,1.56327430,0.52873104,954.47997054,779.58082680,435.16892962,309.72477463,189.79850548,95.86288358,25.41692544,6.22904913,4.59751277,3.16634911,4.29394580,0.96461687,1.56327430
954.47997054,779.58082680,435.16892962,309.72477463,189.79850548,95.86288358,25.41692544,6.22904913,4.59751277,3.16634911,4.29394580,0.96461687,1.56327430,922.11953212,848.53269381,493.47466337,303.31274395,160.12770848,82.94194689,27.51264759,14.51306443,2.07427336,3.44813458,3.16634911,1.42988395,0.96461687
922.11953212,848.53269381,493.47466337,303.31274395,160.12770848,82.94194689,27.51264759,14.51306443,2.07427336,3.44813458,3.16634911,1.42988395,0.96461687,843.63666588,819.76426406,537.12119518,343.95184037,156.81268862,69.97580861,23.80433876,15.70972177,4.83285045,1.55570502,3.44813458,1.05439425,1.42988395
843.63666588,819.76426406,537.12119518,343.95184037,156.81268862,69.97580861,23.80433876,15.70972177,4.83285045,1.55570502,3.44813458,1.05439425,1.42988395,825.91155457,749.99299596,518.91077915,374.37347304,177.82310147,68.52714493,20.08305707,13.59227743,5.23133735,3.62463784,1.55570502,1.14822881,1.05439425
825.91155457,749.99299596,518.91077915,374.37347304,177.82310147,68.52714493,20.08305707,13.59227743,5.23133735,3.62463784,1.55570502,1.14822881,1.05439425,854.89990254,734.23537202,474.74556645,361.68081307,193.55108556,77.70869534,19.66729059,11.46742559,4.52622838,3.92350301,3.62463784,0.51804977,1.14822881
854.89990254,734.23537202,474.74556645,361.68081307,193.55108556,77.70869534,19.66729059,11.46742559,4.52622838,3.92350301,3.62463784,0.51804977,1.14822881,901.54256118,760.00601336,464.77099049,330.89765981,186.98898035,84.58182439,22.30239556,11.23002293,3.81865272,3.39467129,3.92350301,1.20700440,0.51804977
901.54256118,760.00601336,464.77099049,330.89765981,186.98898035,84.58182439,22.30239556,11.23002293,3.81865272,3.39467129,3.92350301,1.20700440,0.51804977,896.94423524,801.47133689,481.08380646,323.94538037,171.07409012,81.71418442,24.27498360,12.73466787,3.73959764,2.86398954,3.39467129,1.30652650,1.20700440
896.94423524,801.47133689,481.08380646,323.94538037,171.07409012,81.71418442,24.27498360,12.73466787,3.73959764,2.86398954,3.39467129,1.30652650,1.20700440,868.72103714,797.38342513,507.33135625,335.31541310,167.47976165,74.75937738,23.45197093,13.86101564,4.24064440,2.80469823,2.86398954,1.13042554,1.30652650
868.72103714,797.38342513,507.33135625,335.31541310,167.47976165,74.75937738,23.45197093,13.86101564,4.24064440,2.80469823,2.86398954,1.13042554,1.30652650,849.39728799,772.29300202,504.74370810,353.60995531,173.35806857,73.18865584,21.45594131,13.39107540,4.61571821,3.18048330,2.80469823,0.95370852,1.13042554
849.39728799,772.29300202,504.74370810,353.60995531,173.35806857,73.18865584,21.45594131,13.39107540,4.61571821,3.18048330,2.80469823,0.95370852,1.13042554,857.50144059,755.11418902,488.86147028,351.80636455,182.81634689,75.75747597,21.00514423,12.25134249,4.45922811,3.46178866,3.18048330,0.93396451,0.95370852
857.50144059,755.11418902,488.86147028,351.80636455,182.81634689,75.75747597,21.00514423,12.25134249,4.45922811,3.46178866,3.18048330,0.93396451,0.95370852,876.84348031,762.31878069,477.98728165,340.73644478,181.88389047,79.89074359,21.74239560,11.99393735,4.07969705,3.34442108,3.46178866,1.05910094,0.93396451
876.84348031,762.31878069,477.98728165,340.73644478,181.88389047,79.89074359,21.74239560,11.99393735,4.07969705,3.34442108,3.46178866,1.05910094,0.93396451,883.55720762,779.51385399,482.54778818,333.15713531,176.16074195,79.48326014,22.92864341,12.41490789,3.99398114,3.05977279,3.34442108,1.15277562,1.05910094
883.55720762,779.51385399,482.54778818,333.15713531,176.16074195,79.48326014,22.92864341,12.41490789,3.99398114,3.05977279,3.34442108,1.15277562,1.05910094,872.81695505,785.48235757,493.43226958,336.33580836,172.24223896,76.98224423,22.81169566,13.09225539,4.13416433,2.99548585,3.05977279,1.11369222,1.15277562
872.81695505,785.48235757,493.43226958,336.33580836,172.24223896,76.98224423,22.81169566,13.09225539,4.13416433,2.99548585,3.05977279,1.11369222,1.15277562,861.30135987,775.93427304,497.21033234,343.92229190,173.88561292,75.26985842,22.09390410,13.02547822,4.35972104,3.10062325,2.99548585,1.01890434,1.11369222
861.30135987,775.93427304,497.21033234,343.92229190,173.88561292,75.26985842,22.09390410,13.02547822,4.35972104,3.10062325,2.99548585,1.01890434,1.11369222,861.27109553,765.69690892,491.16639483,346.55560164,177.80782491,75.98801285,21.60244937,12.61561924,4.33748425,3.26979078,3.10062325,0.99749679,1.01890434
963.45996438,636.90510793,108.64123050,3.48845728,175.12667256,92.71538425,9.12217512,2.40954854,4.71504028,1.61141574,3.62382420,0.06808583,1.00447890,773.81762547,856.51590833,403.16093332,75.72293766,1.80353241,76.53035591,26.60931528,5.20876199,0.80237966,3.53628021,1.61141574,1.20673346,0.06808583
773.81762547,856.51590833,403.16093332,75.72293766,1.80353241,76.53035591,26.60931528,5.20876199,0.80237966,3.53628021,1.61141574,1.20673346,0.06808583,552.64486799,687.92386904,542.17456997,281.00317052,39.14875877,0.78814366,21.96421215,15.19391903,1.73451774,0.60178475,3.53628021,0.53660144,1.20673346
552.64486799,687.92386904,542.17456997,281.00317052,39.14875877,0.78814366,21.96421215,15.19391903,1.73451774,0.60178475,3.53628021,0.53660144,1.20673346,578.09047127,491.30128764,435.45580910,377.89567527,145.27863916,17.10800758,0.22619723,12.54156514,5.05957504,1.30088831,0.60178475,1.17758131,0.53660144
578.09047127,491.30128764,435.45580910,377.89567527,145.27863916,17.10800758,0.22619723,12.54156514,5.05957504,1.30088831,0.60178475,1.17758131,0.53660144,753.20516754,513.92242896,310.99371508,303.51269895,195.37206412,63.48676531,4.90999818,0.12915862,4.17634119,3.79468128,1.30088831,0.20039432,1.17758131
753.20516754,513.92242896,310.99371508,303.51269895,195.37206412,63.48676531,4.90999818,0.12915862,4.17634119,3.79468128,1.30088831,0.20039432,1.17758131,884.81249321,669.59939394,325.31289753,216.76261941,156.91606535,85.37759202,18.22070164,2.80360896,0.04300982,3.13225589,3.79468128,0.43319581,0.20039432
884.81249321,669.59939394,325.31289753,216.76261941,156.91606535,85.37759202,18.22070164,2.80360896,0.04300982,3.13225589,3.79468128,0.43319581,0.20039432,841.71508035,786.59830646,423.85641637,226.74308958,112.06627423,68.57232056,24.50336891,10.40402064,0.93360178,0.03225737,3.13225589,1.26362887,0.43319581
841.71508035,786.59830646,423.85641637,226.74308958,112.06627423,68.57232056,24.50336891,10.40402064,0.93360178,0.03225737,3.13225589,1.26362887,0.43319581,737.37513029,748.28470643,497.91672799,295.42792221,117.22617731,48.97296184,19.68025600,13.99142365,3.46453887,0.70020134,0.03225737,1.04304121,1.26362887
737.37513029,748.28470643,497.91672799,295.42792221,117.22617731,48.97296184,19.68025600,13.99142365,3.46453887,0.70020134,0.03225737,1.04304121,1.26362887,718.81789174,655.52649083,473.66421917,347.04795941,152.73623578,51.22783949,14.05524005,11.23742618,4.65914407,2.59840415,0.70020134,0.01074170,1.04304121
718.81789174,655.52649083,473.66421917,347.04795941,152.73623578,51.22783949,14.05524005,11.23742618,4.65914407,2.59840415,0.70020134,0.01074170,1.04304121,791.92919526,639.02910576,414.94826869,330.14396076,179.42379501,66.74573504,14.70238993,8.02554207,3.74206292,3.49435806,2.59840415,0.23316705,0.01074170
791.92919526,639.02910576,414.94826869,330.14396076,179.42379501,66.74573504,14.70238993,8.02554207,3.74206292,3.49435806,2.59840415,0.23316705,0.01074170,861.02912189,704.02505459,404.50542395,289.21894328,170.68442771,78.40819842,19.15602596,8.39506465,2.67250551,2.80654719,3.49435806,0.86526858,0.23316705
861.02912189,704.02505459,404.50542395,289.21894328,170.68442771,78.40819842,19.15602596,8.39506465,2.67250551,2.80654719,3.49435806,0.86526858,0.23316705,865.87553314,765.45488936,445.64785955,281.94028049,149.52619368,74.58909491,22.50315295,10.93809082,2.79555653,2.00437913,2.80654719,1.16362123,0.86526858
865.87553314,765.45488936,445.64785955,281.94028049,149.52619368,74.58909491,22.50315295,10.93809082,2.79555653,2.00437913,2.80654719,1.16362123,0.86526858,822.45667727,769.76334896,484.53294497,310.61655811,145.76312501,65.34294664,21.40707024,12.84930033,3.64238424,2.09666740,2.00437913,0.93458021,1.16362123
822.45667727,769.76334896,484.53294497,310.61655811,145.76312501,65.34294664,21.40707024,12.84930033,3.64238424,2.09666740,2.00437913,0.93458021,1.16362123,799.70487972,731.16398609,487.26019989,337.71946264,160.58876054,63.69848563,18.75342568,12.22343711,4.27881701,2.73178818,2.09666740,0.66745825,0.93458021
799.70487972,731.16398609,487.26019989,337.71946264,160.58876054,63.69848563,18.75342568,12.22343711,4.27881701,2.73178818,2.09666740,0.66745825,0.93458021,821.49559727,710.93763807,462.82680320,339.62035933,174.60096219,70.17728836,18.28146538,10.70820607,4.07040456,3.20911276,2.73178818,0.69819024,0.66745825
821.49559727,710.93763807,462.82680320,339.62035933,174.60096219,70.17728836,18.28146538,10.70820607,4.07040456,3.20911276,2.73178818,0.69819024,0.66745825,857.52666299,730.30958597,450.02352490,322.59028183,175.58372577,76.30062048,20.14088176,10.43871673,3.56583262,3.05280342,3.20911276,0.90968546,0.69819024
857.52666299,730.30958597,450.02352490,322.59028183,175.58372577,76.30062048,20.14088176,10.43871673,3.56583262,3.05280342,3.20911276,0.90968546,0.69819024,869.49292004,762.34120339,462.28596792,313.66639686,166.77917571,76.73008816,21.89827808,11.50044348,3.47609267,2.67437446,3.05280342,1.06863455,0.90968546
869.49292004,762.34120339,462.28596792,313.66639686,166.77917571,76.73008816,21.89827808,11.50044348,3.47609267,2.67437446,3.05280342,1.06863455,0.90968546,853.70579638,772.97920592,482.56198175,322.21331964,162.16552717,72.88249978,22.02153530,12.50391678,3.82964768,2.60706950,2.67437446,1.01658354,1.06863455
853.70579638,772.97920592,482.56198175,322.21331964,162.16552717,72.88249978,22.02153530,12.50391678,3.82964768,2.60706950,2.67437446,1.01658354,1.06863455,838.34535671,758.94445298,489.29583735,336.34570128,166.58428625,70.86633538,20.91727744,12.57429666,4.16380429,2.87223576,2.60706950,0.89056670,1.01658354
838.34535671,758.94445298,489.29583735,336.34570128,166.58428625,70.86633538,20.91727744,12.57429666,4.16380429,2.87223576,2.60706950,0.89056670,1.01658354,842.69402445,745.28902212,480.41183874,341.03919863,173.89072756,72.79733309,20.33863825,11.94376542,4.18724079,3.12285322,2.87223576,0.86815414,0.89056670
842.69402445,745.28902212,480.41183874,341.03919863,173.89072756,72.79733309,20.33863825,11.94376542,4.18724079,3.12285322,2.87223576,0.86815414,0.89056670,858.98374572,749.15498773,471.76795100,334.84705160,176.31726569,75.99024794,20.89283460,11.61336244,3.97727388,3.14043059,3.12285322,0.95645451,0.86815414
416.84501590,120.79371638,624.38800698,472.01325152,53.88595521,14.49466746,17.66742426,18.04182159,2.95660245,3.54261230,0.20705723,1.89728696,0.86449241,888.86521867,370.57521914,76.46242247,435.19844087,244.03085104,23.54816242,4.15996956,10.08809925,6.00792659,2.21745184,3.54261230,0.06895006,1.89728696
888.86521867,370.57521914,76.46242247,435.19844087,244.03085104,23.54816242,4.15996956,10.08809925,6.00792659,2.21745184,3.54261230,0.06895006,1.89728696,1063.42435050,790.20117940,234.57411371,53.29430846,224.99759393,106.64148190,6.75832262,2.37534262,3.35933705,4.50594494,2.21745184,1.17968990,0.06895006
1063.42435050,790.20117940,234.57411371,53.29430846,224.99759393,106.64148190,6.75832262,2.37534262,3.35933705,4.50594494,2.21745184,1.17968990,0.06895006,870.72664522,945.38424759,500.19734656,163.49815726,27.55315747,98.32394855,30.60610531,3.85900221,0.79098909,2.51950279,4.50594494,0.73841146,1.17968990
870.72664522,945.38424759,500.19734656,163.49815726,27.55315747,98.32394855,30.60610531,3.85900221,0.79098909,2.51950279,4.50594494,0.73841146,1.17968990,655.51649711,774.07598760,598.42822873,348.63755055,84.52854730,12.04072982,28.21897323,17.47608613,1.28504774,0.59324182,2.51950279,1.50047967,0.73841146
655.51649711,774.07598760,598.42822873,348.63755055,84.52854730,12.04072982,28.21897323,17.47608613,1.28504774,0.59324182,2.51950279,1.50047967,0.73841146,650.77186445,582.75416593,489.99010015,417.10447542,180.24561364,36.93897517,3.45568946,16.11303372,5.81953668,0.96378580,0.59324182,0.83899443,1.50047967
650.77186445,582.75416593,489.99010015,417.10447542,180.24561364,36.93897517,3.45568946,16.11303372,5.81953668,0.96378580,0.59324182,0.83899443,1.50047967,827.02531056,578.53618750,368.88338703,341.52309981,215.64301379,78.76733316,10.60148587,1.97319868,5.36564023,4.36465251,0.96378580,0.19754953,0.83899443
827.02531056,578.53618750,368.88338703,341.52309981,215.64301379,78.76733316,10.60148587,1.97319868,5.36564023,4.36465251,0.96378580,0.19754953,0.83899443,933.89363704,735.22550109,366.21340669,257.11172076,176.56744260,94.23599703,22.60622462,6.05344843,0.65707516,4.02423017,4.36465251,0.32094067,0.19754953
933.89363704,735.22550109,366.21340669,257.11172076,176.56744260,94.23599703,22.60622462,6.05344843,0.65707516,4.02423017,4.36465251,0.32094067,0.19754953,892.41375686,830.23144333,465.39774219,255.25074446,132.92675963,77.15997242,27.04573115,12.90815426,2.01579833,0.49280637,4.02423017,1.45342929,0.32094067
892.41375686,830.23144333,465.39774219,255.25074446,132.92675963,77.15997242,27.04573115,12.90815426,2.01579833,0.49280637,4.02423017,1.45342929,0.32094067,789.62669570,793.35582985,525.53650363,324.38222630,131.96463489,58.08899396,22.14491208,15.44311248,4.29841537,1.51184875,0.49280637,1.34006865,1.45342929
789.62669570,793.35582985,525.53650363,324.38222630,131.96463489,58.08899396,22.14491208,15.44311248,4.29841537,1.51184875,0.49280637,1.34006865,1.45342929,765.30521439,701.97813248,502.19424029,366.29894303,167.70561100,57.66854545,16.67154127,12.64474480,5.14255646,3.22381153,1.51184875,0.16410452,1.34006865
765.30521439,701.97813248,502.19424029,366.29894303,167.70561100,57.66854545,16.67154127,12.64474480,5.14255646,3.22381153,1.51184875,0.16410452,1.34006865,827.95142993,680.35633559,444.35215786,350.02938549,189.37655355,73.28735201,16.55087254,9.51945006,4.21070002,3.85691734,3.22381153,0.50344563,0.16410452
827.95142993,680.35633559,444.35215786,350.02938549,189.37655355,73.28735201,16.55087254,9.51945006,4.21070002,3.85691734,3.22381153,0.50344563,0.16410452,886.72302340,736.04882121,430.66556043,309.71345403,180.96519230,82.75755390,21.03347003,9.45054822,3.16997687,3.15802501,3.85691734,1.07352924,0.50344563
886.72302340,736.04882121,430.66556043,309.71345403,180.96519230,82.75755390,21.03347003,9.45054822,3.16997687,3.15802501,3.85691734,1.07352924,0.50344563,889.02382950,788.29676780,465.91890383,300.17389562,160.12185573,79.08178903,23.75141797,12.01011138,3.14703256,2.37748265,3.15802501,1.28435348,1.07352924
889.02382950,788.29676780,465.91890383,300.17389562,160.12185573,79.08178903,23.75141797,12.01011138,3.14703256,2.37748265,3.15802501,1.28435348,1.07352924,847.33417734,790.34218442,498.99185402,324.74547597,155.18990403,69.97325096,22.69647345,13.56205966,3.99936709,2.36027442,2.37748265,1.05162233,1.28435348
847.33417734,790.34218442,498.99185402,324.74547597,155.18990403,69.97325096,22.69647345,13.56205966,3.99936709,2.36027442,2.37748265,1.05162233,1.28435348,822.37747130,753.28008365,500.28660274,347.79732225,167.89341108,67.81798806,20.08232302,12.95968634,4.51616587,2.99952532,2.36027442,0.79170172,1.05162233
822.37747130,753.28008365,500.28660274,347.79732225,167.89341108,67.81798806,20.08232302,12.95968634,4.51616587,2.99952532,2.36027442,0.79170172,1.05162233,838.68552535,731.09357198,476.82629295,348.69976211,179.81121560,73.36942064,19.46376257,11.46700645,4.31557555,3.38712440,2.99952532,0.78597138,0.79170172
838.68552535,731.09357198,476.82629295,348.69976211,179.81121560,73.36942064,19.46376257,11.46700645,4.31557555,3.38712440,2.99952532,0.78597138,0.79170172,870.00257102,745.59143203,462.78223106,332.34792619,180.27777701,78.57750122,21.05702372,11.11380843,3.81851315,3.23668166,3.38712440,0.99884193,0.78597138
870.00257102,745.59143203,462.78223106,332.34792619,180.27777701,78.57750122,21.05702372,11.11380843,3.81851315,3.23668166,3.38712440,0.99884193,0.78597138,879.99477660,773.43228564,471.95937648,322.55921505,171.82387784,78.78138855,22.55174285,12.02356055,3.70089821,2.86388486,3.23668166,1.12791243,0.99884193
879.99477660,773.43228564,471.95937648,322.55921505,171.82387784,78.78138855,22.55174285,12.02356055,3.70089821,2.86388486,3.23668166,1.12791243,0.99884193,865.03455472,782.31535640,489.58263681,328.95568541,166.76311418,75.08703462,22.61025851,12.87704517,4.00384566,2.77567366,2.86388486,1.07781499,1.12791243
865.03455472,782.31535640,489.58263681,328.95568541,166.76311418,75.08703462,22.61025851,12.87704517,4.00384566,2.77567366,2.86388486,1.07781499,1.12791243,849.26948468,769.01571914,495.20562060,341.23909785,170.07008935,72.87548090,21.54997893,12.91045761,4.28805604,3.00288425,2.77567366,0.95367366,1.07781499
377.02054959,1145.97752695,141.94656909,366.28091641,148.46691675,19.06715099,5.29924789,13.80273797,0.20557262,2.10898007,0.51847111,1.60497315,0.18356347,578.07499028,335.17126858,725.40377456,98.93675865,189.36723378,64.88004262,5.47227233,3.02587055,4.59631174,0.15417946,2.10898007,0.17265088,1.60497315
578.07499028,335.17126858,725.40377456,98.93675865,189.36723378,64.88004262,5.47227233,3.02587055,4.59631174,0.15417946,2.10898007,0.17265088,1.60497315,811.35178595,513.90866636,212.16341301,505.60643087,51.15030422,82.75348116,18.62057223,3.12466750,1.00761489,3.44723381,0.15417946,0.70229036,0.17265088
811.35178595,513.90866636,212.16341301,505.60643087,51.15030422,82.75348116,18.62057223,3.12466750,1.00761489,3.44723381,0.15417946,0.70229036,0.17265088,866.11826952,721.29173771,325.30418580,147.87789887,261.39852476,22.35268295,23.75024909,10.63234674,1.04051428,0.75571117,3.44723381,0.05134176,0.70229036
866.11826952,721.29173771,325.30418580,147.87789887,261.39852476,22.35268295,23.75024909,10.63234674,1.04051428,0.75571117,3.44723381,0.05134176,0.70229036,813.24706421,769.97914161,456.57766997,226.73701751,76.45287372,114.23115532,6.41522001,13.56139223,3.54057147,0.78038571,0.75571117,1.14792886,0.05134176
813.24706421,769.97914161,456.57766997,226.73701751,76.45287372,114.23115532,6.41522001,13.56139223,3.54057147,0.78038571,0.75571117,1.14792886,0.05134176,744.89418804,722.97664008,487.39679664,318.23463597,117.22303805,33.40990581,32.78434158,3.66309062,4.51594361,2.65542860,0.78038571,0.25165182,1.14792886
744.89418804,722.97664008,487.39679664,318.23463597,117.22303805,33.40990581,32.78434158,3.66309062,4.51594361,2.65542860,0.78038571,0.25165182,1.14792886,717.13345799,662.21093317,457.64421317,339.71556726,164.52730680,51.22646763,9.58864297,18.71985904,1.21980918,3.38695771,2.65542860,0.25986844,0.25165182
717.13345799,662.21093317,457.64421317,339.71556726,164.52730680,51.22646763,9.58864297,18.71985904,1.21980918,3.38695771,2.65542860,0.25986844,0.25165182,817.18681730,637.53164416,419.17952069,318.97801658,175.63294827,71.89843307,14.70199621,5.47511514,6.23371306,0.91485688,3.38695771,0.88425772,0.25986844
817.18681730,637.53164416,419.17952069,318.97801658,175.63294827,71.89843307,14.70199621,5.47511514,6.23371306,0.91485688,3.38695771,0.88425772,0.25986844,868.40341982,726.47908058,403.55753075,292.16812592,164.91163457,76.75159839,20.63485029,8.39483984,1.82321334,4.67528480,0.91485688,1.12785692,0.88425772
868.40341982,726.47908058,403.55753075,292.16812592,164.91163457,76.75159839,20.63485029,8.39483984,1.82321334,4.67528480,0.91485688,1.12785692,0.88425772,849.61874018,772.01064022,459.86125801,281.27959893,151.05092110,72.06638431,22.02770874,11.78249952,2.79548167,1.36741000,4.67528480,0.30464734,1.12785692
849.61874018,772.01064022,459.86125801,281.27959893,151.05092110,72.06638431,22.02770874,11.78249952,2.79548167,1.36741000,4.67528480,0.30464734,1.12785692,821.12014024,755.31106002,488.68273526,320.52329683,145.42155265,66.00925252,20.68305230,12.57782169,3.92357234,2.09661125,1.36741000,1.55686984,0.30464734
821.12014024,755.31106002,488.68273526,320.52329683,145.42155265,66.00925252,20.68305230,12.57782169,3.92357234,2.09661125,1.36741000,1.55686984,0.30464734,795.14287447,729.97580468,478.11190099,340.61186648,165.71054446,63.54921851,18.94465547,11.81002286,4.18841462,2.94267925,2.09661125,0.45534753,1.55686984
795.14287447,729.97580468,478.11190099,340.61186648,165.71054446,63.54921851,18.94465547,11.81002286,4.18841462,2.94267925,2.09661125,0.45534753,1.55686984,834.66869820,706.88201540,462.07468436,333.24399499,176.09633497,72.41550793,18.23862571,10.81739828,3.93273761,3.14131097,2.94267925,0.69817155,0.45534753
834.66869820,706.88201540,462.07468436,333.24399499,176.09633497,72.41550793,18.23862571,10.81739828,3.93273761,3.14131097,2.94267925,0.69817155,0.45534753,862.03138133,742.02047270,447.45631575,322.06605500,172.28714541,76.95409838,20.78325078,10.41425528,3.60219363,2.94955321,3.14131097,0.97991219,0.69817155
862.03138133,742.02047270,447.45631575,322.06605500,172.28714541,76.95409838,20.78325078,10.41425528,3.60219363,2.94955321,3.14131097,0.97991219,0.69817155,864.78432856,766.34589800,469.69895922,311.87705208,166.50815043,75.28948254,22.08582624,11.86723619,3.46794701,2.70164522,2.94955321,1.04605655,0.97991219
864.78432856,766.34589800,469.69895922,311.87705208,166.50815043,75.28948254,22.08582624,11.86723619,3.46794701,2.70164522,2.94955321,1.04605655,0.97991219,848.82677808,768.79326809,485.09695343,327.38017458,161.24043592,72.76406174,21.60808149,12.61100678,3.95178965,2.60096026,2.70164522,0.98220122,1.04605655
848.82677808,768.79326809,485.09695343,327.38017458,161.24043592,72.76406174,21.60808149,12.61100678,3.95178965,2.60096026,2.70164522,0.98220122,1.04605655,838.71467550,754.60700572,486.64613870,338.11257654,169.25555026,70.46207050,20.88328572,12.33821453,4.19946526,2.96384224,2.60096026,0.89964786,0.98220122
838.71467550,754.60700572,486.64613870,338.11257654,169.25555026,70.46207050,20.88328572,12.33821453,4.19946526,2.96384224,2.60096026,0.89964786,0.98220122,846.27747024,745.61734652,477.66623462,339.19235867,174.80420207,73.96467546,20.22261423,11.92435615,4.10862544,3.14959894,2.96384224,0.86611977,0.89964786
846.27747024,745.61734652,477.66623462,339.19235867,174.80420207,73.96467546,20.22261423,11.92435615,4.10862544,3.14959894,2.96384224,0.86611977,0.89964786,862.40937072,752.34067104,471.97578035,332.93336553,175.36244943,76.38943631,21.22786186,11.54711273,3.97081060,3.08146908,3.14959894,0.98695947,0.86611977
862.40937072,752.34067104,471.97578035,332.93336553,175.36244943,76.38943631,21.22786186,11.54711273,3.97081060,3.08146908,3.14959894,0.98695947,0.86611977,867.52855531,766.68193057,476.23164477,328.96711890,172.12654998,76.63339040,21.92376822,12.12110912,3.84518854,2.97810795,3.08146908,1.04881645,0.98695947
867.52855531,766.68193057,476.23164477,328.96711890,172.12654998,76.63339040,21.92376822,12.12110912,3.84518854,2.97810795,3.08146908,1.04881645,0.98695947,861.93488633,771.23288567,485.30966205,331.93345640,170.07600047,75.21930234,21.99378305,12.51847165,4.03632934,2.88389140,2.97810795,1.02612920,1.04881645
840.79372659,468.29022318,563.89150629,189.96341381,27.25928511,114.16219499,31.34438021,5.67020999,5.46315672,2.73638173,3.31241276,0.42976466,1.94758389,909.80686244,747.46562294,296.42771127,393.03237988,98.21108494,11.91230759,32.76454996,17.89764110,1.88817993,4.09736754,2.73638173,1.10303345,0.42976466
909.80686244,747.46562294,296.42771127,393.03237988,98.21108494,11.91230759,32.76454996,17.89764110,1.88817993,4.09736754,2.73638173,1.10303345,0.42976466,781.27082550,808.81830071,473.14573932,206.61011476,203.19774040,42.91824412,3.41883228,18.70855803,5.95991449,1.41613495,4.09736754,0.91121512,1.10303345
781.27082550,808.81830071,473.14573932,206.61011476,203.19774040,42.91824412,3.41883228,18.70855803,5.95991449,1.41613495,4.09736754,0.91121512,1.10303345,773.38344091,694.54976387,511.98198435,329.78258031,106.81742933,88.79741255,12.31753606,1.95215323,6.22994982,4.46993586,1.41613495,1.36442339,0.91121512
773.38344091,694.54976387,511.98198435,329.78258031,106.81742933,88.79741255,12.31753606,1.95215323,6.22994982,4.46993586,1.41613495,1.36442339,0.91121512,794.56722721,687.53787897,439.65000053,356.85144309,170.49759402,46.67921662,25.48485740,7.03331309,0.65006703,4.67246237,4.46993586,0.47157294,1.36442339
794.56722721,687.53787897,439.65000053,356.85144309,170.49759402,46.67921662,25.48485740,7.03331309,0.65006703,4.67246237,4.46993586,0.47157294,1.36442339,849.69607279,706.37026499,435.21147739,306.43605037,184.49219608,74.50744859,13.39693517,14.55185358,2.34209326,0.48755027,4.67246237,1.48848864,0.47157294
849.69607279,706.37026499,435.21147739,306.43605037,184.49219608,74.50744859,13.39693517,14.55185358,2.34209326,0.48755027,4.67246237,1.48848864,0.47157294,875.06505078,755.37980871,447.13237774,303.34239974,158.42743804,80.62308969,21.38363774,7.64964998,4.84576724,1.75656994,0.48755027,1.55592997,1.48848864
875.06505078,755.37980871,447.13237774,303.34239974,158.42743804,80.62308969,21.38363774,7.64964998,4.84576724,1.75656994,0.48755027,1.55592997,1.48848864,833.25691200,777.93283015,478.15541891,311.65126728,156.82802067,69.23279042,23.13882674,12.21005715,2.54733344,3.63432543,1.75656994,0.16235424,1.55592997
833.25691200,777.93283015,478.15541891,311.65126728,156.82802067,69.23279042,23.13882674,12.21005715,2.54733344,3.63432543,1.75656994,0.16235424,1.55592997,816.05621195,740.76539477,492.43148148,333.27432698,161.12370519,68.53384503,19.86981085,13.21227007,4.06594903,1.91050008,3.63432543,0.58493779,0.16235424
816.05621195,740.76539477,492.43148148,333.27432698,161.12370519,68.53384503,19.86981085,13.21227007,4.06594903,1.91050008,3.63432543,0.58493779,0.16235424,827.30098943,725.47397242,468.90449489,343.22474259,172.30282705,70.41105917,19.66921352,11.34566200,4.39968593,3.04946177,1.91050008,1.21023037,0.58493779
827.30098943,725.47397242,468.90449489,343.22474259,172.30282705,70.41105917,19.66921352,11.34566200,4.39968593,3.04946177,1.91050008,1.21023037,0.58493779,852.93346080,735.47057960,459.22502454,326.82643294,177.44719192,75.29633542,20.20797398,11.23112092,3.77810544,3.29976445,3.04946177,0.63619653,1.21023037
852.93346080,735.47057960,459.22502454,326.82643294,177.44719192,75.29633542,20.20797398,11.23112092,3.77810544,3.29976445,3.04946177,0.63619653,1.21023037,873.68246041,758.25784665,465.55287689,320.07984211,168.96926583,77.54442287,21.61004827,11.53875314,3.73996327,2.83357908,3.29976445,1.01547077,0.63619653
873.68246041,758.25784665,465.55287689,320.07984211,168.96926583,77.54442287,21.61004827,11.53875314,3.73996327,2.83357908,3.29976445,1.01547077,0.63619653,858.58870724,776.70370731,479.97721693,324.49035519,165.48127837,73.83956917,22.25524936,12.33933756,3.84240480,2.80497245,2.83357908,1.09882156,1.01547077
858.58870724,776.70370731,479.97721693,324.49035519,165.48127837,73.83956917,22.25524936,12.33933756,3.84240480,2.80497245,2.83357908,1.09882156,1.01547077,845.14230167,763.28536074,491.65344673,334.54412020,167.76151363,72.31531865,21.19195635,12.70774739,4.10899941,2.88180360,2.80497245,0.94358183,1.09882156
845.14230167,763.28536074,491.65344673,334.54412020,167.76151363,72.31531865,21.19195635,12.70774739,4.10899941,2.88180360,2.80497245,0.94358183,1.09882156,847.92018498,751.33150618,483.15963335,342.68245237,172.95931014,73.31178146,20.75449645,12.10060708,4.23167988,3.08174956,2.88180360,0.93405583,0.94358183
847.92018498,751.33150618,483.15963335,342.68245237,172.95931014,73.31178146,20.75449645,12.10060708,4.23167988,3.08174956,2.88180360,0.93405583,0.94358183,859.23285960,753.80104445,475.59284341,336.76226444,177.16682787,75.58321853,21.04048128,11.85081747,4.02950216,3.17375991,3.08174956,0.95964060,0.93405583
859.23285960,753.80104445,475.59284341,336.76226444,177.16682787,75.58321853,21.04048128,11.85081747,4.02950216,3.17375991,3.08174956,0.95964060,0.93405583,868.01748720,763.85801218,477.15606114,331.48821186,174.10609072,77.42190378,21.69238372,12.01411481,3.94632222,3.02212662,3.17375991,1.02622260,0.95964060
868.01748720,763.85801218,477.15606114,331.48821186,174.10609072,77.42190378,21.69238372,12.01411481,3.94632222,3.02212662,3.17375991,1.02622260,0.95964060,866.16851465,771.66754612,483.52212171,332.57777461,171.37940553,76.08436164,22.22008639,12.38635110,4.00070023,2.95974166,3.02212662,1.05686205,1.02622260
866.16851465,771.66754612,483.52212171,332.57777461,171.37940553,76.08436164,22.22008639,12.38635110,4.00070023,2.95974166,3.02212662,1.05686205,1.02622260,859.35627279,770.02380953,488.46555669,337.01491883,171.94270947,74.89280022,21.83621179,12.68766933,4.12465492,3.00052517,2.95974166,1.00636816,1.05686205
859.35627279,770.02380953,488.46555669,337.01491883,171.94270947,74.89280022,21.83621179,12.68766933,4.12465492,3.00052517,2.95974166,1.00636816,1.05686205,858.04365814,763.96772651,487.42507143,340.46049301,174.23671304,75.13896404,21.49423366,12.46847693,4.22499389,3.09349119,3.00052517,0.98559397,1.00636816
858.04365814,763.96772651,487.42507143,340.46049301,174.23671304,75.13896404,21.49423366,12.46847693,4.22499389,3.09349119,3.00052517,0.98559397,1.00636816,862.44009483,762.80081209,483.59157088,339.73527479,176.01807489,76.14144360,21.56488268,12.27320742,4.15200282,3.16874541,3.09349119,0.99917488,0.98559397
1121.73895603,795.60659374,245.92921045,496.90458845,97.50219796,75.34431394,11.92667197,0.55772608,5.02267931,3.91321939,4.52655046,0.79200022,0.89429623,818.30308791,997.22593191,503.61897384,171.41265968,256.89967223,42.60846051,21.62381810,6.81012970,0.18572279,3.76700948,3.91321939,1.50734130,0.79200022
818.30308791,997.22593191,503.61897384,171.41265968,256.89967223,42.60846051,21.62381810,6.81012970,0.18572279,3.76700948,3.91321939,1.50734130,0.79200022,723.22233173,727.47144515,631.24401490,351.02242477,88.62034506,112.26515676,12.22862817,12.34720014,2.26777319,0.13929209,3.76700948,1.30310206,1.50734130
723.22233173,727.47144515,631.24401490,351.02242477,88.62034506,112.26515676,12.22862817,12.34720014,2.26777319,0.13929209,3.76700948,1.30310206,1.50734130,801.09213636,642.94465290,460.48942478,439.97707839,181.47859360,38.72709079,32.22009999,6.98254668,4.11161765,1.70082989,0.13929209,1.25441416,1.30310206
801.09213636,642.94465290,460.48942478,439.97707839,181.47859360,38.72709079,32.22009999,6.98254668,4.11161765,1.70082989,0.13929209,1.25441416,1.30310206,855.55222059,712.17090922,406.98396529,320.96112907,227.46814953,79.30614540,11.11467506,18.39767710,2.32518805,3.08371323,1.70082989,0.04638427,1.25441416
855.55222059,712.17090922,406.98396529,320.96112907,227.46814953,79.30614540,11.11467506,18.39767710,2.32518805,3.08371323,1.70082989,0.04638427,1.25441416,921.55487877,760.58592411,450.80418554,283.66782381,165.93690373,99.40358134,22.76086373,6.34647946,6.12642647,1.74389103,3.08371323,0.56637635,0.04638427
921.55487877,760.58592411,450.80418554,283.66782381,165.93690373,99.40358134,22.76086373,6.34647946,6.12642647,1.74389103,3.08371323,0.56637635,0.04638427,866.34870410,819.26228722,481.45088996,314.21051732,146.65626491,72.51442693,28.52882785,12.99645319,2.11337766,4.59481985,1.74389103,1.02687651,0.56637635
866.34870410,819.26228722,481.45088996,314.21051732,146.65626491,72.51442693,28.52882785,12.99645319,2.11337766,4.59481985,1.74389103,1.02687651,0.56637635,814.95134850,770.18399794,518.59302781,335.57127030,162.44683745,64.08878776,20.81164053,16.28996070,4.32781891,1.58503324,4.59481985,0.58071571,1.02687651
814.95134850,770.18399794,518.59302781,335.57127030,162.44683745,64.08878776,20.81164053,16.28996070,4.32781891,1.58503324,4.59481985,0.58071571,1.02687651,835.49761593,724.49174882,487.52647070,361.45934039,173.49034675,70.98926797,18.39348209,11.88344674,5.42455691,3.24586418,1.58503324,1.53007501,0.58071571
835.49761593,724.49174882,487.52647070,361.45934039,173.49034675,70.98926797,18.39348209,11.88344674,5.42455691,3.24586418,1.58503324,1.53007501,0.58071571,858.94853819,742.75738056,458.60327700,339.80595008,186.87447898,75.81528153,20.37391991,10.50267827,3.95718777,4.06841768,3.24586418,0.52781607,1.53007501
858.94853819,742.75738056,458.60327700,339.80595008,186.87447898,75.81528153,20.37391991,10.50267827,3.95718777,4.06841768,3.24586418,0.52781607,1.53007501,889.40962365,763.60525045,470.16542190,319.64648407,175.67967619,81.66414731,21.75898580,11.63350827,3.49739186,2.96789082,4.06841768,1.08087277,0.52781607
889.40962365,763.60525045,470.16542190,319.64648407,175.67967619,81.66414731,21.75898580,11.63350827,3.49739186,2.96789082,4.06841768,1.08087277,0.52781607,874.08947188,790.68515542,483.36212353,327.70529906,165.25723226,76.77201849,23.43761028,12.42438089,3.87395825,2.62304390,2.96789082,1.35478309,1.08087277
874.08947188,790.68515542,483.36212353,327.70529906,165.25723226,76.77201849,23.43761028,12.42438089,3.87395825,2.62304390,2.96789082,1.35478309,1.08087277,850.97457592,777.06554050,500.50370338,336.90340010,169.42363961,72.21741050,22.03356931,13.38287547,4.13731884,2.90546869,2.62304390,0.98830764,1.35478309
850.97457592,777.06554050,500.50370338,336.90340010,169.42363961,72.21741050,22.03356931,13.38287547,4.13731884,2.90546869,2.62304390,0.98830764,1.35478309,848.62972774,756.51639799,491.88248714,348.85108126,174.17905785,74.03813051,20.72639681,12.58116807,4.45649753,3.10298913,2.90546869,0.87347362,0.98830764
848.62972774,756.51639799,491.88248714,348.85108126,174.17905785,74.03813051,20.72639681,12.58116807,4.45649753,3.10298913,2.90546869,0.87347362,0.98830764,860.93139820,754.43182796,478.87487993,342.84209353,180.35600901,76.11624828,21.24894346,11.83477258,4.18952897,3.34237315,3.10298913,0.96752107,0.87347362
860.93139820,754.43182796,478.87487993,342.84209353,180.35600901,76.11624828,21.24894346,11.83477258,4.18952897,3.34237315,3.10298913,0.96752107,0.87347362,873.00735231,765.36801300,477.55534710,333.77579131,177.24936236,78.81557594,21.84536326,12.13314671,3.94097927,3.14214673,3.34237315,1.03329538,0.96752107
873.00735231,765.36801300,477.55534710,333.77579131,177.24936236,78.81557594,21.84536326,12.13314671,3.94097927,3.14214673,3.34237315,1.03329538,0.96752107,873.90213611,776.10353621,484.47795223,332.85607693,172.56208411,77.45797135,22.62007029,12.47370242,4.04033786,2.95573445,3.14214673,1.11301026,1.03329538
873.90213611,776.10353621,484.47795223,332.85607693,172.56208411,77.45797135,22.62007029,12.47370242,4.04033786,2.95573445,3.14214673,1.11301026,1.03329538,863.87809631,776.89899900,491.27353842,337.68113270,172.08659177,75.40963076,22.23043778,12.91606014,4.15374291,3.03025339,2.95573445,1.04633486,1.11301026
863.87809631,776.89899900,491.27353842,337.68113270,172.08659177,75.40963076,22.23043778,12.91606014,4.15374291,3.03025339,2.95573445,1.04633486,1.11301026,858.86576129,767.98762762,491.77706637,342.41765628,174.58114561,75.20184060,21.64256403,12.69357997,4.30104803,3.11530718,3.03025339,0.98425957,1.04633486
858.86576129,767.98762762,491.77706637,342.41765628,174.58114561,75.20184060,21.64256403,12.69357997,4.30104803,3.11530718,3.03025339,0.98425957,1.04633486,862.73774412,763.53166179,486.13616828,342.76861526,177.02992830,76.29196063,21.58292825,12.35790406,4.22696213,3.22578602,3.11530718,1.00907438,0.98425957
862.73774412,763.53166179,486.13616828,342.76861526,177.02992830,76.29196063,21.58292825,12.35790406,4.22696213,3.22578602,3.11530718,1.00907438,0.98425957,869.11445175,766.97385452,483.31554191,338.83690929,177.21137409,77.36207867,21.89579270,12.32385203,4.11518205,3.17022160,3.22578602,1.03739729,1.00907438
260.43870682,171.82514155,480.41667743,59.84904200,212.44543187,57.94001911,20.33568271,19.93023600,3.27791267,0.93229496,1.65662005,1.24258503,1.22110370,989.41734437,231.53001036,108.76531460,334.85042417,30.94195471,92.83865373,16.62878548,11.61167482,6.63676859,2.45843451,0.93229496,0.55165448,1.24258503
989.41734437,231.53001036,108.76531460,334.85042417,30.94195471,92.83865373,16.62878548,11.61167482,6.63676859,2.45843451,0.93229496,0.55165448,1.24258503,774.20050961,879.59201914,146.55849656,75.80942428,173.11766929,13.52163421,26.64469362,9.49503651,3.86668772,4.97757644,2.45843451,0.31045422,0.55165448
774.20050961,879.59201914,146.55849656,75.80942428,173.11766929,13.52163421,26.64469362,9.49503651,3.86668772,4.97757644,2.45843451,0.31045422,0.55165448,686.85130778,688.26425304,556.78174812,102.15127210,39.19347235,75.65242148,3.88070902,15.21412006,3.16184716,2.90001579,4.97757644,0.81865869,0.31045422
686.85130778,688.26425304,556.78174812,102.15127210,39.19347235,75.65242148,3.88070902,15.21412006,3.16184716,2.90001579,4.97757644,0.81865869,0.31045422,655.80368234,610.61081262,435.67127218,388.07687844,52.81220768,17.12754742,21.71224497,2.21588485,5.06630198,2.37138537,2.90001579,1.65753296,0.81865869
655.80368234,610.61081262,435.67127218,388.07687844,52.81220768,17.12754742,21.71224497,2.21588485,5.06630198,2.37138537,2.90001579,1.65753296,0.81865869,680.09825308,583.00947360,386.51664439,303.66287671,200.63574615,23.07893475,4.91560611,12.39769188,0.73788965,3.79972648,2.37138537,0.96570526,1.65753296
680.09825308,583.00947360,386.51664439,303.66287671,200.63574615,23.07893475,4.91560611,12.39769188,0.73788965,3.79972648,2.37138537,0.96570526,1.65753296,820.50975986,604.60734698,369.04499679,269.40210114,156.99370726,87.67782107,6.62365427,2.80681109,4.12843139,0.55341724,3.79972648,0.78967133,0.96570526
820.50975986,604.60734698,369.04499679,269.40210114,156.99370726,87.67782107,6.62365427,2.80681109,4.12843139,0.55341724,3.79972648,0.78967133,0.96570526,860.53751521,729.43317651,382.71645064,257.22436276,139.28088629,68.60625007,25.16353465,3.78210659,0.93466809,3.09632355,0.55341724,1.26530892,0.78967133
860.53751521,729.43317651,382.71645064,257.22436276,139.28088629,68.60625007,25.16353465,3.78210659,0.93466809,3.09632355,0.55341724,1.26530892,0.78967133,778.67598146,765.01785102,461.73120073,266.75336610,132.98499555,60.86574731,19.68999377,14.36837828,1.25944149,0.70100107,3.09632355,0.18428794,1.26530892
778.67598146,765.01785102,461.73120073,266.75336610,132.98499555,60.86574731,19.68999377,14.36837828,1.25944149,0.70100107,3.09632355,0.18428794,1.26530892,759.38620689,692.24294752,484.25629970,321.82664691,137.91149027,58.11444305,17.46846948,11.24298644,4.78466997,0.94458112,0.70100107,1.03107574,0.18428794
759.38620689,692.24294752,484.25629970,321.82664691,137.91149027,58.11444305,17.46846948,11.24298644,4.78466997,0.94458112,0.70100107,1.03107574,0.18428794,767.84522151,675.09433792,438.18978578,337.52664089,166.38437645,60.26732125,16.67884516,9.97449607,3.74391449,3.58850248,0.94458112,0.23343336,1.03107574
767.84522151,675.09433792,438.18978578,337.52664089,166.38437645,60.26732125,16.67884516,9.97449607,3.74391449,3.58850248,0.94458112,0.23343336,1.03107574,829.89289451,682.61440192,427.33471590,305.41828069,174.50127334,72.70997251,17.29672120,9.52362058,3.32150719,2.80793586,3.58850248,0.31454551,0.23343336
829.89289451,682.61440192,427.33471590,305.41828069,174.50127334,72.70997251,17.29672120,9.52362058,3.32150719,2.80793586,3.58850248,0.31454551,0.23343336,861.66286662,737.77478322,432.09491641,297.85229699,157.90125112,76.25705645,20.86776211,9.87642780,3.17136565,2.49113039,2.80793586,1.19497132,0.31454551
861.66286662,737.77478322,432.09491641,297.85229699,157.90125112,76.25705645,20.86776211,9.87642780,3.17136565,2.49113039,2.80793586,1.19497132,0.31454551,840.06567651,766.01828842,467.01143778,301.17015674,153.98963754,69.00284674,21.88577520,11.91549217,3.28885046,2.37852424,2.49113039,0.93504264,1.19497132
840.06567651,766.01828842,467.01143778,301.17015674,153.98963754,69.00284674,21.88577520,11.91549217,3.28885046,2.37852424,2.49113039,0.93504264,1.19497132,820.14730846,746.81838642,484.88957657,325.50697213,155.70497104,67.29347161,19.80381701,12.49677764,3.96785889,2.46663784,2.37852424,0.82954642,0.93504264
820.14730846,746.81838642,484.88957657,325.50697213,155.70497104,67.29347161,19.80381701,12.49677764,3.96785889,2.46663784,2.37852424,0.82954642,0.93504264,820.97590314,729.11095722,472.73603860,337.96803487,168.28710459,68.04307234,19.31322635,11.30797951,4.16142695,2.97589417,2.46663784,0.79204857,0.82954642
820.97590314,729.11095722,472.73603860,337.96803487,168.28710459,68.04307234,19.31322635,11.30797951,4.16142695,2.97589417,2.46663784,0.79204857,0.82954642,842.69371630,729.84757790,461.52723592,329.49701891,174.72947403,73.54146471,19.52836176,11.02785225,3.76555718,3.12107022,2.97589417,0.82139040,0.79204857
842.69371630,729.84757790,461.52723592,329.49701891,174.72947403,73.54146471,19.52836176,11.02785225,3.76555718,3.12107022,2.97589417,0.82139040,0.79204857,862.17711704,749.15471379,461.99351681,321.68448344,170.34995877,76.35678015,21.10640037,11.15069457,3.67227480,2.82416788,3.12107022,0.99097276,0.82139040
862.17711704,749.15471379,461.99351681,321.68448344,170.34995877,76.35678015,21.10640037,11.15069457,3.67227480,2.82416788,3.12107022,0.99097276,0.82139040,859.94210348,766.47545705,474.21493383,322.00948122,166.31087794,74.44293198,21.91439590,12.05175461,3.71318129,2.75420610,2.82416788,1.03931638,0.99097276
859.94210348,766.47545705,474.21493383,322.00948122,166.31087794,74.44293198,21.91439590,12.05175461,3.71318129,2.75420610,2.82416788,1.03931638,0.99097276,848.23758338,764.48853000,485.17896431,330.52780888,166.47890179,72.67785366,21.36512148,12.51312006,4.01323429,2.78488597,2.75420610,0.94044791,1.03931638
848.23758338,764.48853000,485.17896431,330.52780888,166.47890179,72.67785366,21.36512148,12.51312006,4.01323429,2.78488597,2.75420610,0.94044791,1.03931638,845.44860806,754.08321163,483.92123949,338.16973813,170.88287719,72.75128008,20.85854400,12.19948436,4.16686898,3.00992571,2.78488597,0.91715063,0.94044791
134.45684751,671.75529138,695.35723329,85.83831590,265.67989695,0.32297384,15.12864571,2.83084193,3.52589099,3.30819622,3.90502715,1.41075154,0.72419880,693.15514433,119.53213744,425.22109944,484.66399160,44.37840932,116.10211497,0.09269349,8.63845670,0.94267036,2.64441824,3.30819622,1.30037404,1.41075154
693.15514433,119.53213744,425.22109944,484.66399160,44.37840932,116.10211497,0.09269349,8.63845670,0.94267036,2.64441824,3.30819622,1.30037404,1.41075154,1063.20945709,616.21492331,75.66384300,296.37910631,250.57128366,19.39336487,33.32130700,0.05292798,2.87660608,0.70700277,2.64441824,1.10162934,1.30037404
1063.20945709,616.21492331,75.66384300,296.37910631,250.57128366,19.39336487,33.32130700,0.05292798,2.87660608,0.70700277,2.64441824,1.10162934,1.30037404,939.85213967,945.19320736,390.06404646,52.73769857,153.22799796,109.49965096,5.56589572,19.02646629,0.01762502,2.15745456,0.70700277,0.88059127,1.10162934
939.85213967,945.19320736,390.06404646,52.73769857,153.22799796,109.49965096,5.56589572,19.02646629,0.01762502,2.15745456,0.70700277,0.88059127,1.10162934,736.26406095,835.52855216,598.30730026,271.87464038,27.26539016,66.96063511,31.42639983,3.17812646,6.33581328,0.01321876,2.15745456,0.23543192,0.88059127
736.26406095,835.52855216,598.30730026,271.87464038,27.26539016,66.96063511,31.42639983,3.17812646,6.33581328,0.01321876,2.15745456,0.23543192,0.88059127,623.53355449,654.53875019,528.88957352,417.02018828,140.55918908,11.91497550,19.21770228,17.94447430,1.05831611,4.75185996,0.01321876,0.71843237,0.23543192
623.53355449,654.53875019,528.88957352,417.02018828,140.55918908,11.91497550,19.21770228,17.94447430,1.05831611,4.75185996,0.01321876,0.71843237,0.23543192,736.82146048,554.32132994,414.32302887,368.63603274,215.59943734,61.42436563,3.41959797,10.97330800,5.97550994,0.79373708,4.75185996,0.00440185,0.71843237
736.82146048,554.32132994,414.32302887,368.63603274,215.59943734,61.42436563,3.41959797,10.97330800,5.97550994,0.79373708,4.75185996,0.00440185,0.71843237,928.33889962,655.03427837,350.88540185,288.78315112,190.58482893,94.21695412,17.62879293,1.95259044,3.65411156,4.48163246,0.79373708,1.58236937,0.00440185
928.33889962,655.03427837,350.88540185,288.78315112,190.58482893,94.21695412,17.62879293,1.95259044,3.65411156,4.48163246,0.79373708,1.58236937,0.00440185,917.69193091,825.29328176,414.63669821,244.56712509,149.30088913,83.28557024,27.04026583,10.06604077,0.65021262,2.74058367,4.48163246,0.26431445,1.58236937
917.69193091,825.29328176,414.63669821,244.56712509,149.30088913,83.28557024,27.04026583,10.06604077,0.65021262,2.74058367,4.48163246,0.26431445,1.58236937,832.89645032,815.82812658,522.41064735,289.00177865,126.44120367,65.24448855,23.90295866,15.43999179,3.35199157,0.48765946,2.74058367,1.49238361,0.26431445
832.89645032,815.82812658,522.41064735,289.00177865,126.44120367,65.24448855,23.90295866,15.43999179,3.35199157,0.48765946,2.74058367,1.49238361,0.26431445,757.78242805,740.44494434,516.41920413,364.12022120,149.41391956,55.25480600,18.72516821,13.64858939,5.14151727,2.51399368,0.48765946,0.91261436,1.49238361
757.78242805,740.44494434,516.41920413,364.12022120,149.41391956,55.25480600,18.72516821,13.64858939,5.14151727,2.51399368,0.48765946,0.91261436,1.49238361,794.90613869,673.66857854,468.70164977,359.94418528,188.25015436,65.29388285,15.85812932,10.69207105,4.54498027,3.85613795,2.51399368,0.16239060,0.91261436
794.90613869,673.66857854,468.70164977,359.94418528,188.25015436,65.29388285,15.85812932,10.69207105,4.54498027,3.85613795,2.51399368,0.16239060,0.91261436,873.19606261,706.67155729,426.43221021,326.68504989,186.09114379,82.26531746,18.73934438,9.05499184,3.56045966,3.40873520,3.85613795,0.83715990,0.16239060
873.19606261,706.67155729,426.43221021,326.68504989,186.09114379,82.26531746,18.73934438,9.05499184,3.56045966,3.40873520,3.85613795,0.83715990,0.16239060,897.67520366,776.27129966,447.32309577,297.22325052,168.89617079,81.32182984,23.61014611,10.70016564,3.01531228,2.67034474,3.40873520,1.28409394,0.83715990
897.67520366,776.27129966,447.32309577,297.22325052,168.89617079,81.32182984,23.61014611,10.70016564,3.01531228,2.67034474,3.40873520,1.28409394,0.83715990,863.04742607,798.03325605,491.37973269,311.78419775,153.66442052,73.80762664,23.33936516,13.48139343,3.56315516,2.26148421,2.67034474,1.13510882,1.28409394
863.04742607,798.03325605,491.37973269,311.78419775,153.66442052,73.80762664,23.33936516,13.48139343,3.56315516,2.26148421,2.67034474,1.13510882,1.28409394,826.67884453,767.24916177,505.15505108,342.49167368,161.19243024,67.15135177,21.18278884,13.32677751,4.48930401,2.67236637,2.26148421,0.88922480,1.13510882
826.67884453,767.24916177,505.15505108,342.49167368,161.19243024,67.15135177,21.18278884,13.32677751,4.48930401,2.67236637,2.26148421,0.88922480,1.13510882,827.71677306,734.91749279,485.66871940,352.09307060,177.06819529,70.44109201,19.27243796,12.09537243,4.43781691,3.36697801,2.67236637,0.75307424,0.88922480
827.71677306,734.91749279,485.66871940,352.09307060,177.06819529,70.44109201,19.27243796,12.09537243,4.43781691,3.36697801,2.67236637,0.75307424,0.88922480,859.53022039,735.84021125,465.20277294,338.51109742,182.03211750,77.37880134,20.21659341,11.00456207,4.02775902,3.32836268,3.36697801,0.88989800,0.75307424
859.53022039,735.84021125,465.20277294,338.51109742,182.03211750,77.37880134,20.21659341,11.00456207,4.02775902,3.32836268,3.36697801,0.88989800,0.75307424,880.88529867,764.12236593,465.78685372,324.24633274,175.01023737,79.54803535,22.20771599,11.54367484,3.66451917,3.02081926,3.32836268,1.12120368,0.88989800
880.88529867,764.12236593,465.78685372,324.24633274,175.01023737,79.54803535,22.20771599,11.54367484,3.66451917,3.02081926,3.32836268,1.12120368,0.88989800,872.23874441,783.10703052,483.68945763,324.65343704,167.63535403,76.47947373,22.83028615,12.68060583,3.84404372,2.74838938,3.02081926,1.10834477,1.12120368
872.23874441,783.10703052,483.68945763,324.65343704,167.63535403,76.47947373,22.83028615,12.68060583,3.84404372,2.74838938,3.02081926,1.10834477,1.12120368,853.44756280,775.42024378,495.70675032,337.13155197,167.84582695,73.25664971,21.94960896,13.03609339,4.22264174,2.88303279,2.74838938,1.00593282,1.10834477
1248.39339415,12.03414146,85.92020581,397.28252530,117.05039232,102.93194074,23.67271043,17.18900844,1.77022969,1.53333161,2.28486785,0.61714989,1.39477252,900.61575479,1109.82172740,7.61761154,59.88638345,205.39506558,51.15102144,29.54146699,13.51711766,5.72393981,1.32767227,1.53333161,0.76086099,0.61714989
900.61575479,1109.82172740,7.61761154,59.88638345,205.39506558,51.15102144,29.54146699,13.51711766,5.72393981,1.32767227,1.53333161,0.76086099,0.61714989,760.02179532,800.64740601,702.51715344,5.30947525,30.96126024,89.75764366,14.68034315,16.86817765,4.50120018,4.29295486,1.32767227,0.51059943,0.76086099
760.02179532,800.64740601,702.51715344,5.30947525,30.96126024,89.75764366,14.68034315,16.86817765,4.50120018,4.29295486,1.32767227,0.51059943,0.76086099,618.16867355,675.65937604,506.80980800,489.65445595,2.74499870,13.53007073,25.76044373,8.38247594,5.61710316,3.37590013,4.29295486,0.44211487,0.51059943
618.16867355,675.65937604,506.80980800,489.65445595,2.74499870,13.53007073,25.76044373,8.38247594,5.61710316,3.37590013,4.29295486,0.44211487,0.51059943,662.76040402,549.55195078,427.69238503,353.24643618,253.15135373,1.19956443,3.88313030,14.70921337,2.79136449,4.21282737,3.37590013,1.42955397,0.44211487
662.76040402,549.55195078,427.69238503,353.24643618,253.15135373,1.19956443,3.88313030,14.70921337,2.79136449,4.21282737,3.37590013,1.42955397,0.44211487,862.30690649,589.19399917,347.86638484,298.10159237,182.62840750,110.62714158,0.34427499,2.21726740,4.89816805,2.09352337,4.21282737,1.12417474,1.42955397
862.30690649,589.19399917,347.86638484,298.10159237,182.62840750,110.62714158,0.34427499,2.21726740,4.89816805,2.09352337,4.21282737,1.12417474,1.42955397,964.39064371,766.59083987,372.95980148,242.46287024,154.11852325,79.80861408,31.74998963,0.19658102,0.73835004,3.67362604,2.09352337,1.40287151,1.12417474
964.39064371,766.59083987,372.95980148,242.46287024,154.11852325,79.80861408,31.74998963,0.19658102,0.73835004,3.67362604,2.09352337,1.40287151,1.12417474,829.43969193,857.34328226,485.25200164,259.95298163,125.35330391,67.34979466,22.90507224,18.12924408,0.06546148,0.55376253,3.67362604,0.69714328,1.40287151
829.43969193,857.34328226,485.25200164,259.95298163,125.35330391,67.34979466,22.90507224,18.12924408,0.06546148,0.55376253,3.67362604,0.69714328,1.40287151,752.87025343,737.37188612,542.69829767,338.22064514,134.39569150,54.77939381,19.32939107,13.07879625,6.03703828,0.04909611,0.55376253,1.22331747,0.69714328
752.87025343,737.37188612,542.69829767,338.22064514,134.39569150,54.77939381,19.32939107,13.07879625,6.03703828,0.04909611,0.55376253,1.22331747,0.69714328,752.53490764,669.30165530,466.75640392,378.26071348,174.86007354,58.73091719,15.72168602,11.03708230,4.35523915,4.52777871,0.04909611,0.18440292,1.22331747
752.53490764,669.30165530,466.75640392,378.26071348,174.86007354,58.73091719,15.72168602,11.03708230,4.35523915,4.52777871,0.04909611,0.18440292,1.22331747,841.92788651,669.00353289,423.66794781,325.32921353,195.56078887,76.41385214,16.85577323,8.97708272,3.67534841,3.26642936,4.52777871,0.01634900,0.18440292
841.92788651,669.00353289,423.66794781,325.32921353,195.56078887,76.41385214,16.85577323,8.97708272,3.67534841,3.26642936,4.52777871,0.01634900,0.18440292,903.70374726,748.47389111,423.47923632,295.29655962,168.19520339,85.46006474,21.93077556,9.62464652,2.98936855,2.75651130,3.26642936,1.50775031,0.01634900
903.70374726,748.47389111,423.47923632,295.29655962,168.19520339,85.46006474,21.93077556,9.62464652,2.98936855,2.75651130,3.26642936,1.50775031,0.01634900,870.02302212,803.39263132,473.78397307,295.16502772,152.66832132,73.50130388,24.52703858,12.52247285,3.20500729,2.24202641,2.75651130,1.08772098,1.50775031
870.02302212,803.39263132,473.78397307,295.16502772,152.66832132,73.50130388,24.52703858,12.52247285,3.20500729,2.24202641,2.75651130,1.08772098,1.50775031,825.72456288,773.45046667,508.54753562,330.22742923,152.60031933,66.71605642,21.09487421,14.00493903,4.16998346,2.40375547,2.24202641,0.91791826,1.08772098
825.72456288,773.45046667,508.54753562,330.22742923,152.60031933,66.71605642,21.09487421,14.00493903,4.16998346,2.40375547,2.24202641,0.91791826,1.08772098,813.27530761,734.06913640,489.59414540,354.45763233,170.72758091,66.68633955,19.14750819,12.04517318,4.66364470,3.12748759,2.40375547,0.74659479,0.91791826
813.27530761,734.06913640,489.59414540,354.45763233,170.72758091,66.68633955,19.14750819,12.04517318,4.66364470,3.12748759,2.40375547,0.74659479,0.91791826,844.43898624,723.00174847,464.66576334,341.24711934,183.25459591,74.60795286,19.13897945,10.93322718,4.01104267,3.49773352,3.12748759,0.80045057,0.74659479
844.43898624,723.00174847,464.66576334,341.24711934,183.25459591,74.60795286,19.13897945,10.93322718,4.01104267,3.49773352,3.12748759,0.80045057,0.74659479,877.75519619,750.70625876,457.66010678,323.87203705,176.42476070,80.08225841,21.41248247,10.92835727,3.64076465,3.00828200,3.49773352,1.04145337,0.80045057
877.75519619,750.70625876,457.66010678,323.87203705,176.42476070,80.08225841,21.41248247,10.92835727,3.64076465,3.00828200,3.49773352,1.04145337,0.80045057,877.05282362,780.32436941,475.19706180,318.98909442,167.44184316,77.09762043,22.98360816,12.22652749,3.63914297,2.73057349,3.00828200,1.16474526,1.04145337
877.05282362,780.32436941,475.19706180,318.98909442,167.44184316,77.09762043,22.98360816,12.22652749,3.63914297,2.73057349,3.00828200,1.16474526,1.04145337,853.96707098,779.69996020,493.94532584,331.21235207,164.91736182,73.17208546,22.12701706,13.12364026,4.07143365,2.72935723,2.73057349,1.00175791,1.16474526
853.96707098,779.69996020,493.94532584,331.21235207,164.91736182,73.17208546,22.12701706,13.12364026,4.07143365,2.72935723,2.73057349,1.00175791,1.16474526,842.93826527,759.17672610,493.55007481,344.27989211,171.23678602,72.06888711,21.00038853,12.63452674,4.37017221,3.05357524,2.72935723,0.90928097,1.00175791
842.93826527,759.17672610,493.55007481,344.27989211,171.23678602,72.06888711,21.00038853,12.63452674,4.37017221,3.05357524,2.72935723,0.90928097,1.00175791,852.21836882,749.37211783,480.55886762,344.00440214,177.99270422,74.83047549,20.68377060,11.99122185,4.20729741,3.27762916,3.05357524,0.90887596,0.90928097
714.13716730,986.19259312,418.53164043,216.72221221,45.68907827,64.04546846,4.28584227,11.53910998,1.33568020,0.21001672,1.14548991,0.22351079,0.45085982,508.91054861,634.86794173,624.25991144,291.71655338,112.04538371,19.96612720,18.38104945,2.44721594,3.84252362,1.00176015,0.21001672,0.38144814,0.22351079
508.91054861,634.86794173,624.25991144,291.71655338,112.04538371,19.96612720,18.38104945,2.44721594,3.84252362,1.00176015,0.21001672,0.38144814,0.22351079,601.33196334,452.42147772,401.87140711,435.10915828,150.81745810,48.96383268,5.73027851,10.49557923,0.81492291,2.88189272,1.00176015,0.06993557,0.38144814
601.33196334,452.42147772,401.87140711,435.10915828,150.81745810,48.96383268,5.73027851,10.49557923,0.81492291,2.88189272,1.00176015,0.06993557,0.38144814,850.88591502,534.58411541,286.38279540,280.10437076,224.95143483,65.90722919,14.05261998,3.27198903,3.49502789,0.61119218,2.88189272,0.33358613,0.06993557
850.88591502,534.58411541,286.38279540,280.10437076,224.95143483,65.90722919,14.05261998,3.27198903,3.49502789,0.61119218,2.88189272,0.33358613,0.06993557,929.88613435,756.43757845,338.39174506,199.60880839,144.81395968,98.30377702,18.91537478,8.02404601,1.08957235,2.62127091,0.61119218,0.95967028,0.33358613
929.88613435,756.43757845,338.39174506,199.60880839,144.81395968,98.30377702,18.91537478,8.02404601,1.08957235,2.62127091,0.61119218,0.95967028,0.33358613,818.56701033,826.66877344,478.82498716,235.85904630,103.19775394,63.28370038,28.21318400,10.80067900,2.67200732,0.81717926,2.62127091,0.20352700,0.95967028
818.56701033,826.66877344,478.82498716,235.85904630,103.19775394,63.28370038,28.21318400,10.80067900,2.67200732,0.81717926,2.62127091,0.20352700,0.95967028,713.73784089,727.70607218,523.28133359,333.74101605,121.93912694,45.09741847,18.16242201,16.10972807,3.59662611,2.00400549,0.81717926,0.87288321,0.20352700
713.73784089,727.70607218,523.28133359,333.74101605,121.93912694,45.09741847,18.16242201,16.10972807,3.59662611,2.00400549,0.81717926,0.87288321,0.20352700,731.91938915,634.51294055,460.63794369,364.72708951,172.54410530,53.28739847,12.94295910,10.37074297,5.36453945,2.69746958,2.00400549,0.27212069,0.87288321
731.91938915,634.51294055,460.63794369,364.72708951,172.54410530,53.28739847,12.94295910,10.37074297,5.36453945,2.69746958,2.00400549,0.27212069,0.87288321,839.91508165,650.67633695,401.64669137,321.06464675,188.56390528,75.40177402,15.29348336,7.39042965,3.45345741,4.02340458,2.69746958,0.66733383,0.27212069
839.91508165,650.67633695,401.64669137,321.06464675,188.56390528,75.40177402,15.29348336,7.39042965,3.45345741,4.02340458,2.69746958,0.66733383,0.27212069,894.56948891,746.68450758,411.87812129,279.94774388,165.99042237,82.40242661,21.64030914,8.73257900,2.46101307,2.59009306,4.02340458,0.89825737,0.66733383
894.56948891,746.68450758,411.87812129,279.94774388,165.99042237,82.40242661,21.64030914,8.73257900,2.46101307,2.59009306,4.02340458,0.89825737,0.66733383,864.45088383,795.27227564,472.65129330,287.07905054,144.73298359,72.53781458,23.64949644,12.35661652,2.90794881,1.84575980,2.59009306,1.33979373,0.89825737
864.45088383,795.27227564,472.65129330,287.07905054,144.73298359,72.53781458,23.64949644,12.35661652,2.90794881,1.84575980,2.59009306,1.33979373,0.89825737,805.30403172,768.49683573,503.40735048,329.43795143,148.41986913,63.24831383,20.81835278,13.50386246,4.11475330,2.18096161,1.84575980,0.86250099,1.33979373
805.30403172,768.49683573,503.40735048,329.43795143,148.41986913,63.24831383,20.81835278,13.50386246,4.11475330,2.18096161,1.84575980,0.86250099,1.33979373,801.46020600,715.91528420,486.45849701,350.87492329,170.31942089,64.85948281,18.15226607,11.88727944,4.49678620,3.08606498,2.18096161,0.61463801,0.86250099
801.46020600,715.91528420,486.45849701,350.87492329,170.31942089,64.85948281,18.15226607,11.88727944,4.49678620,3.08606498,2.18096161,0.61463801,0.86250099,840.11509227,712.49812313,453.17437490,339.06157242,181.40233534,74.42958693,18.61467157,10.36494393,3.95846405,3.37258965,3.08606498,0.72626021,0.61463801
840.11509227,712.49812313,453.17437490,339.06157242,181.40233534,74.42958693,18.61467157,10.36494393,3.95846405,3.37258965,3.08606498,0.72626021,0.61463801,875.66127778,746.86231703,451.01131194,315.86253930,175.29483294,79.27282054,21.36129145,10.62897746,3.45152633,2.96884804,3.37258965,1.02765964,0.72626021
875.66127778,746.86231703,451.01131194,315.86253930,175.29483294,79.27282054,21.36129145,10.62897746,3.45152633,2.96884804,3.37258965,1.02765964,0.72626021,872.27381939,778.46287594,472.76384668,314.35488442,163.30093282,76.60384200,22.75129950,12.19729742,3.53944950,2.58864475,2.96884804,1.12307235,1.02765964
872.27381939,778.46287594,472.76384668,314.35488442,163.30093282,76.60384200,22.75129950,12.19729742,3.53944950,2.58864475,2.96884804,1.12307235,1.02765964,847.35382047,775.45142544,492.76700047,329.51640114,162.52147525,71.36250764,21.98530265,12.99099201,4.06170004,2.65458712,2.58864475,0.98862640,1.12307235
847.35382047,775.45142544,492.76700047,329.51640114,162.52147525,71.36250764,21.98530265,12.99099201,4.06170004,2.65458712,2.58864475,0.98862640,1.12307235,836.33675160,753.29754640,490.86075230,343.45859933,170.35997939,71.02188468,20.48103969,12.55360781,4.32600034,3.04627503,2.65458712,0.86201870,0.98862640
836.33675160,753.29754640,490.86075230,343.45859933,170.35997939,71.02188468,20.48103969,12.55360781,4.32600034,3.04627503,2.65458712,0.86201870,0.98862640,849.45714324,743.50337218,476.83734687,342.12994435,177.56809585,74.44731099,20.38328090,11.69467366,4.18035140,3.24450026,3.04627503,0.88397751,0.86201870
849.45714324,743.50337218,476.83734687,342.12994435,177.56809585,74.44731099,20.38328090,11.69467366,4.18035140,3.24450026,3.04627503,0.88397751,0.86201870,867.97703021,755.16740034,470.63763459,332.35563077,176.88118123,77.59725789,21.36637825,11.63885340,3.89432633,3.13526355,3.24450026,1.01440958,0.88397751
867.97703021,755.16740034,470.63763459,332.35563077,176.88118123,77.59725789,21.36637825,11.63885340,3.89432633,3.13526355,3.24450026,1.01440958,0.88397751,871.99417102,771.63157986,478.02096441,328.03443131,171.82786111,77.29707620,22.27041301,12.20020198,3.87573818,2.92074475,3.13526355,1.08041858,1.01440958
503.00081074,344.44060018,371.53486116,266.90495376,200.71043920,39.15468793,30.19378436,8.40200452,6.57852443,4.63135856,2.68966044,1.80423802,1.68361407,1087.65701621,447.16772075,218.03089992,258.95979823,137.98986109,87.71046193,11.23739544,17.24065087,2.79786751,4.93389333,4.63135856,0.89565693,1.80423802
1087.65701621,447.16772075,218.03089992,258.95979823,137.98986109,87.71046193,11.23739544,17.24065087,2.79786751,4.93389333,4.63135856,0.89565693,1.80423802,1072.47701422,966.92708741,283.05716723,151.96753724,133.88221568,60.30156930,25.17290257,6.41655279,5.74113674,2.09840063,4.93389333,1.54224240,0.89565693
1072.47701422,966.92708741,283.05716723,151.96753724,133.88221568,60.30156930,25.17290257,6.41655279,5.74113674,2.09840063,4.93389333,1.54224240,0.89565693,740.44874995,953.43206564,612.06484633,197.29084556,78.56721675,58.50652825,17.30655039,14.37372737,2.13671208,4.30585256,2.09840063,1.64298648,1.54224240
740.44874995,953.43206564,612.06484633,197.29084556,78.56721675,58.50652825,17.30655039,14.37372737,2.13671208,4.30585256,2.09840063,1.64298648,1.54224240,631.83915155,658.25893871,603.52249755,426.60919789,101.99936716,34.33387372,16.79137361,9.88204027,4.78645121,1.60253406,4.30585256,0.69876741,1.64298648
631.83915155,658.25893871,603.52249755,426.60919789,101.99936716,34.33387372,16.79137361,9.88204027,4.78645121,1.60253406,4.30585256,0.69876741,1.64298648,745.93171676,561.70500573,416.67790820,420.65518079,220.55695531,44.57372345,9.85382176,9.58787433,3.29071941,3.58983841,1.60253406,1.43384890,0.69876741
745.93171676,561.70500573,416.67790820,420.65518079,220.55695531,44.57372345,9.85382176,9.58787433,3.29071941,3.58983841,1.60253406,1.43384890,0.69876741,908.30870589,663.13329620,355.55926863,290.42450202,217.47872847,96.38338947,12.79265863,5.62653222,3.19276215,2.46803956,3.58983841,0.53364384,1.43384890
908.30870589,663.13329620,355.55926863,290.42450202,217.47872847,96.38338947,12.79265863,5.62653222,3.19276215,2.46803956,3.58983841,0.53364384,1.43384890,959.53368350,807.48643954,419.76337649,247.82481023,150.14946754,95.03820434,27.66203278,7.30460808,1.87363523,2.39457161,2.46803956,1.19541619,0.53364384
959.53368350,807.48643954,419.76337649,247.82481023,150.14946754,95.03820434,27.66203278,7.30460808,1.87363523,2.39457161,2.46803956,1.19541619,0.53364384,834.60630009,853.02544464,511.13891623,292.57507342,128.12542689,65.61531732,27.27596465,15.79502072,2.43243449,1.40522642,2.39457161,0.82185717,1.19541619
834.60630009,853.02544464,511.13891623,292.57507342,128.12542689,65.61531732,27.27596465,15.79502072,2.43243449,1.40522642,2.39457161,0.82185717,1.19541619,762.87298059,741.96500078,539.96510645,356.26382461,151.26131296,55.99081155,18.83159607,15.57457581,5.25974190,1.82432587,1.40522642,0.79739235,0.82185717
762.87298059,741.96500078,539.96510645,356.26382461,151.26131296,55.99081155,18.83159607,15.57457581,5.25974190,1.82432587,1.40522642,0.79739235,0.82185717,791.96291715,678.19407974,469.66384549,376.35567920,184.18839732,66.10119376,16.06936292,10.75284136,5.18633375,3.94480642,1.82432587,0.46794040,0.79739235
791.96291715,678.19407974,469.66384549,376.35567920,184.18839732,66.10119376,16.06936292,10.75284136,5.18633375,3.94480642,1.82432587,0.46794040,0.79739235,871.93461606,704.05503335,429.29685248,327.35570031,194.57588615,80.49032963,18.97104261,9.17560622,3.58069617,3.88975031,3.94480642,0.60750051,0.46794040
871.93461606,704.05503335,429.29685248,327.35570031,194.57588615,80.49032963,18.97104261,9.17560622,3.58069617,3.88975031,3.94480642,0.60750051,0.46794040,908.96324869,775.14987367,445.66683611,299.21990618,169.24289706,85.02966225,23.10072460,10.83246533,3.05547687,2.68552213,3.88975031,1.31362054,0.60750051
908.96324869,775.14987367,445.66683611,299.21990618,169.24289706,85.02966225,23.10072460,10.83246533,3.05547687,2.68552213,3.88975031,1.31362054,0.60750051,872.25865337,808.06832809,490.66987004,310.62978477,154.69669149,73.95914602,24.40351306,13.19051375,3.60721095,2.29160765,2.68552213,1.29528685,1.31362054
872.25865337,808.06832809,490.66987004,310.62978477,154.69669149,73.95914602,24.40351306,13.19051375,3.60721095,2.29160765,2.68552213,1.29528685,1.31362054,828.07703720,775.43794285,511.50725168,341.99689941,160.59559872,67.60245418,21.22627491,13.93440596,4.39244108,2.70540822,2.29160765,0.89427887,1.29528685
828.07703720,775.43794285,511.50725168,341.99689941,160.59559872,67.60245418,21.22627491,13.93440596,4.39244108,2.70540822,2.29160765,0.89427887,1.29528685,827.57306209,736.16048607,490.85221782,356.52055442,176.81239700,70.18027664,19.40190435,12.12020297,4.64015718,3.29433081,2.70540822,0.76310535,0.89427887
827.57306209,736.16048607,490.85221782,356.52055442,176.81239700,70.18027664,19.40190435,12.12020297,4.64015718,3.29433081,2.70540822,0.76310535,0.89427887,859.00667150,735.71245219,465.98958768,342.12399582,184.32112664,77.26701749,20.14173940,11.07848738,4.03602759,3.48011789,3.29433081,0.90090094,0.76310535
859.00667150,735.71245219,465.98958768,342.12399582,184.32112664,77.26701749,20.14173940,11.07848738,4.03602759,3.48011789,3.29433081,0.90090094,0.76310535,883.56163408,763.65693096,465.70598224,324.79474262,176.87810584,80.54833234,22.17563402,11.50093320,3.68913630,3.02702069,3.48011789,1.09701216,0.90090094
883.56163408,763.65693096,465.70598224,324.79474262,176.87810584,80.54833234,22.17563402,11.50093320,3.68913630,3.02702069,3.48011789,1.09701216,0.90090094,876.90510669,785.48629270,483.39483730,324.59706962,167.91888193,77.29573225,23.11737138,12.66228702,3.82981075,2.76685222,3.02702069,1.15887926,1.09701216
876.90510669,785.48629270,483.39483730,324.59706962,167.91888193,77.29573225,23.11737138,12.66228702,3.82981075,2.76685222,3.02702069,1.15887926,1.09701216,855.19011202,779.56863985,497.21282328,336.92620160,167.81668499,73.38055140,22.18387516,13.20001906,4.21654158,2.87235807,2.76685222,1.00799789,1.15887926
855.19011202,779.56863985,497.21282328,336.92620160,167.81668499,73.38055140,22.18387516,13.20001906,4.21654158,2.87235807,2.76685222,1.00799789,1.15887926,848.02089992,760.26400959,493.46694903,346.55733783,174.19084623,73.33589134,21.06021825,12.66699271,4.39560635,3.16240618,2.87235807,0.92136179,1.00799789
522.00713344,693.69676872,5.07563632,483.65756907,130.38977757,59.34867606,1.77081090,6.00660563,2.53419307,0.38020150,4.68027079,0.49401551,0.39370720,850.75846065,464.06434163,439.11005460,3.53771851,250.05096321,56.98033280,17.03307003,1.01113302,2.00019967,1.90064480,0.38020150,1.55853017,0.49401551
850.75846065,464.06434163,439.11005460,3.53771851,250.05096321,56.98033280,17.03307003,1.01113302,2.00019967,1.90064480,0.38020150,1.55853017,0.49401551,831.50828606,756.32427152,293.75272825,306.05970806,1.82900047,109.27227092,16.35335551,9.72588299,0.33670730,1.50014975,1.90064480,0.12660710,1.55853017
831.50828606,756.32427152,293.75272825,306.05970806,1.82900047,109.27227092,16.35335551,9.72588299,0.33670730,1.50014975,1.90064480,0.12660710,1.55853017,739.01854116,739.21086631,478.75326387,204.74565159,158.23286907,0.79927321,31.36114175,9.33776600,3.23871903,0.25253047,1.50014975,0.63291472,0.12660710
739.01854116,739.21086631,478.75326387,204.74565159,158.23286907,0.79927321,31.36114175,9.33776600,3.23871903,0.25253047,1.50014975,0.63291472,0.12660710,646.71330883,656.98748309,467.92047837,333.69102492,105.85350187,69.14776378,0.22939141,17.90721194,3.10947608,2.42903928,0.25253047,0.49954987,0.63291472
646.71330883,656.98748309,467.92047837,333.69102492,105.85350187,69.14776378,0.22939141,17.90721194,3.10947608,2.42903928,0.25253047,0.49954987,0.63291472,753.84756103,574.92813155,415.87307680,326.14057343,172.51825988,46.25798032,19.84540821,0.13098250,5.96310158,2.33210706,2.42903928,0.08409265,0.49954987
753.84756103,574.92813155,415.87307680,326.14057343,172.51825988,46.25798032,19.84540821,0.13098250,5.96310158,2.33210706,2.42903928,0.08409265,0.49954987,828.26640049,670.17048176,363.92950727,289.86353453,168.61467646,75.39047957,13.27604035,11.33172809,0.04361717,4.47232618,2.33210706,0.80887008,0.08409265
828.26640049,670.17048176,363.92950727,289.86353453,168.61467646,75.39047957,13.27604035,11.33172809,0.04361717,4.47232618,2.33210706,0.80887008,0.08409265,861.76903755,736.32883004,424.21791495,253.65886657,149.85944735,73.68461361,21.63706764,7.58061904,3.77346545,0.03271288,4.47232618,0.77659165,0.80887008
861.76903755,736.32883004,424.21791495,253.65886657,149.85944735,73.68461361,21.63706764,7.58061904,3.77346545,0.03271288,4.47232618,0.77659165,0.80887008,818.03049038,766.11267438,466.09614941,295.67988672,131.14163402,65.48857849,21.14748411,12.35476562,2.52434614,2.83009909,0.03271288,1.48928462,0.77659165
818.03049038,766.11267438,466.09614941,295.67988672,131.14163402,65.48857849,21.14748411,12.35476562,2.52434614,2.83009909,0.03271288,1.48928462,0.77659165,769.57022627,727.22910594,484.94932288,324.86901614,152.86650143,57.30889406,18.79522203,12.07521343,4.11413695,1.89325961,2.83009909,0.01089339,1.48928462
769.57022627,727.22910594,484.94932288,324.86901614,152.86650143,57.30889406,18.79522203,12.07521343,4.11413695,1.89325961,2.83009909,0.01089339,1.48928462,802.69348826,684.14793116,460.33602406,338.00967805,167.95728135,66.80266113,16.44765260,10.73207178,4.02104607,3.08560271,1.89325961,0.94242300,0.01089339
802.69348826,684.14793116,460.33602406,338.00967805,167.95728135,66.80266113,16.44765260,10.73207178,4.02104607,3.08560271,1.89325961,0.94242300,0.01089339,837.37276174,713.59451106,433.06564042,320.85420877,174.75100355,73.39733195,19.17236374,9.39160963,3.57377990,3.01578455,3.08560271,0.63045545,0.94242300
837.37276174,713.59451106,433.06564042,320.85420877,174.75100355,73.39733195,19.17236374,9.39160963,3.57377990,3.01578455,3.08560271,0.63045545,0.94242300,867.09901798,744.42438519,451.70532550,301.84675138,165.88162593,76.36618855,21.06503427,10.94741970,3.12740601,2.68033493,3.01578455,1.02750570,0.63045545
867.09901798,744.42438519,451.70532550,301.84675138,165.88162593,76.36618855,21.06503427,10.94741970,3.12740601,2.68033493,3.01578455,1.02750570,0.63045545,850.13093708,770.85102698,471.22063582,314.83861187,156.05477046,72.49027053,21.91709611,12.02813457,3.64549076,2.34555451,2.68033493,1.00425626,1.02750570
850.13093708,770.85102698,471.22063582,314.83861187,156.05477046,72.49027053,21.91709611,12.02813457,3.64549076,2.34555451,2.68033493,1.00425626,1.02750570,829.78208893,755.76640307,487.94870008,328.44078317,162.77156234,68.19593469,20.80470764,12.51466188,4.00536881,2.73411807,2.34555451,0.89255153,1.00425626
829.78208893,755.76640307,487.94870008,328.44078317,162.77156234,68.19593469,20.80470764,12.51466188,4.00536881,2.73411807,2.34555451,0.89255153,1.00425626,830.60059037,737.67627706,478.40013314,340.10024395,169.80388490,71.13117274,19.57223326,11.87948806,4.16738241,3.00402661,2.73411807,0.78106965,0.89255153
830.60059037,737.67627706,478.40013314,340.10024395,169.80388490,71.13117274,19.57223326,11.87948806,4.16738241,3.00402661,2.73411807,0.78106965,0.89255153,850.99921901,738.40392484,466.94908338,333.44489280,175.83182612,74.20429770,20.41464658,11.17574519,3.95586953,3.12553680,3.00402661,0.91046132,0.78106965
850.99921901,738.40392484,466.94908338,333.44489280,175.83182612,74.20429770,20.41464658,11.17574519,3.95586953,3.12553680,3.00402661,0.91046132,0.78106965,864.79758058,756.53830570,467.40968442,325.46351111,172.39100958,76.83850802,21.29663344,11.65676320,3.72152315,2.96690214,3.12553680,1.00034086,0.91046132
864.79758058,756.53830570,467.40968442,325.46351111,172.39100958,76.83850802,21.29663344,11.65676320,3.72152315,2.96690214,3.12553680,1.00034086,0.91046132,863.41151945,768.80504914,478.88874751,325.78455004,168.26463525,75.33487119,22.05265180,12.16037769,3.88170214,2.79114236,2.96690214,1.04080376,1.00034086
863.41151945,768.80504914,478.88874751,325.78455004,168.26463525,75.33487119,22.05265180,12.16037769,3.88170214,2.79114236,2.96690214,1.04080376,1.00034086,853.03089600,767.57284079,486.65359610,333.78545701,168.43061237,73.53164560,21.62110803,12.59206418,4.04940577,2.91127661,2.79114236,0.98797841,1.04080376
853.03089600,767.57284079,486.65359610,333.78545701,168.43061237,73.53164560,21.62110803,12.59206418,4.04940577,2.91127661,2.79114236,0.98797841,1.04080376,850.17779257,758.34446655,485.87360822,339.19755648,172.56708128,73.60417761,21.10358229,12.34565269,4.19315737,3.03705433,2.91127661,0.92945041,0.98797841
697.76041079,59.66777941,708.08495907,15.83870653,251.79310318,77.68564962,28.36185389,14.12921095,4.28985349,4.77722143,1.81053111,1.54170653,1.72123949,1197.09121241,620.30900520,37.76970437,493.53521647,8.18861128,110.03358609,22.29578144,16.19461857,4.70502725,3.21739012,4.77722143,0.60290686,1.54170653
1197.09121241,620.30900520,37.76970437,493.53521647,8.18861128,110.03358609,22.29578144,16.19461857,4.70502725,3.21739012,4.77722143,0.60290686,1.54170653,1052.16384930,1064.21408783,392.65560029,26.32548394,255.15770692,3.57842313,31.57963921,12.73089120,5.39280798,3.52877044,3.21739012,1.59081474,0.60290686
1052.16384930,1064.21408783,392.65560029,26.32548394,255.15770692,3.57842313,31.57963921,12.73089120,5.39280798,3.52877044,3.21739012,1.59081474,0.60290686,689.24207668,935.37366203,673.64751760,273.68095340,13.61027520,111.50391792,1.02700744,18.03197399,4.23938677,4.04460599,3.52877044,1.07139091,1.59081474
689.24207668,935.37366203,673.64751760,273.68095340,13.61027520,111.50391792,1.02700744,18.03197399,4.23938677,4.04460599,3.52877044,1.07139091,1.59081474,669.21936922,612.73620617,592.09152806,469.53231976,141.49305291,5.94769026,32.00162444,0.58642125,6.00464734,3.17954008,4.04460599,1.17508055,1.07139091
669.21936922,612.73620617,592.09152806,469.53231976,141.49305291,5.94769026,32.00162444,0.58642125,6.00464734,3.17954008,4.04460599,1.17508055,1.07139091,773.46125113,594.93601924,387.86201850,412.68779506,242.74820932,61.83246412,1.70698711,18.27292756,0.19527828,4.50348550,3.17954008,1.34685379,1.17508055
773.46125113,594.93601924,387.86201850,412.68779506,242.74820932,61.83246412,1.70698711,18.27292756,0.19527828,4.50348550,3.17954008,1.34685379,1.17508055,973.61349670,687.60705226,376.59450018,270.33982690,213.35959005,106.08096747,17.74591720,0.97468964,6.08488488,0.14645871,4.50348550,1.05878685,1.34685379
973.61349670,687.60705226,376.59450018,270.33982690,213.35959005,106.08096747,17.74591720,0.97468964,6.08488488,0.14645871,4.50348550,1.05878685,1.34685379,961.15187171,865.54239857,435.25526408,262.48636662,139.76569051,93.23814085,30.44523766,10.13291872,0.32457165,4.56366366,0.14645871,1.49966067,1.05878685
961.15187171,865.54239857,435.25526408,262.48636662,139.76569051,93.23814085,30.44523766,10.13291872,0.32457165,4.56366366,0.14645871,1.49966067,1.05878685,812.50893682,854.46401395,547.88833829,303.37291906,135.70545154,61.07760675,26.75934642,17.38423071,3.37426193,0.24342874,4.56366366,0.04877075,1.49966067
812.50893682,854.46401395,547.88833829,303.37291906,135.70545154,61.07760675,26.75934642,17.38423071,3.37426193,0.24342874,4.56366366,0.04877075,1.49966067,770.24772937,722.32044484,540.87572083,381.87817179,156.84379916,59.30328232,17.52927314,15.27958681,5.78894883,2.53069645,0.24342874,1.51970000,0.04877075
770.24772937,722.32044484,540.87572083,381.87817179,156.84379916,59.30328232,17.52927314,15.27958681,5.78894883,2.53069645,0.24342874,1.51970000,0.04877075,804.45100359,684.75023141,457.22884158,376.99037742,197.43101482,68.54074023,17.02004203,10.00921496,5.08810241,4.34171162,2.53069645,0.08106177,1.51970000
804.45100359,684.75023141,457.22884158,376.99037742,197.43101482,68.54074023,17.02004203,10.00921496,5.08810241,4.34171162,2.53069645,0.08106177,1.51970000,901.28206256,715.15694219,433.44689648,318.68850258,194.90402513,86.27735347,19.67119245,9.71844400,3.33306858,3.81607681,4.34171162,0.84272192,0.08106177
901.28206256,715.15694219,433.44689648,318.68850258,194.90402513,86.27735347,19.67119245,9.71844400,3.33306858,3.81607681,4.34171162,0.84272192,0.08106177,915.55124277,801.23975362,452.69434440,302.11248685,164.76195583,85.17305898,24.76160045,11.23225089,3.23624185,2.49980144,3.81607681,1.44578997,0.84272192
915.55124277,801.23975362,452.69434440,302.11248685,164.76195583,85.17305898,24.76160045,11.23225089,3.23624185,2.49980144,3.81607681,1.44578997,0.84272192,865.71002309,813.92505482,507.18476404,315.52795805,156.19215570,72.00097470,24.44466793,14.13887386,3.74033955,2.42718139,2.49980144,1.27075358,1.44578997
865.71002309,813.92505482,507.18476404,315.52795805,156.19215570,72.00097470,24.44466793,14.13887386,3.74033955,2.42718139,2.49980144,1.27075358,1.44578997,825.20851404,769.61621053,515.21455970,353.50778054,163.12795431,68.25597204,20.66427974,13.95790539,4.70824499,2.80525466,2.42718139,0.83243388,1.27075358
825.20851404,769.61621053,515.21455970,353.50778054,163.12795431,68.25597204,20.66427974,13.95790539,4.70824499,2.80525466,2.42718139,0.83243388,1.27075358,834.85281499,733.61036899,487.16706126,359.10454811,182.76352254,71.28691603,19.58946398,11.79930373,4.64798249,3.53118375,2.80525466,0.80825140,0.83243388
834.85281499,733.61036899,487.16706126,359.10454811,182.76352254,71.28691603,19.58946398,11.79930373,4.64798249,3.53118375,2.80525466,0.80825140,0.83243388,869.49531751,742.18415253,464.37536357,339.55544170,185.65705137,79.86765935,20.45934490,11.18558393,3.92916814,3.48598687,3.53118375,0.93414980,0.80825140
869.49531751,742.18415253,464.37536357,339.55544170,185.65705137,79.86765935,20.45934490,11.18558393,3.92916814,3.48598687,3.53118375,0.93414980,0.80825140,890.25849269,772.98133726,469.80256855,323.66962841,175.55016336,81.13213145,22.92201823,11.68228594,3.72479945,2.94687611,3.48598687,1.17588419,0.93414980
890.25849269,772.98133726,469.80256855,323.66962841,175.55016336,81.13213145,22.92201823,11.68228594,3.72479945,2.94687611,3.48598687,1.17588419,0.93414980,875.23480390,791.43980000,489.29718649,327.45239028,167.33719789,76.71542139,23.28492173,13.08847241,3.89020122,2.79359959,2.94687611,1.16083363,1.17588419
875.23480390,791.43980000,489.29718649,327.45239028,167.33719789,76.71542139,23.28492173,13.08847241,3.89020122,2.79359959,2.94687611,1.16083363,1.17588419,852.94812878,778.08374067,500.98139340,341.04013898,169.29288577,73.12635548,22.01732594,13.29569031,4.35846131,2.91765091,2.79359959,0.98130974,1.16083363
852.94812878,778.08374067,500.98139340,341.04013898,169.29288577,73.12635548,22.01732594,13.29569031,4.35846131,2.91765091,2.79359959,0.98130974,1.16083363,849.83859701,758.27088649,492.52700784,349.18403120,176.31775185,73.98099108,20.98726402,12.57189311,4.42746487,3.26884598,2.91765091,0.93026866,0.98130974
1219.07972367,954.26316843,287.76599094,355.28087299,180.44400844,115.57150953,17.09703586,19.64270039,6.46751363,3.45389701,0.36933313,1.18128676,0.68273006,915.18919779,1083.76187435,604.04858562,200.57289569,183.68021134,78.85403169,33.16902323,9.76240748,6.54101923,4.85063522,3.45389701,0.12298793,1.18128676
915.18919779,1083.76187435,604.04858562,200.57289569,183.68021134,78.85403169,33.16902323,9.76240748,6.54101923,4.85063522,3.45389701,0.12298793,1.18128676,747.10764776,813.60319683,686.02126646,421.02186418,103.69618707,80.26825235,22.63110709,18.93951227,3.25088169,4.90576442,4.85063522,1.15014770,0.12298793
747.10764776,813.60319683,686.02126646,421.02186418,103.69618707,80.26825235,22.63110709,18.93951227,3.25088169,4.90576442,4.85063522,1.15014770,0.12298793,800.26738976,664.17869886,515.01082359,478.15682272,217.66830378,45.31523375,23.03698843,12.92236215,6.30685758,2.43816127,4.90576442,1.61526153,1.15014770
800.26738976,664.17869886,515.01082359,478.15682272,217.66830378,45.31523375,23.03698843,12.92236215,6.30685758,2.43816127,4.90576442,1.61526153,1.15014770,931.58736882,711.43770949,420.42511638,358.96254405,247.20707735,95.12104875,13.00547209,13.15412039,4.30314660,4.73014319,2.43816127,1.63361955,1.61526153
931.58736882,711.43770949,420.42511638,358.96254405,247.20707735,95.12104875,13.00547209,13.15412039,4.30314660,4.73014319,2.43816127,1.63361955,1.61526153,999.06202281,828.18117088,450.34007011,293.03630611,185.58363527,108.02949280,27.29974099,7.42612456,4.38032209,3.22735995,4.73014319,0.81190770,1.63361955
999.06202281,828.18117088,450.34007011,293.03630611,185.58363527,108.02949280,27.29974099,7.42612456,4.38032209,3.22735995,4.73014319,0.81190770,1.63361955,923.18353847,888.16613828,524.23868117,313.88702887,151.49977026,81.10004861,31.00446443,15.58815211,2.47289948,3.28524157,3.22735995,1.57513768,0.81190770
923.18353847,888.16613828,524.23868117,313.88702887,151.49977026,81.10004861,31.00446443,15.58815211,2.47289948,3.28524157,3.22735995,1.57513768,0.81190770,825.78233049,820.71016570,562.20916553,365.39436077,162.27959392,66.20539960,23.27571395,17.70354919,5.19085465,1.85467461,3.28524157,1.07471086,1.57513768
825.78233049,820.71016570,562.20916553,365.39436077,162.27959392,66.20539960,23.27571395,17.70354919,5.19085465,1.85467461,3.28524157,1.07471086,1.57513768,830.28636675,734.12049181,519.50953489,391.85978837,188.90888452,70.91618254,19.00094969,13.29043267,5.89528188,3.89314099,1.85467461,1.09398544,1.07471086
830.28636675,734.12049181,519.50953489,391.85978837,188.90888452,70.91618254,19.00094969,13.29043267,5.89528188,3.89314099,1.85467461,1.09398544,1.07471086,879.29024637,738.12458004,464.69827131,362.09814582,202.59151059,82.55318254,20.35294439,10.84954227,4.42571408,4.42146141,3.89314099,0.61760664,1.09398544
879.29024637,738.12458004,464.69827131,362.09814582,202.59151059,82.55318254,20.35294439,10.84954227,4.42571408,4.42146141,3.89314099,0.61760664,1.09398544,922.84514570,781.68902903,467.23285917,323.89469511,187.20474139,88.53249013,23.69276339,11.62153125,3.61289758,3.31928556,4.42146141,1.29641595,0.61760664
922.84514570,781.68902903,467.23285917,323.89469511,187.20474139,88.53249013,23.69276339,11.62153125,3.61289758,3.31928556,4.42146141,1.29641595,0.61760664,902.92447328,820.40933453,494.80915537,325.66130284,167.45355737,81.80847199,25.40882467,13.52856789,3.86996991,2.70967318,3.31928556,1.47234665,1.29641595
902.92447328,820.40933453,494.80915537,325.66130284,167.45355737,81.80847199,25.40882467,13.52856789,3.86996991,2.70967318,3.31928556,1.47234665,1.29641595,862.45973791,802.69985675,519.31910876,344.88198129,168.36689357,73.17720457,23.47903146,14.50843888,4.50501311,2.90247743,2.70967318,1.10532209,1.47234665
862.45973791,802.69985675,519.31910876,344.88198129,168.36689357,73.17720457,23.47903146,14.50843888,4.50501311,2.90247743,2.70967318,1.10532209,1.47234665,848.31003352,766.72670700,508.10900932,361.96541880,178.30398433,73.57633249,21.00185771,13.40652696,4.83131015,3.37875983,2.90247743,0.90232117,1.10532209
848.31003352,766.72670700,508.10900932,361.96541880,178.30398433,73.57633249,21.00185771,13.40652696,4.83131015,3.37875983,2.90247743,0.90232117,1.10532209,865.64498031,754.14761979,485.33800553,354.15197950,187.13612152,77.91884115,21.11640742,11.99206075,4.46437348,3.62348261,3.37875983,0.96652498,0.90232117
865.64498031,754.14761979,485.33800553,354.15197950,187.13612152,77.91884115,21.11640742,11.99206075,4.46437348,3.62348261,3.37875983,0.96652498,0.90232117,887.32238645,769.55838750,477.37544333,338.28058986,183.09657340,81.77848510,22.36270741,12.05746864,3.99335623,3.34828011,3.62348261,1.12512702,0.96652498
887.32238645,769.55838750,477.37544333,338.28058986,183.09657340,81.77848510,22.36270741,12.05746864,3.99335623,3.34828011,3.62348261,1.12512702,0.96652498,888.43606751,788.82960156,487.13045929,332.73068400,174.89106496,80.01320258,23.47042523,12.76910593,4.01513706,2.99501717,3.34828011,1.20661971,1.12512702
888.43606751,788.82960156,487.13045929,332.73068400,174.89106496,80.01320258,23.47042523,12.76910593,4.01513706,2.99501717,3.34828011,1.20661971,1.12512702,871.35337150,789.81966401,499.32913779,339.52993012,172.02176363,76.42739539,22.96378914,13.40161280,4.25211228,3.01135279,2.99501717,1.11497728,1.20661971
871.35337150,789.81966401,499.32913779,339.52993012,172.02176363,76.42739539,22.96378914,13.40161280,4.25211228,3.01135279,2.99501717,1.11497728,1.20661971,859.60647765,774.63314727,499.95584732,348.03240904,175.53697387,75.17351071,21.93466248,13.11232360,4.46273706,3.18908421,3.01135279,0.99734072,1.11497728
859.60647765,774.63314727,499.95584732,348.03240904,175.53697387,75.17351071,21.93466248,13.11232360,4.46273706,3.18908421,3.01135279,0.99734072,1.11497728,863.64789963,764.19015863,490.34278222,348.46922558,179.93275547,76.70965758,21.57479757,12.52469227,4.36640376,3.34705280,3.18908421,1.00278048,0.99734072
863.64789963,764.19015863,490.34278222,348.46922558,179.93275547,76.70965758,21.57479757,12.52469227,4.36640376,3.34705280,3.18908421,1.00278048,0.99734072,874.21555326,767.78298278,483.73237042,341.76891921,180.15858963,78.63061414,22.01567173,12.31920941,4.17072253,3.27480282,3.34705280,1.06196504,1.00278048
161.16574733,302.26529632,428.32429195,144.72470284,65.43279662,21.40782908,26.05181645,0.26057292,1.22467029,1.70337337,3.16369439,0.85428265,1.44796358,597.89938045,143.27634937,191.33393257,298.54203149,74.82267137,28.59413212,6.14404694,14.87558719,0.08677078,0.91850272,1.70337337,1.05351023,0.85428265
597.89938045,143.27634937,191.33393257,298.54203149,74.82267137,28.59413212,6.14404694,14.87558719,0.08677078,0.91850272,1.70337337,1.05351023,0.85428265,527.35473021,531.53254922,90.69392915,133.35975100,154.34623028,32.69750739,8.20651592,3.50825081,4.95357053,0.06507809,0.91850272,0.56722333,1.05351023
527.35473021,531.53254922,90.69392915,133.35975100,154.34623028,32.69750739,8.20651592,3.50825081,4.95357053,0.06507809,0.91850272,0.56722333,1.05351023,600.94303548,468.81835516,336.46010366,63.21366862,68.94699127,67.44930263,9.38418462,4.68592059,1.16824752,3.71517790,0.06507809,0.30586141,0.56722333
600.94303548,468.81835516,336.46010366,63.21366862,68.94699127,67.44930263,9.38418462,4.68592059,1.16824752,3.71517790,0.06507809,0.30586141,0.56722333,573.70033556,534.23835854,296.76201882,234.51269225,32.68146668,30.12983518,19.35794986,5.35836942,1.56041156,0.87618564,3.71517790,0.02167100,0.30586141
573.70033556,534.23835854,296.76201882,234.51269225,32.68146668,30.12983518,19.35794986,5.35836942,1.56041156,0.87618564,3.71517790,0.02167100,0.30586141,586.42116781,510.01959832,338.17288096,206.84312712,121.24306189,14.28180094,8.64726270,11.05338937,1.78433702,1.17030867,0.87618564,1.23715424,0.02167100
586.42116781,510.01959832,338.17288096,206.84312712,121.24306189,14.28180094,8.64726270,11.05338937,1.78433702,1.17030867,0.87618564,1.23715424,0.02167100,636.86696522,521.32841818,322.84240573,235.70649803,106.93789672,52.98321805,4.09887687,4.93758700,3.68077866,1.33825276,1.17030867,0.29176982,1.23715424
636.86696522,521.32841818,322.84240573,235.70649803,106.93789672,52.98321805,4.09887687,4.93758700,3.68077866,1.33825276,1.17030867,0.29176982,1.23715424,711.46290093,566.17473208,330.00088871,225.02115680,121.86025948,46.73186087,15.20618358,2.34045869,1.64421647,2.76058399,1.33825276,0.38971279,0.29176982
711.46290093,566.17473208,330.00088871,225.02115680,121.86025948,46.73186087,15.20618358,2.34045869,1.64421647,2.76058399,1.33825276,0.38971279,0.29176982,712.69841104,632.49051893,358.38860541,230.01061943,116.33593806,53.25293339,13.41204407,8.68273082,0.77937274,1.23316235,2.76058399,0.44563817,0.38971279
712.69841104,632.49051893,358.38860541,230.01061943,116.33593806,53.25293339,13.41204407,8.68273082,0.77937274,1.23316235,2.76058399,0.44563817,0.38971279,726.05069481,633.58888741,400.36649848,249.79685797,118.91549025,50.83880493,15.28359188,7.65827716,2.89134936,0.58452956,1.23316235,0.91927447,0.44563817
726.05069481,633.58888741,400.36649848,249.79685797,118.91549025,50.83880493,15.28359188,7.65827716,2.89134936,0.58452956,1.23316235,0.91927447,0.44563817,724.01681071,645.45906769,401.06176573,279.05544944,129.14497557,51.96606924,14.59073702,8.72693097,2.55020630,2.16851202,0.58452956,0.41064306,0.91927447
724.01681071,645.45906769,401.06176573,279.05544944,129.14497557,51.96606924,14.59073702,8.72693097,2.55020630,2.16851202,0.58452956,0.41064306,0.91927447,750.04928308,643.65094472,408.57558985,279.54005071,144.27166736,56.43635432,14.91426187,8.33131084,2.90606801,1.91265472,2.16851202,0.19464834,0.41064306
750.04928308,643.65094472,408.57558985,279.54005071,144.27166736,56.43635432,14.91426187,8.33131084,2.90606801,1.91265472,2.16851202,0.19464834,0.41064306,780.09748235,666.79381266,407.43104801,284.77718612,144.52220622,63.04671864,16.19723369,8.51604353,2.77432651,2.17955101,1.91265472,0.72211450,0.19464834
780.09748235,666.79381266,407.43104801,284.77718612,144.52220622,63.04671864,16.19723369,8.51604353,2.77432651,2.17955101,1.91265472,0.72211450,0.19464834,793.68729228,693.50666181,422.08048341,283.97944046,147.22980523,63.15620412,18.09440825,9.24862044,2.83584249,2.08074488,2.17955101,0.63691402,0.72211450
793.68729228,693.50666181,422.08048341,283.97944046,147.22980523,63.15620412,18.09440825,9.24862044,2.83584249,2.08074488,2.17955101,0.63691402,0.72211450,800.34254201,705.58800284,438.98971692,294.19009694,146.81737072,64.33942488,18.12583058,10.33190711,3.07979061,2.12688187,2.08074488,0.72579049,0.63691402
800.34254201,705.58800284,438.98971692,294.19009694,146.81737072,64.33942488,18.12583058,10.33190711,3.07979061,2.12688187,2.08074488,0.72579049,0.63691402,800.92709711,711.50451984,446.63720580,305.97583270,152.09628012,64.15919100,18.46541494,10.34984926,3.44052507,2.30984295,2.12688187,0.69288805,0.72579049
800.92709711,711.50451984,446.63720580,305.97583270,152.09628012,64.15919100,18.46541494,10.34984926,3.44052507,2.30984295,2.12688187,0.69288805,0.72579049,809.23714727,712.02418933,450.38236106,311.30613244,158.18950550,66.46607441,18.41368782,10.54375193,3.44649980,2.58039380,2.30984295,0.70825166,0.69288805
809.23714727,712.02418933,450.38236106,311.30613244,158.18950550,66.46607441,18.41368782,10.54375193,3.44649980,2.58039380,2.30984295,0.70825166,0.69288805,823.07487004,719.41182392,450.71131184,313.91650566,160.94527047,69.12881390,19.07576336,10.51421574,3.51106939,2.58487485,2.58039380,0.76917770,0.70825166
823.07487004,719.41182392,450.71131184,313.91650566,160.94527047,69.12881390,19.07576336,10.51421574,3.51106939,2.58487485,2.58039380,0.76917770,0.70825166,833.42369438,731.71355946,455.38768454,314.14578436,162.29483343,70.33308320,19.83996959,10.89226088,3.50123384,2.63330204,2.58487485,0.85927114,0.76917770
833.42369438,731.71355946,455.38768454,314.14578436,162.29483343,70.33308320,19.83996959,10.89226088,3.50123384,2.63330204,2.58487485,0.85927114,0.76917770,836.37472889,740.91366431,463.17468314,317.40521613,162.41337051,70.92284221,20.18559488,11.32862264,3.62712287,2.62592538,2.63330204,0.86076333,0.85927114
836.37472889,740.91366431,463.17468314,317.40521613,162.41337051,70.92284221,20.18559488,11.32862264,3.62712287,2.62592538,2.63330204,0.86076333,0.85927114,837.23292064,743.53713398,468.99834951,322.83275415,164.09849674,70.97464291,20.35485571,11.52597467,3.77243134,2.72034215,2.62592538,0.87688958,0.86076333
277.06867801,1082.60610993,646.19927388,227.58985233,13.19740076,40.54891862,9.37746040,16.90998973,6.01168039,4.10007561,0.99162649,0.55296771,0.95048397,490.55757203,246.31405475,685.28966759,450.40089389,117.66395365,5.76726413,11.63753964,5.35452989,5.63102658,4.50876029,4.10007561,0.33021162,0.55296771
490.55757203,246.31405475,685.28966759,450.40089389,117.66395365,5.76726413,11.63753964,5.35452989,5.63102658,4.50876029,4.10007561,0.33021162,0.55296771,827.21952551,436.10568154,155.91679666,477.64689831,232.85726214,51.41914775,1.65520481,6.64503514,1.78305845,4.22326994,4.50876029,1.36532518,0.33021162
827.21952551,436.10568154,155.91679666,477.64689831,232.85726214,51.41914775,1.65520481,6.64503514,1.78305845,4.22326994,4.50876029,1.36532518,0.33021162,1064.57378270,735.39815818,276.05489641,108.67400727,246.94344642,101.75862356,14.75729540,0.94512194,2.21279670,1.33729384,4.22326994,1.50141718,1.36532518
1064.57378270,735.39815818,276.05489641,108.67400727,246.94344642,101.75862356,14.75729540,0.94512194,2.21279670,1.33729384,4.22326994,1.50141718,1.36532518,943.69979143,946.40609282,465.50703413,192.41026280,56.18446176,107.91428609,29.20472496,8.42641568,0.31472561,1.65959753,1.33729384,1.40634889,1.50141718
943.69979143,946.40609282,465.50703413,192.41026280,56.18446176,107.91428609,29.20472496,8.42641568,0.31472561,1.65959753,1.33729384,1.40634889,1.50141718,701.55472517,838.94911458,599.07505676,324.45840279,99.47610587,24.55260979,30.97140011,16.67589795,2.80599642,0.23604421,1.65959753,0.44531885,1.40634889
701.55472517,838.94911458,599.07505676,324.45840279,99.47610587,24.55260979,30.97140011,16.67589795,2.80599642,0.23604421,1.65959753,0.44531885,1.40634889,659.77574719,623.68215068,531.05478953,417.55531456,167.74499424,43.47105826,7.04659901,17.68466946,5.55307402,2.10449731,0.23604421,0.55264598,0.44531885
659.77574719,623.68215068,531.05478953,417.55531456,167.74499424,43.47105826,7.04659901,17.68466946,5.55307402,2.10449731,0.23604421,0.55264598,0.44531885,803.81044178,586.54063925,394.79080138,370.14518830,215.87609763,73.30456248,12.47619372,4.02360803,5.88899493,4.16480551,2.10449731,0.07860272,0.55264598
803.81044178,586.54063925,394.79080138,370.14518830,215.87609763,73.30456248,12.47619372,4.02360803,5.88899493,4.16480551,2.10449731,0.07860272,0.55264598,937.61686338,714.58748275,371.28022464,275.16918856,191.36506235,94.33785466,21.03840943,7.12390662,1.33986148,4.41674620,4.16480551,0.70079761,0.07860272
937.61686338,714.58748275,371.28022464,275.16918856,191.36506235,94.33785466,21.03840943,7.12390662,1.33986148,4.41674620,4.16480551,0.70079761,0.07860272,924.26749271,833.54139154,452.33387658,258.78231658,142.26247049,83.62653225,27.07496429,12.01293179,2.37226090,1.00489611,4.41674620,1.38688024,0.70079761
924.26749271,833.54139154,452.33387658,258.78231658,142.26247049,83.62653225,27.07496429,12.01293179,2.37226090,1.00489611,4.41674620,1.38688024,0.70079761,821.88454030,821.67380102,527.63170085,315.27671197,133.79045767,62.16869960,24.00081476,15.45980461,4.00030628,1.77919568,1.00489611,1.47077648,1.38688024
821.88454030,821.67380102,527.63170085,315.27671197,133.79045767,62.16869960,24.00081476,15.45980461,4.00030628,1.77919568,1.00489611,1.47077648,1.38688024,771.57864287,730.65535633,520.11951604,367.75929549,162.99806009,58.46643000,17.84241679,13.70446523,5.14811493,3.00022971,1.77919568,0.33463040,1.47077648
771.57864287,730.65535633,520.11951604,367.75929549,162.99806009,58.46643000,17.84241679,13.70446523,5.14811493,3.00022971,1.77919568,0.33463040,1.47077648,821.20568541,685.93341351,462.50484056,362.52330268,190.13155577,71.23015226,16.77986541,10.18801998,4.56358692,3.86108620,3.00022971,0.59247216,0.33463040
821.20568541,685.93341351,462.50484056,362.52330268,190.13155577,71.23015226,16.77986541,10.18801998,4.56358692,3.86108620,3.00022971,0.59247216,0.33463040,884.14447062,730.05185433,434.19585075,322.36587387,187.42454749,83.08748987,20.44305370,9.58130315,3.39261065,3.42269019,3.86108620,0.99907649,0.59247216
884.14447062,730.05185433,434.19585075,322.36587387,187.42454749,83.08748987,20.44305370,9.58130315,3.39261065,3.42269019,3.86108620,0.99907649,0.59247216,900.57940791,786.00443438,462.12282379,302.63450798,166.66315679,81.90452725,23.84610959,11.67298366,3.19057395,2.54445799,3.42269019,1.28574170,0.99907649
900.57940791,786.00443438,462.12282379,302.63450798,166.66315679,81.90452725,23.84610959,11.67298366,3.19057395,2.54445799,3.42269019,1.28574170,0.99907649,861.66663247,800.61509363,497.54080696,322.09960818,156.46204062,72.83179952,23.50659932,13.61612858,3.88710356,2.39293046,2.54445799,1.13975583,1.28574170
861.66663247,800.61509363,497.54080696,322.09960818,156.46204062,72.83179952,23.50659932,13.61612858,3.88710356,2.39293046,2.54445799,1.13975583,1.28574170,828.60628972,766.02163626,506.78935427,346.78594245,166.52549743,68.37391175,20.90272646,13.42226821,4.53417082,2.91532767,2.39293046,0.84730451,1.13975583
828.60628972,766.02163626,506.78935427,346.78594245,166.52549743,68.37391175,20.90272646,13.42226821,4.53417082,2.91532767,2.39293046,0.84730451,1.13975583,837.00360258,736.63099156,484.89169576,353.23217992,179.28833225,72.77164238,19.62331267,11.93545681,4.46961531,3.40062811,2.91532767,0.79684584,0.84730451
837.00360258,736.63099156,484.89169576,353.23217992,179.28833225,72.77164238,19.62331267,11.93545681,4.46961531,3.40062811,2.91532767,0.79684584,0.84730451,867.78053236,744.09620269,466.28741766,337.96951194,182.62103702,78.34900119,20.88546136,11.20491154,3.97450712,3.35221149,3.40062811,0.97080411,0.79684584
867.78053236,744.09620269,466.28741766,337.96951194,182.62103702,78.34900119,20.88546136,11.20491154,3.97450712,3.35221149,3.40062811,0.97080411,0.79684584,883.28617285,771.45689327,471.01289630,325.00233011,174.73023767,79.80539318,22.48616334,11.92559844,3.73123554,2.98088034,3.35221149,1.13240916,0.97080411
883.28617285,771.45689327,471.01289630,325.00233011,174.73023767,79.80539318,22.48616334,11.92559844,3.73123554,2.98088034,3.35221149,1.13240916,0.97080411,871.64274412,785.24140766,488.33221344,328.29598872,168.02620467,76.35711386,22.90414784,12.83959927,3.97122428,2.79842666,2.98088034,1.11628642,1.13240916
1102.65794648,466.54354865,130.68211405,312.53294975,162.02259935,66.40124470,18.46957306,2.52267443,0.75409715,1.05561180,2.53591146,1.47396476,1.18445126,933.62608882,980.26291442,295.32206629,91.08543349,161.57953502,70.80387592,19.05715723,10.54612622,0.84005058,0.56557286,1.05561180,0.84445852,1.47396476
933.62608882,980.26291442,295.32206629,91.08543349,161.57953502,70.80387592,19.05715723,10.54612622,0.84005058,0.56557286,1.05561180,0.84445852,1.47396476,684.55471734,829.99359296,620.50642483,205.83948021,47.09116911,70.61025680,20.32071239,10.88163678,3.51186003,0.63003794,0.56557286,0.35151873,0.84445852
684.55471734,829.99359296,620.50642483,205.83948021,47.09116911,70.61025680,20.32071239,10.88163678,3.51186003,0.63003794,0.56557286,0.35151873,0.84445852,604.41502556,608.56914371,525.38594434,432.49297810,106.41901127,20.57884090,20.26514370,11.60312677,3.62358505,2.63389502,0.63003794,0.18833576,0.35151873
604.41502556,608.56914371,525.38594434,432.49297810,106.41901127,20.57884090,20.26514370,11.60312677,3.62358505,2.63389502,0.63003794,0.18833576,0.35151873,720.71849089,537.32495772,385.22426797,366.19400321,223.59886968,46.50510792,5.90612734,11.57139705,3.86384122,2.71768879,2.63389502,0.20980263,0.18833576
720.71849089,537.32495772,385.22426797,366.19400321,223.59886968,46.50510792,5.90612734,11.57139705,3.86384122,2.71768879,2.63389502,0.20980263,0.18833576,907.81095728,640.71873840,340.12669824,268.50131478,189.32229966,97.71270605,13.34696597,3.37239871,3.85327522,2.89788091,2.71768879,0.87708704,0.20980263
907.81095728,640.71873840,340.12669824,268.50131478,189.32229966,97.71270605,13.34696597,3.37239871,3.85327522,2.89788091,2.71768879,0.87708704,0.20980263,925.41238522,807.04394102,405.57496141,237.06830867,138.81517974,82.73384495,28.04354664,7.62111757,1.12300877,2.88995641,2.89788091,0.90499037,0.87708704
925.41238522,807.04394102,405.57496141,237.06830867,138.81517974,82.73384495,28.04354664,7.62111757,1.12300877,2.88995641,2.89788091,0.90499037,0.87708704,810.46142411,822.69161046,510.85881466,282.68574810,122.56431558,60.66223355,23.74461350,16.01286513,2.53783215,0.84225658,2.88995641,0.96499434,0.90499037
810.46142411,822.69161046,510.85881466,282.68574810,122.56431558,60.66223355,23.74461350,16.01286513,2.53783215,0.84225658,2.88995641,0.96499434,0.90499037,748.87478488,720.50020603,520.76378942,356.06859382,146.14853177,53.56060591,17.41006103,13.55817431,5.33228409,1.90337411,0.84225658,0.96235549,0.96499434
748.87478488,720.50020603,520.76378942,356.06859382,146.14853177,53.56060591,17.41006103,13.55817431,5.33228409,1.90337411,0.84225658,0.96235549,0.96499434,784.09105308,665.74968376,456.07663042,362.97236123,184.08746301,63.86690838,15.37189390,9.94114485,4.51487204,3.99921307,1.90337411,0.28047144,0.96235549
784.09105308,665.74968376,456.07663042,362.97236123,184.08746301,63.86690838,15.37189390,9.94114485,4.51487204,3.99921307,1.90337411,0.28047144,0.96235549,867.44101641,697.05694619,421.41954982,317.88541140,187.65671075,80.44622133,18.32980271,8.77735141,3.31040123,3.38615403,3.99921307,0.63382358,0.28047144
867.44101641,697.05694619,421.41954982,317.88541140,187.65671075,80.44622133,18.32980271,8.77735141,3.31040123,3.38615403,3.99921307,0.63382358,0.28047144,897.06728575,771.15506359,441.23704694,293.72942622,164.34675769,82.00598260,23.08806552,10.46631735,2.92285802,2.48280093,3.38615403,1.33173795,0.63382358
897.06728575,771.15506359,441.23704694,293.72942622,164.34675769,82.00598260,23.08806552,10.46631735,2.92285802,2.48280093,3.38615403,1.33173795,0.63382358,857.28923149,797.49281703,488.14115525,307.54222172,151.85811336,71.81953311,23.53571701,13.18328541,3.48528368,2.19214352,2.48280093,1.12758929,1.33173795
857.28923149,797.49281703,488.14115525,307.54222172,151.85811336,71.81953311,23.53571701,13.18328541,3.48528368,2.19214352,2.48280093,1.12758929,1.33173795,819.46255352,762.13012679,504.81295318,340.23438521,158.99932863,66.36199554,20.61220600,13.43889441,4.39003404,2.61396276,2.19214352,0.82677271,1.12758929
819.46255352,762.13012679,504.81295318,340.23438521,158.99932863,66.36199554,20.61220600,13.43889441,4.39003404,2.61396276,2.19214352,0.82677271,1.12758929,823.02908512,728.50221008,482.42837026,351.85462837,175.90117715,69.48270661,19.04589272,11.76956963,4.47515184,3.29252553,2.61396276,0.72998379,0.82677271
823.02908512,728.50221008,482.42837026,351.85462837,175.90117715,69.48270661,19.04589272,11.76956963,4.47515184,3.29252553,2.61396276,0.72998379,0.82677271,856.70584286,731.67285667,461.14189898,336.25257407,181.90884287,76.86881442,19.94153680,10.87520474,3.91926669,3.35636388,3.29252553,0.87044960,0.72998379
856.70584286,731.67285667,461.14189898,336.25257407,181.90884287,76.86881442,19.94153680,10.87520474,3.91926669,3.35636388,3.29252553,0.87044960,0.72998379,879.74678058,761.61149431,463.14891827,321.41590359,173.84258079,79.49416433,22.06134974,11.38661751,3.62144318,2.93945001,3.35636388,1.09641100,0.87044960
879.74678058,761.61149431,463.14891827,321.41590359,173.84258079,79.49416433,22.06134974,11.38661751,3.62144318,2.93945001,3.35636388,1.09641100,0.87044960,870.59147857,782.09488793,482.10007590,322.81479604,166.17202216,75.96920781,22.81482516,12.59703070,3.79174363,2.71608238,2.93945001,1.11766917,1.09641100
870.59147857,782.09488793,482.10007590,322.81479604,166.17202216,75.96920781,22.81482516,12.59703070,3.79174363,2.71608238,2.93945001,1.11766917,1.09641100,850.21202080,773.95582444,495.06606406,336.02375290,166.89524955,72.61717368,21.80316264,13.02726517,4.19481122,2.84380772,2.71608238,0.97883685,1.11766917
850.21202080,773.95582444,495.06606406,336.02375290,166.89524955,72.61717368,21.80316264,13.02726517,4.19481122,2.84380772,2.71608238,0.97883685,1.11766917,845.49564231,755.83848649,489.91403687,345.06104665,173.72428025,72.93322405,20.84112885,12.44960587,4.33807930,3.14610842,2.84380772,0.90445543,0.97883685
845.49564231,755.83848649,489.91403687,345.06104665,173.72428025,72.93322405,20.84112885,12.44960587,4.33807930,3.14610842,2.84380772,0.90445543,0.97883685,858.13141243,751.64562602,478.44576195,341.47008370,178.39656112,75.91751047,20.93183530,11.90028457,4.14571875,3.25355948,3.14610842,0.94698797,0.90445543
814.17874955,857.98101877,559.78941545,99.47362848,232.25300423,104.32642758,7.30181825,8.74935966,2.95146393,2.23243993,4.05369787,1.86548289,0.22406685,809.81709263,723.80490835,543.10198488,390.17322257,51.42786592,101.49456285,29.94168472,4.16933822,2.91353677,2.21359794,2.23243993,1.34988139,1.86548289
809.81709263,723.80490835,543.10198488,390.17322257,51.42786592,101.49456285,29.94168472,4.16933822,2.91353677,2.21359794,2.23243993,1.34988139,1.86548289,807.26477663,719.92739535,458.16850698,378.54208346,201.71955607,22.47397741,29.12893954,17.09670197,1.38838963,2.18515258,2.21359794,0.74340250,1.34988139
807.26477663,719.92739535,458.16850698,378.54208346,201.71955607,22.47397741,29.12893954,17.09670197,1.38838963,2.18515258,2.21359794,0.74340250,1.34988139,835.23302951,717.65838643,455.71404126,319.34344937,195.70625715,88.15144600,6.45003152,16.63262448,5.69320176,1.04129222,2.18515258,0.73712812,0.74340250
835.23302951,717.65838643,455.71404126,319.34344937,195.70625715,88.15144600,6.45003152,16.63262448,5.69320176,1.04129222,2.18515258,0.73712812,0.74340250,883.99641978,742.52216324,454.27775861,317.63268676,165.10056332,85.52363437,25.29946500,3.68296800,5.53866395,4.26990132,1.04129222,0.72765581,0.73712812
883.99641978,742.52216324,454.27775861,317.63268676,165.10056332,85.52363437,25.29946500,3.68296800,5.53866395,4.26990132,1.04129222,0.72765581,0.73712812,856.08734771,785.87281718,470.01652933,316.63159775,164.21609905,72.14894617,24.54528307,14.44599452,1.22642834,4.15399796,4.26990132,0.34675031,0.72765581
856.08734771,785.87281718,470.01652933,316.63159775,164.21609905,72.14894617,24.54528307,14.44599452,1.22642834,4.15399796,4.26990132,0.34675031,0.72765581,849.44176964,761.06165211,497.45749328,327.60152094,163.69853604,71.76243529,20.70674755,14.01535663,4.81051617,0.91982126,4.15399796,1.42187714,0.34675031
849.44176964,761.06165211,497.45749328,327.60152094,163.69853604,71.76243529,20.70674755,14.01535663,4.81051617,0.91982126,4.15399796,1.42187714,0.34675031,843.27969950,755.15373321,481.75202579,346.72787281,169.36998633,71.53626025,20.59581893,11.82355285,4.66711376,3.60788713,0.91982126,1.38328132,1.42187714
843.27969950,755.15373321,481.75202579,346.72787281,169.36998633,71.53626025,20.59581893,11.82355285,4.66711376,3.60788713,0.91982126,1.38328132,1.42187714,850.95114960,749.67565286,478.01231312,335.78116197,179.25831025,74.01468402,20.53090669,11.76021261,3.93724310,3.50033532,3.60788713,0.30630048,1.38328132
850.95114960,749.67565286,478.01231312,335.78116197,179.25831025,74.01468402,20.53090669,11.76021261,3.93724310,3.50033532,3.60788713,0.30630048,1.38328132,871.40361048,756.49557199,474.54468826,333.17458225,173.59886074,78.33588158,21.24221432,11.72314772,3.91615080,2.95293232,3.50033532,1.20142641,0.30630048
871.40361048,756.49557199,474.54468826,333.17458225,173.59886074,78.33588158,21.24221432,11.72314772,3.91615080,2.95293232,3.50033532,1.20142641,0.30630048,864.65613972,774.67780972,478.86169707,330.75764772,172.25125902,75.86270214,22.48239801,12.12930437,3.90380819,2.93711310,2.95293232,1.16561166,1.20142641
864.65613972,774.67780972,478.86169707,330.75764772,172.25125902,75.86270214,22.48239801,12.12930437,3.90380819,2.93711310,2.95293232,1.16561166,1.20142641,861.27683398,768.67930821,490.37105355,333.76660286,171.00170387,75.27380019,21.77259552,12.83744927,4.03905836,2.92785614,2.93711310,0.98332646,1.16561166
861.27683398,768.67930821,490.37105355,333.76660286,171.00170387,75.27380019,21.77259552,12.83744927,4.03905836,2.92785614,2.93711310,0.98332646,1.16561166,858.05947231,765.67510541,486.57400209,341.78862433,172.55733368,74.72774459,21.60358066,12.43215204,4.27487061,3.02929377,2.92785614,0.97805866,0.98332646
858.05947231,765.67510541,486.57400209,341.78862433,172.55733368,74.72774459,21.60358066,12.43215204,4.27487061,3.02929377,2.92785614,0.97805866,0.98332646,859.04905949,762.81487088,484.67234172,339.14207946,176.70471878,75.40755482,21.44686270,12.33564455,4.13990663,3.20615295,3.02929377,0.97497610,0.97805866
859.04905949,762.81487088,484.67234172,339.14207946,176.70471878,75.40755482,21.44686270,12.33564455,4.13990663,3.20615295,3.02929377,0.97497610,0.97805866,865.33885098,763.69461389,482.86181327,337.81662218,175.33645508,77.21996211,21.64196823,12.24615860,4.10776964,3.10492997,3.20615295,1.00875482,0.97497610
865.33885098,763.69461389,482.86181327,337.81662218,175.33645508,77.21996211,21.64196823,12.24615860,4.10776964,3.10492997,3.20615295,1.00875482,0.97497610,868.57211764,769.28623852,483.41869059,336.55468385,174.65119367,76.62203087,22.16212912,12.35756386,4.07797081,3.08082723,3.10492997,1.06764893,1.00875482
868.57211764,769.28623852,483.41869059,336.55468385,174.65119367,76.62203087,22.16212912,12.35756386,4.07797081,3.08082723,3.10492997,1.06764893,1.00875482,865.97368843,772.16061258,486.95818898,336.94282734,173.99877155,76.32257163,21.99052286,12.65457573,4.11506877,3.05847811,3.08082723,1.03394168,1.06764893
865.97368843,772.16061258,486.95818898,336.94282734,173.99877155,76.32257163,21.99052286,12.65457573,4.11506877,3.05847811,3.08082723,1.03394168,1.06764893,863.72050306,769.85060901,488.77766776,339.40985772,174.19944174,76.03746317,21.90457806,12.55658855,4.21397372,3.08630157,3.05847811,1.02591547,1.03394168
863.72050306,769.85060901,488.77766776,339.40985772,174.19944174,76.03746317,21.90457806,12.55658855,4.21397372,3.08630157,3.05847811,1.02591547,1.03394168,863.57429076,767.84752722,487.31543550,340.67803443,175.47489644,76.12515604,21.82275193,12.50751407,4.18134399,3.16048029,3.08630157,1.01847321,1.02591547
863.57429076,767.84752722,487.31543550,340.67803443,175.47489644,76.12515604,21.82275193,12.50751407,4.18134399,3.16048029,3.08630157,1.01847321,1.02591547,866.10968871,767.71754449,486.04748473,339.65885855,176.13054380,76.68252975,21.84791978,12.46079135,4.16500219,3.13600799,3.16048029,1.02773842,1.01847321
866.10968871,767.71754449,486.04748473,339.65885855,176.13054380,76.68252975,21.84791978,12.46079135,4.16500219,3.13600799,3.16048029,1.02773842,1.01847321,868.13501631,769.97151326,485.96520566,338.77509686,175.60362987,76.96904764,22.00788604,12.47516220,4.14944352,3.12375164,3.13600799,1.05243994,1.02773842
406.10144231,188.01233172,231.74040997,441.15549836,77.16366540,2.67849393,33.75766539,11.85701123,4.69622966,2.92340003,2.43403449,0.16129702,1.89536533,875.99136113,361.02418222,119.01180598,161.52306575,228.07739265,33.72052178,0.76872776,19.27562694,3.94838474,3.52217224,2.92340003,0.81053348,0.16129702
875.99136113,361.02418222,119.01180598,161.52306575,228.07739265,33.72052178,0.76872776,19.27562694,3.94838474,3.52217224,2.92340003,0.81053348,0.16129702,837.27096477,778.75632005,228.52830734,82.95122877,83.50742499,99.66982059,9.67778975,0.43894355,6.41878377,2.96128855,3.52217224,0.97349221,0.81053348
837.27096477,778.75632005,228.52830734,82.95122877,83.50742499,99.66982059,9.67778975,0.43894355,6.41878377,2.96128855,3.52217224,0.97349221,0.81053348,730.54726589,744.33388768,492.95275059,159.28423022,42.88578527,36.49274472,28.60523851,5.52601795,0.14616820,4.81408783,2.96128855,1.17288336,0.97349221
730.54726589,744.33388768,492.95275059,159.28423022,42.88578527,36.49274472,28.60523851,5.52601795,0.14616820,4.81408783,2.96128855,1.17288336,0.97349221,608.08654700,649.45651938,471.16335090,343.58806716,82.34994702,18.74108816,10.47341774,16.33359119,1.84016398,0.10962615,4.81408783,0.98610909,1.17288336
608.08654700,649.45651938,471.16335090,343.58806716,82.34994702,18.74108816,10.47341774,16.33359119,1.84016398,0.10962615,4.81408783,0.98610909,1.17288336,688.60682753,540.58894029,411.10597676,328.40085558,177.63503072,35.98692685,5.37869230,5.98032153,5.43908587,1.38012298,0.10962615,1.60309125,0.98610909
688.60682753,540.58894029,411.10597676,328.40085558,177.63503072,35.98692685,5.37869230,5.98032153,5.43908587,1.38012298,0.10962615,1.60309125,0.98610909,798.21590397,612.17146967,342.19279920,286.54086581,169.78324233,77.62650843,10.32824801,3.07123331,1.99144707,4.07931440,1.38012298,0.03650551,1.60309125
798.21590397,612.17146967,342.19279920,286.54086581,169.78324233,77.62650843,10.32824801,3.07123331,1.99144707,4.07931440,1.38012298,0.03650551,1.60309125,862.89443738,709.61393863,387.50454030,238.50838104,148.14162762,74.19527690,22.27880792,5.89742961,1.02272069,1.49358530,4.07931440,0.45958095,0.03650551
862.89443738,709.61393863,387.50454030,238.50838104,148.14162762,74.19527690,22.27880792,5.89742961,1.02272069,1.49358530,4.07931440,0.45958095,0.03650551,804.22407138,767.11315483,449.18562315,270.09066459,123.30883300,64.73789127,21.29404447,12.72119932,1.96384406,0.76704052,1.49358530,1.35841169,0.45958095
804.22407138,767.11315483,449.18562315,270.09066459,123.30883300,64.73789127,21.29404447,12.72119932,1.96384406,0.76704052,1.49358530,1.35841169,0.45958095,750.14252352,714.95519946,485.58262701,313.08237934,139.63687359,53.88596002,18.57977479,12.15889939,4.23615937,1.47288305,0.76704052,0.49736391,1.35841169
750.14252352,714.95519946,485.58262701,313.08237934,139.63687359,53.88596002,18.57977479,12.15889939,4.23615937,1.47288305,0.76704052,0.49736391,1.35841169,769.07618861,666.87670341,452.56664126,338.45109102,161.86359012,61.02131376,15.46527053,10.60905141,4.04891350,3.17711953,1.47288305,0.25542449,0.49736391
769.07618861,666.87670341,452.56664126,338.45109102,161.86359012,61.02131376,15.46527053,10.60905141,4.04891350,3.17711953,1.47288305,0.25542449,0.49736391,822.82188642,683.70873167,422.13295326,315.43894896,174.97921406,70.73438888,17.51311705,8.83066947,3.53281412,3.03668512,3.17711953,0.49047005,0.25542449
822.82188642,683.70873167,422.13295326,315.43894896,174.97921406,70.73438888,17.51311705,8.83066947,3.53281412,3.03668512,3.17711953,0.49047005,0.25542449,859.91772418,731.48865703,432.78762715,294.22666842,163.08193661,76.46591654,20.30076961,9.99998984,2.94061293,2.64961059,3.03668512,1.05798080,0.49047005
859.91772418,731.48865703,432.78762715,294.22666842,163.08193661,76.46591654,20.30076961,9.99998984,2.94061293,2.64961059,3.03668512,1.05798080,0.49047005,848.64773890,764.46685680,463.03231990,301.65297612,152.11518757,71.26680630,21.94571805,11.59173945,3.32999662,2.20545970,2.64961059,1.01121615,1.05798080
848.64773890,764.46685680,463.03231990,301.65297612,152.11518757,71.26680630,21.94571805,11.59173945,3.32999662,2.20545970,2.64961059,1.01121615,1.05798080,822.76691909,754.44783989,483.90752035,322.73352697,155.95458866,66.47433697,20.45357341,12.53100501,3.86004924,2.49749746,2.20545970,0.88232033,1.01121615
822.76691909,754.44783989,483.90752035,322.73352697,155.95458866,66.47433697,20.45357341,12.53100501,3.86004924,2.49749746,2.20545970,0.88232033,1.01121615,817.95791997,731.43979107,477.56548265,337.28354169,166.85323344,68.15215524,19.07813471,11.67899042,4.17282467,2.89503693,2.49749746,0.73441808,0.88232033
817.95791997,731.43979107,477.56548265,337.28354169,166.85323344,68.15215524,19.07813471,11.67899042,4.17282467,2.89503693,2.49749746,0.73441808,0.88232033,840.02167392,727.16459085,463.00138775,332.86314141,174.37559105,72.91486301,19.55966855,10.89361492,3.88910381,3.12961850,2.89503693,0.83166665,0.73441808
840.02167392,727.16459085,463.00138775,332.86314141,174.37559105,72.91486301,19.55966855,10.89361492,3.88910381,3.12961850,2.89503693,0.83166665,0.73441808,860.88652114,746.77926811,460.29518601,322.71196726,172.09024411,76.20213329,20.92656569,11.16857074,3.62757377,2.91682786,3.12961850,0.96404730,0.83166665
860.88652114,746.77926811,460.29518601,322.71196726,172.09024411,76.20213329,20.92656569,11.16857074,3.62757377,2.91682786,3.12961850,0.96404730,0.83166665,862.61144985,765.32811729,472.71127672,320.82574465,166.84208707,75.20343667,21.87001225,11.94906901,3.71913406,2.72068033,2.91682786,1.04216296,0.96404730
862.61144985,765.32811729,472.71127672,320.82574465,166.84208707,75.20343667,21.87001225,11.94906901,3.71913406,2.72068033,2.91682786,1.04216296,0.96404730,850.51224194,766.86157892,484.45269825,329.47975987,165.86690998,72.90999205,21.58338633,12.48777700,3.97903998,2.78935054,2.72068033,0.97130368,1.04216296
850.51224194,766.86157892,484.45269825,329.47975987,165.86690998,72.90999205,21.58338633,12.48777700,3.97903998,2.78935054,2.72068033,0.97130368,1.04216296,844.83609687,756.10538309,485.42337945,337.66353068,170.34103585,72.48383966,20.92516772,12.32411359,4.15842974,2.98427998,2.78935054,0.90598655,0.97130368
445.94064066,917.02781273,499.39054716,270.39185889,260.48668030,24.36013028,11.08392332,15.11923175,5.25292318,1.46903940,2.12014342,0.33645432,1.08801208,732.30157295,396.44122955,580.47860546,348.07521137,139.79259105,113.83267929,6.99135739,6.32892021,5.03470417,3.93969238,1.46903940,0.70600776,0.33645432
732.30157295,396.44122955,580.47860546,348.07521137,139.79259105,113.83267929,6.99135739,6.32892021,5.03470417,3.93969238,1.46903940,0.70600776,0.33645432,969.27362173,651.01609836,250.94729830,404.59358800,179.95488428,61.08936229,32.66997896,3.99206507,2.10753043,3.77602813,3.93969238,0.48919012,0.70600776
969.27362173,651.01609836,250.94729830,404.59358800,179.95488428,61.08936229,32.66997896,3.99206507,2.10753043,3.77602813,3.93969238,0.48919012,0.70600776,961.69888646,861.68424972,412.09319026,174.91026692,209.17488500,78.64028443,17.53264698,18.65455798,1.32935767,1.58064782,3.77602813,1.31191756,0.48919012
961.69888646,861.68424972,412.09319026,174.91026692,209.17488500,78.64028443,17.53264698,18.65455798,1.32935767,1.58064782,3.77602813,1.31191756,0.48919012,842.16282792,854.95031006,545.44613007,287.22895361,90.42860800,91.40942474,22.56976163,10.01114142,6.21196781,0.99701825,1.58064782,1.25741737,1.31191756
842.16282792,854.95031006,545.44613007,287.22895361,90.42860800,91.40942474,22.56976163,10.01114142,6.21196781,0.99701825,1.58064782,1.25741737,1.31191756,749.75908492,748.68275402,541.18354627,380.17595266,148.49736902,39.51730169,26.23450490,12.88733389,3.33371009,4.65897586,0.99701825,0.52635573,1.25741737
749.75908492,748.68275402,541.18354627,380.17595266,148.49736902,39.51730169,26.23450490,12.88733389,3.33371009,4.65897586,0.99701825,0.52635573,1.25741737,779.82925150,666.53582650,473.91618330,377.20493175,196.55096753,64.89335026,11.34146559,14.97990230,4.29148219,2.50028257,4.65897586,0.33200708,0.52635573
779.82925150,666.53582650,473.91618330,377.20493175,196.55096753,64.89335026,11.34146559,14.97990230,4.29148219,2.50028257,4.65897586,0.33200708,0.52635573,892.74662825,693.26820459,421.91717817,330.31957976,195.01494971,85.89277281,18.62439152,6.47597685,4.98830747,3.21861164,2.50028257,1.55143896,0.33200708
892.74662825,693.26820459,421.91717817,330.31957976,195.01494971,85.89277281,18.62439152,6.47597685,4.98830747,3.21861164,2.50028257,1.55143896,0.33200708,913.31817081,793.65175252,438.83877350,294.07627319,170.77522273,85.22153303,24.65122580,10.63452756,2.15650029,3.74123060,3.21861164,0.83259410,1.55143896
913.31817081,793.65175252,438.83877350,294.07627319,170.77522273,85.22153303,24.65122580,10.63452756,2.15650029,3.74123060,3.21861164,0.83259410,1.55143896,874.29176615,811.93985385,502.38155934,305.87062513,152.03743324,74.62877234,24.45857998,14.07584993,3.54129768,1.61737522,3.74123060,1.07179768,0.83259410
874.29176615,811.93985385,502.38155934,305.87062513,152.03743324,74.62877234,24.45857998,14.07584993,3.54129768,1.61737522,3.74123060,1.07179768,0.83259410,821.03200315,777.24538011,513.95792749,350.15994686,158.13511319,66.44035832,21.41845766,13.96584917,4.68725803,2.65597326,1.61737522,1.24582979,1.07179768
821.03200315,777.24538011,513.95792749,350.15994686,158.13511319,66.44035832,21.41845766,13.96584917,4.68725803,2.65597326,1.61737522,1.24582979,1.07179768,820.31598994,729.89745080,491.99632561,358.22867546,181.03269253,69.10504447,19.06838284,12.22993932,4.65062777,3.51544352,2.65597326,0.53858595,1.24582979
820.31598994,729.89745080,491.99632561,358.22867546,181.03269253,69.10504447,19.06838284,12.22993932,4.65062777,3.51544352,2.65597326,0.53858595,1.24582979,865.89909334,729.26091506,462.02508636,342.92143895,185.20422521,79.11128663,19.83314776,10.88804660,4.07256979,3.48797083,3.51544352,0.88443910,0.53858595
865.89909334,729.26091506,462.02508636,342.92143895,185.20422521,79.11128663,19.83314776,10.88804660,4.07256979,3.48797083,3.51544352,0.88443910,0.53858595,889.08272758,769.78429398,461.62215923,322.03148519,177.29038394,80.93424642,22.70493926,11.32472737,3.62571952,3.05442735,3.48797083,1.17064269,0.88443910
889.08272758,769.78429398,461.62215923,322.03148519,177.29038394,80.93424642,22.70493926,11.32472737,3.62571952,3.05442735,3.48797083,1.17064269,0.88443910,877.25519931,790.39454481,487.27345809,321.75064499,166.49027784,77.47589778,23.22812872,12.96452032,3.77113421,2.71928964,3.05442735,1.16149429,1.17064269
877.25519931,790.39454481,487.27345809,321.75064499,166.49027784,77.47589778,23.22812872,12.96452032,3.77113421,2.71928964,3.05442735,1.16149429,1.17064269,852.95850963,779.87987218,500.31974687,339.62960029,166.34508346,72.75625142,22.23558266,13.26326150,4.31718527,2.82835066,2.71928964,1.01712431,1.16149429
852.95850963,779.87987218,500.31974687,339.62960029,166.34508346,72.75625142,22.23558266,13.26326150,4.31718527,2.82835066,2.71928964,1.01712431,1.16149429,845.54611536,758.28011506,493.66395909,348.72286357,175.58850335,72.69280147,20.88104416,12.69651770,4.41666608,3.23788895,2.82835066,0.90552345,1.01712431
845.54611536,758.28011506,493.66395909,348.72286357,175.58850335,72.69280147,20.88104416,12.69651770,4.41666608,3.23788895,2.82835066,0.90552345,1.01712431,860.05483066,751.69049656,479.99131283,344.08377949,180.28972046,76.73217596,20.86283402,11.92307621,4.22794039,3.31249956,3.23788895,0.94184077,0.90552345
860.05483066,751.69049656,479.99131283,344.08377949,180.28972046,76.73217596,20.86283402,11.92307621,4.22794039,3.31249956,3.23788895,0.94184077,0.90552345,875.69705027,764.58874445,475.82008432,334.55394505,177.89131399,78.78660784,22.02213450,11.91267823,3.97038438,3.17095530,3.31249956,1.07821702,0.94184077
875.69705027,764.58874445,475.82008432,334.55394505,177.89131399,78.78660784,22.02213450,11.91267823,3.97038438,3.17095530,3.31249956,1.07821702,0.94184077,875.12725072,778.49467769,483.98467524,331.64659877,172.96438959,77.73850422,22.61175645,12.57463880,3.96692185,2.97778828,3.17095530,1.10306235,1.07821702
875.12725072,778.49467769,483.98467524,331.64659877,172.96438959,77.73850422,22.61175645,12.57463880,3.96692185,2.97778828,3.17095530,1.10306235,1.07821702,864.48553256,777.98812589,492.78713098,337.33731864,171.46129157,75.58543825,22.31095071,12.91131293,4.18735472,2.97519139,2.97778828,1.05592811,1.10306235
936.85009172,408.92018653,265.13122162,220.97902153,105.36399825,109.13282119,20.03982052,4.51121559,0.00901114,3.37573108,4.36759124,1.63664755,0.79268157,984.99466423,832.85973154,258.84647807,184.79646147,114.24615413,46.04406724,31.32111968,11.44273752,1.50223479,0.00675836,3.37573108,1.45440788,1.63664755
984.99466423,832.85973154,258.84647807,184.79646147,114.24615413,46.04406724,31.32111968,11.44273752,1.50223479,0.00675836,3.37573108,1.45440788,1.63664755,748.21487800,875.66025650,527.20021007,180.41599522,95.53977058,49.92556935,13.21464730,17.88435934,3.81043159,1.12667609,0.00675836,1.12411845,1.45440788
748.21487800,875.66025650,527.20021007,180.41599522,95.53977058,49.92556935,13.21464730,17.88435934,3.81043159,1.12667609,0.00675836,1.12411845,1.45440788,628.01123638,665.16302654,554.29294236,367.45854642,93.27506953,41.75087974,14.32863840,7.54556361,5.95549166,2.85782370,1.12667609,0.00225053,1.12411845
628.01123638,665.16302654,554.29294236,367.45854642,93.27506953,41.75087974,14.32863840,7.54556361,5.95549166,2.85782370,1.12667609,0.00225053,1.12411845,702.05920506,558.30198914,421.04819580,386.34218083,189.97606850,40.76120538,11.98250249,8.18165253,2.51267268,4.46661874,2.85782370,0.37518314,0.00225053
702.05920506,558.30198914,421.04819580,386.34218083,189.97606850,40.76120538,11.98250249,8.18165253,2.51267268,4.46661874,2.85782370,0.37518314,0.00225053,859.99812463,624.13063330,353.40515913,293.47059247,199.73890749,83.01954193,11.69846594,6.84200892,2.72449029,1.88450451,4.46661874,0.95165529,0.37518314
859.99812463,624.13063330,353.40515913,293.47059247,199.73890749,83.01954193,11.69846594,6.84200892,2.72449029,1.88450451,4.46661874,0.95165529,0.37518314,929.97974856,764.53833280,395.07469088,246.32339591,151.72429631,87.28590257,23.82660853,6.67982405,2.27838897,2.04336772,1.88450451,1.48738404,0.95165529
929.97974856,764.53833280,395.07469088,246.32339591,151.72429631,87.28590257,23.82660853,6.67982405,2.27838897,2.04336772,1.88450451,1.48738404,0.95165529,835.30439906,826.75199647,483.95276466,275.36705954,127.34919569,66.30351749,25.05105404,13.60499347,2.22438141,1.70879173,2.04336772,0.62754000,1.48738404
835.30439906,826.75199647,483.95276466,275.36705954,127.34919569,66.30351749,25.05105404,13.60499347,2.22438141,1.70879173,2.04336772,0.62754000,1.48738404,761.17406024,742.58561076,523.33401376,337.31507697,142.36476978,55.65159851,19.02910952,14.30415186,4.53046283,1.66828606,1.70879173,0.68044145,0.62754000
761.17406024,742.58561076,523.33401376,337.31507697,142.36476978,55.65159851,19.02910952,14.30415186,4.53046283,1.66828606,1.70879173,0.68044145,0.62754000,773.73968450,676.68373955,470.05669161,364.76380759,174.39189479,62.21340440,15.97200877,10.86562154,4.76328257,3.39784712,1.66828606,0.56902765,0.68044145
773.73968450,676.68373955,470.05669161,364.76380759,174.39189479,62.21340440,15.97200877,10.86562154,4.76328257,3.39784712,1.66828606,0.56902765,0.68044145,847.70999424,687.85457952,428.34080714,327.62951405,188.58288853,76.20925802,17.85524706,9.12001701,3.61825197,3.57246193,3.39784712,0.55553926,0.56902765
847.70999424,687.85457952,428.34080714,327.62951405,188.58288853,76.20925802,17.85524706,9.12001701,3.61825197,3.57246193,3.39784712,0.55553926,0.56902765,894.18333632,753.61418488,435.41194884,298.55354258,169.38445877,82.41072229,21.87205705,10.19534607,3.03696566,2.71368898,3.57246193,1.13148309,0.55553926
894.18333632,753.61418488,435.41194884,298.55354258,169.38445877,82.41072229,21.87205705,10.19534607,3.03696566,2.71368898,3.57246193,1.13148309,0.55553926,868.34363280,794.92898598,477.03777903,303.48212834,154.35218151,74.02100848,23.65187730,12.48894458,3.39505024,2.27772425,2.71368898,1.18962982,1.13148309
868.34363280,794.92898598,477.03777903,303.48212834,154.35218151,74.02100848,23.65187730,12.48894458,3.39505024,2.27772425,2.71368898,1.18962982,1.13148309,826.41758600,771.95748956,503.19004813,332.49533198,156.90026035,67.45190332,21.24402943,13.50522194,4.15881854,2.54628768,2.27772425,0.90365843,1.18962982
826.41758600,771.95748956,503.19004813,332.49533198,156.90026035,67.45190332,21.24402943,13.50522194,4.15881854,2.54628768,2.27772425,0.90365843,1.18962982,821.17791194,734.68523396,488.64909089,350.72346355,171.90008664,68.56541377,19.35869625,12.13034081,4.49723890,3.11911391,2.54628768,0.75848217,0.90365843
821.17791194,734.68523396,488.64909089,350.72346355,171.90008664,68.56541377,19.35869625,12.13034081,4.49723890,3.11911391,2.54628768,0.75848217,0.90365843,849.34553227,730.02716372,465.05575309,340.58841635,181.32403065,75.12033786,19.67827375,11.05381556,4.03940349,3.37292918,3.11911391,0.84791380,0.75848217
849.34553227,730.02716372,465.05575309,340.58841635,181.32403065,75.12033786,19.67827375,11.05381556,4.03940349,3.37292918,3.11911391,0.84791380,0.75848217,875.67769751,755.06817818,462.10719463,324.14385991,176.08421125,79.23860140,21.55953697,11.23629431,3.68092058,3.02955262,3.37292918,1.03866493,0.84791380
875.67769751,755.06817818,462.10719463,324.14385991,176.08421125,79.23860140,21.55953697,11.23629431,3.68092058,3.02955262,3.37292918,1.03866493,0.84791380,873.62065434,778.47747309,477.95815679,322.08871466,167.58237557,76.94880032,22.74147860,12.31049561,3.74168601,2.76069044,3.02955262,1.12318542,1.03866493
873.62065434,778.47747309,477.95815679,322.08871466,167.58237557,76.94880032,22.74147860,12.31049561,3.74168601,2.76069044,3.02955262,1.12318542,1.03866493,854.40965200,776.64876171,492.77624047,333.13683528,166.51986548,73.23349812,22.08430569,12.98538428,4.09939504,2.80626450,2.76069044,1.00884102,1.12318542
854.40965200,776.64876171,492.77624047,333.13683528,166.51986548,73.23349812,22.08430569,12.98538428,4.09939504,2.80626450,2.76069044,1.00884102,1.12318542,845.97210041,759.57018063,491.61866616,343.46503960,172.23174384,72.76918121,21.01801396,12.61013855,4.32413297,3.07454628,2.80626450,0.91930992,1.00884102
845.97210041,759.57018063,491.61866616,343.46503960,172.23174384,72.76918121,21.01801396,12.61013855,4.32413297,3.07454628,2.80626450,0.91930992,1.00884102,855.18136311,752.06919727,480.80792434,342.65821032,177.57142548,75.26527206,20.88475501,12.00128597,4.19917614,3.24309972,3.07454628,0.93448608,0.91930992
980.31486422,584.58624166,591.70018695,402.04764497,40.39259121,88.07899050,4.50135486,9.22178688,3.06765242,4.54280553,2.84705826,1.02439673,1.86147205,787.46078738,871.49991429,370.04309097,412.41503031,207.85863245,17.65156236,25.27867027,2.57027362,3.07085503,2.30073932,4.54280553,0.94807040,1.02439673
787.46078738,871.49991429,370.04309097,412.41503031,207.85863245,17.65156236,25.27867027,2.57027362,3.07085503,2.30073932,4.54280553,0.94807040,1.02439673,757.66671371,700.05263998,551.65944575,257.92003440,213.21857067,90.83422238,5.06599840,14.43412073,0.85590112,2.30314127,2.30073932,1.51275424,0.94807040
757.66671371,700.05263998,551.65944575,257.92003440,213.21857067,90.83422238,5.06599840,14.43412073,0.85590112,2.30314127,2.30073932,1.51275424,0.94807040,857.94732273,673.56570849,443.13332111,384.50663368,133.34465779,93.17651538,26.06942182,2.89268508,4.80656220,0.64192584,2.30314127,0.76614619,1.51275424
857.94732273,673.56570849,443.13332111,384.50663368,133.34465779,93.17651538,26.06942182,2.89268508,4.80656220,0.64192584,2.30314127,0.76614619,1.51275424,878.68270188,762.71516990,426.36709348,308.86392481,198.78992961,58.27161545,26.74165991,14.88563986,0.96326413,3.60492165,0.64192584,0.76694604,0.76614619
878.68270188,762.71516990,426.36709348,308.86392481,198.78992961,58.27161545,26.74165991,14.88563986,0.96326413,3.60492165,0.64192584,0.76694604,0.76614619,847.89548778,781.14892197,482.79870255,297.17786415,159.68264913,86.87119924,16.72395364,15.26948781,4.95691807,0.72244810,3.60492165,0.21376130,0.76694604
847.89548778,781.14892197,482.79870255,297.17786415,159.68264913,86.87119924,16.72395364,15.26948781,4.95691807,0.72244810,3.60492165,0.21376130,0.76694604,838.81742806,753.77908863,494.46726761,336.51069568,153.64095577,69.78131767,24.93203418,9.54937753,5.08473944,3.71768856,0.72244810,1.20043891,0.21376130
838.81742806,753.77908863,494.46726761,336.51069568,153.64095577,69.78131767,24.93203418,9.54937753,5.08473944,3.71768856,0.72244810,1.20043891,0.21376130,817.29761752,745.70869354,477.14216310,344.64368552,173.97602966,67.14109767,20.02723817,14.23619152,3.17994272,3.81355458,3.71768856,0.24057522,1.20043891
817.29761752,745.70869354,477.14216310,344.64368552,173.97602966,67.14109767,20.02723817,14.23619152,3.17994272,3.81355458,3.71768856,0.24057522,1.20043891,862.58555488,726.57758197,472.03360301,332.56808768,178.18078541,76.02752496,19.26949503,11.43555300,4.74065178,2.38495704,3.81355458,1.23799029,0.24057522
862.58555488,726.57758197,472.03360301,332.56808768,178.18078541,76.02752496,19.26949503,11.43555300,4.74065178,2.38495704,3.81355458,1.23799029,0.24057522,874.16238026,766.83855829,459.92360939,329.00742130,171.93770133,77.86500323,21.81989966,11.00288166,3.80803915,3.55548883,2.38495704,1.26991368,1.23799029
874.16238026,766.83855829,459.92360939,329.00742130,171.93770133,77.86500323,21.81989966,11.00288166,3.80803915,3.55548883,2.38495704,1.26991368,1.23799029,867.09088170,777.13035605,485.40880740,320.56675574,170.09683681,75.13677548,22.34725593,12.45916271,3.66395959,2.85602936,3.55548883,0.79419069,1.26991368
867.09088170,777.13035605,485.40880740,320.56675574,170.09683681,75.13677548,22.34725593,12.45916271,3.66395959,2.85602936,3.55548883,0.79419069,1.26991368,855.42121631,770.84379383,491.92351538,338.32993875,165.73301272,74.33231769,21.56425456,12.76028313,4.14890118,2.74796970,2.85602936,1.18397778,0.79419069
855.42121631,770.84379383,491.92351538,338.32993875,165.73301272,74.33231769,21.56425456,12.76028313,4.14890118,2.74796970,2.85602936,1.18397778,0.79419069,846.65258051,760.46946130,487.94412150,342.87069022,174.91657834,72.42532656,21.33337518,12.31318936,4.24917428,3.11167589,2.74796970,0.95105778,1.18397778
846.65258051,760.46946130,487.94412150,342.87069022,174.91657834,72.42532656,21.33337518,12.31318936,4.24917428,3.11167589,2.74796970,0.95105778,1.18397778,858.86726742,752.67414408,481.37716900,340.09705268,177.26414684,76.43854473,20.78606872,12.18135723,4.10029206,3.18688071,3.11167589,0.91507391,0.95105778
858.86726742,752.67414408,481.37716900,340.09705268,177.26414684,76.43854473,20.78606872,12.18135723,4.10029206,3.18688071,3.11167589,0.91507391,0.95105778,869.99274805,763.53300073,476.44273320,335.51988679,175.83017624,77.46443217,21.93786234,11.86884524,4.05639196,3.07521904,3.18688071,1.03618807,0.91507391
869.99274805,763.53300073,476.44273320,335.51988679,175.83017624,77.46443217,21.93786234,11.86884524,4.05639196,3.07521904,3.18688071,1.03618807,0.91507391,869.12059101,773.42355302,483.31638946,332.08058504,173.46378147,76.83778702,22.23229203,12.52651940,3.95232547,3.04229397,3.07521904,1.06123128,1.03618807
869.12059101,773.42355302,483.31638946,332.08058504,173.46378147,76.83778702,22.23229203,12.52651940,3.95232547,3.04229397,3.07521904,1.06123128,1.03618807,863.05221138,772.64820541,489.57710906,336.87152346,171.68566247,75.80367250,22.05244487,12.69463875,4.17133096,2.96424410,3.04229397,1.02404794,1.06123128
863.05221138,772.64820541,489.57710906,336.87152346,171.68566247,75.80367250,22.05244487,12.69463875,4.17133096,2.96424410,3.04229397,1.02404794,1.06123128,859.56063790,767.25341591,489.08631402,341.23524501,174.16257763,75.02663450,21.75565401,12.59194602,4.22731470,3.12849822,2.96424410,1.01308389,1.02404794
859.56063790,767.25341591,489.08631402,341.23524501,174.16257763,75.02663450,21.75565401,12.59194602,4.22731470,3.12849822,2.96424410,1.01308389,1.02404794,862.06777236,764.14940709,485.67141227,340.89316087,176.41862167,76.10904642,21.53264410,12.42247844,4.19311803,3.17048603,3.12849822,0.98709328,1.01308389
862.06777236,764.14940709,485.67141227,340.89316087,176.41862167,76.10904642,21.53264410,12.42247844,4.19311803,3.17048603,3.12849822,0.98709328,1.01308389,867.76624857,766.37824962,483.70657469,338.51297435,176.24176417,77.09493767,21.84329632,12.29513978,4.13668532,3.14483852,3.17048603,1.04178991,0.98709328
867.76624857,766.37824962,483.70657469,338.51297435,176.24176417,77.09493767,21.84329632,12.29513978,4.13668532,3.14483852,3.17048603,1.04178991,0.98709328,869.10338596,771.44419498,485.11743201,337.14348256,175.01120774,77.01765094,22.12624711,12.47252220,4.09428155,3.10251399,3.14483852,1.05577185,1.04178991
236.92229595,94.44777244,169.89189433,89.83352751,189.11904361,45.35187855,31.09338408,11.10873304,4.82609113,0.30211756,0.68048202,0.94879666,0.00347465,513.57887523,210.62392110,59.78543995,118.41465035,46.44393372,82.64502206,13.01598914,17.75432231,3.69920810,3.61956835,0.30211756,0.22660051,0.94879666
513.57887523,210.62392110,59.78543995,118.41465035,46.44393372,82.64502206,13.01598914,17.75432231,3.69920810,3.61956835,0.30211756,0.22660051,0.94879666,348.46733435,456.57162008,133.32494206,41.67045165,61.22037423,20.29599904,23.71912133,7.43212980,5.91218933,2.77440608,3.61956835,0.10060515,0.22660051
348.46733435,456.57162008,133.32494206,41.67045165,61.22037423,20.29599904,23.71912133,7.43212980,5.91218933,2.77440608,3.61956835,0.10060515,0.22660051,393.42460620,309.78746023,289.00983551,92.92748461,21.54362350,26.75330354,5.82495172,13.54361828,2.47489922,4.43414200,2.77440608,1.20531626,0.10060515
393.42460620,309.78746023,289.00983551,92.92748461,21.54362350,26.75330354,5.82495172,13.54361828,2.47489922,4.43414200,2.77440608,1.20531626,0.10060515,385.93939175,349.75447491,196.09546233,201.43985535,48.04350955,9.41456347,7.67819812,3.32604743,4.51002489,1.85617442,4.43414200,0.92387722,1.20531626
385.93939175,349.75447491,196.09546233,201.43985535,48.04350955,9.41456347,7.67819812,3.32604743,4.51002489,1.85617442,4.43414200,0.92387722,1.20531626,443.75452669,343.10011926,221.39458262,136.67853724,104.14440522,20.99501367,2.70197972,4.38425112,1.10757380,3.38251867,1.85617442,1.47656928,0.92387722
443.75452669,343.10011926,221.39458262,136.67853724,104.14440522,20.99501367,2.70197972,4.38425112,1.10757380,3.38251867,1.85617442,1.47656928,0.92387722,475.17209506,394.49777423,217.18237549,154.31202409,70.66280375,45.51110508,6.02556892,1.54283042,1.45995562,0.83068035,3.38251867,0.61810608,1.47656928
475.17209506,394.49777423,217.18237549,154.31202409,70.66280375,45.51110508,6.02556892,1.54283042,1.45995562,0.83068035,3.38251867,0.61810608,1.47656928,521.61861887,422.42799251,249.71709109,151.37611572,79.77931645,30.87964524,13.06168716,3.44059986,0.51376253,1.09496672,0.83068035,1.12637872,0.61810608
521.61861887,422.42799251,249.71709109,151.37611572,79.77931645,30.87964524,13.06168716,3.44059986,0.51376253,1.09496672,0.83068035,1.12637872,0.61810608,516.06868177,463.71895218,267.39691926,174.05281249,78.26145183,34.86356129,8.86245818,7.45822337,1.14571975,0.38532190,1.09496672,0.27661656,1.12637872
516.06868177,463.71895218,267.39691926,174.05281249,78.26145183,34.86356129,8.86245818,7.45822337,1.14571975,0.38532190,1.09496672,0.27661656,1.12637872,566.69641006,458.78505810,293.53409673,186.37565272,89.98530406,34.20025445,10.00584209,5.06046362,2.48358838,0.85928981,0.38532190,0.36462392,0.27661656
566.69641006,458.78505810,293.53409673,186.37565272,89.98530406,34.20025445,10.00584209,5.06046362,2.48358838,0.85928981,0.38532190,0.36462392,0.27661656,585.50509142,503.79310854,290.41094177,204.59326542,96.35621246,39.32357787,9.81547303,5.71333583,1.68513439,1.86269129,0.85928981,0.12831219,0.36462392
585.50509142,503.79310854,290.41094177,204.59326542,96.35621246,39.32357787,9.81547303,5.71333583,1.68513439,1.86269129,0.85928981,0.12831219,0.36462392,634.34623197,520.51402627,318.90103771,202.41642642,105.77471822,42.10766484,11.28586685,5.60463510,1.90254083,1.26385079,1.86269129,0.28614351,0.12831219
634.34623197,520.51402627,318.90103771,202.41642642,105.77471822,42.10766484,11.28586685,5.60463510,1.90254083,1.26385079,1.86269129,0.28614351,0.12831219,667.94515797,563.93380022,329.48537863,222.27402328,104.64929246,46.22355186,12.08489981,6.44422997,1.86634349,1.42690562,1.26385079,0.62027620,0.28614351
667.94515797,563.93380022,329.48537863,222.27402328,104.64929246,46.22355186,12.08489981,6.44422997,1.86634349,1.42690562,1.26385079,0.62027620,0.28614351,689.24771617,593.80324543,356.97009554,229.65130890,114.91567004,45.73174080,13.26615938,6.90047779,2.14592858,1.39975762,1.42690562,0.42086231,0.62027620
689.24771617,593.80324543,356.97009554,229.65130890,114.91567004,45.73174080,13.26615938,6.90047779,2.14592858,1.39975762,1.42690562,0.42086231,0.62027620,708.06631474,612.74121968,375.87745436,248.80815659,118.72972670,50.21814781,13.12500961,7.57497701,2.29785910,1.60944644,1.39975762,0.47515957,0.42086231
708.06631474,612.74121968,375.87745436,248.80815659,118.72972670,50.21814781,13.12500961,7.57497701,2.29785910,1.60944644,1.39975762,0.47515957,0.42086231,725.48119255,629.47095380,387.86519206,261.98658569,128.63381696,51.88489057,14.41260842,7.49438049,2.52246734,1.72339433,1.60944644,0.46611929,0.47515957
725.48119255,629.47095380,387.86519206,261.98658569,128.63381696,51.88489057,14.41260842,7.49438049,2.52246734,1.72339433,1.60944644,0.46611929,0.47515957,746.80880091,644.95278017,398.45511376,270.34203886,135.44706480,56.21297801,14.89096359,8.22959941,2.49562870,1.89185051,1.72339433,0.53594566,0.46611929
746.80880091,644.95278017,398.45511376,270.34203886,135.44706480,56.21297801,14.89096359,8.22959941,2.49562870,1.89185051,1.72339433,0.53594566,0.46611929,766.85845647,663.91302401,408.25510985,277.72321429,139.76683409,59.19036732,16.13312469,8.50274021,2.74045660,1.87172153,1.89185051,0.57389031,0.53594566
766.85845647,663.91302401,408.25510985,277.72321429,139.76683409,59.19036732,16.13312469,8.50274021,2.74045660,1.87172153,1.89185051,0.57389031,0.53594566,780.22377553,681.73716780,420.25694420,284.55381157,143.58290179,61.07810650,16.98763542,9.21201420,2.83141249,2.05534245,1.87172153,0.62998622,0.57389031
780.22377553,681.73716780,420.25694420,284.55381157,143.58290179,61.07810650,16.98763542,9.21201420,2.83141249,2.05534245,1.87172153,0.62998622,0.57389031,788.74897904,693.61893645,431.53962722,292.91909011,147.11432058,62.74572808,17.52941657,9.69993982,3.06760073,2.12355937,2.05534245,0.62328327,0.62998622
788.74897904,693.61893645,431.53962722,292.91909011,147.11432058,62.74572808,17.52941657,9.69993982,3.06760073,2.12355937,2.05534245,0.62328327,0.62998622,798.22126556,701.19784236,439.06078677,300.78312017,151.43916959,64.28895809,18.00802396,10.00929686,3.23007996,2.30070055,2.12355937,0.68442904,0.62328327
38.49970326,748.79923882,349.72198773,54.94984727,136.95072494,13.08602549,3.48154472,6.64746208,1.95311261,2.68898848,3.47483888,0.64784770,1.50434695,544.17662171,34.22623620,473.98991817,243.75622545,28.40907104,59.84746680,3.75568932,1.98796203,2.21360487,1.46483446,2.68898848,1.15712135,0.64784770
544.17662171,34.22623620,473.98991817,243.75622545,28.40907104,59.84746680,3.75568932,1.98796203,2.21360487,1.46483446,2.68898848,1.15712135,0.64784770,580.06682823,483.77301670,21.66520751,330.37097297,126.02196856,12.41476404,17.17622297,2.14449860,0.66199136,1.66020365,1.46483446,0.89543316,1.15712135
580.06682823,483.77301670,21.66520751,330.37097297,126.02196856,12.41476404,17.17622297,2.14449860,0.66199136,1.66020365,1.46483446,0.89543316,1.15712135,666.08784879,515.67941030,306.22831957,15.10064964,170.80179302,55.07160026,3.56303728,9.80762332,0.71411803,0.49649352,1.66020365,0.48778987,0.89543316
666.08784879,515.67941030,306.22831957,15.10064964,170.80179302,55.07160026,3.56303728,9.80762332,0.71411803,0.49649352,1.66020365,0.48778987,0.89543316,666.16441419,592.15209757,326.42506672,213.44113874,7.80703586,74.64038355,15.80554927,2.03449429,3.26593856,0.53558853,0.49649352,0.55284782,0.48778987
666.16441419,592.15209757,326.42506672,213.44113874,7.80703586,74.64038355,15.80554927,2.03449429,3.26593856,0.53558853,0.49649352,0.55284782,0.48778987,604.26359050,592.22016421,374.83227776,227.51827150,110.34906873,3.41167467,21.42179008,9.02496864,0.67748660,2.44945392,0.53558853,0.16533234,0.55284782
604.26359050,592.22016421,374.83227776,227.51827150,110.34906873,3.41167467,21.42179008,9.02496864,0.67748660,2.44945392,0.53558853,0.16533234,0.55284782,618.54555586,537.19033195,374.87536395,261.25809760,117.62694637,48.22254303,0.97915063,12.23184214,3.00531456,0.50811495,2.44945392,0.17835098,0.16533234
618.54555586,537.19033195,374.87536395,261.25809760,117.62694637,48.22254303,0.97915063,12.23184214,3.00531456,0.50811495,2.44945392,0.17835098,0.16533234,727.16933739,549.88699916,340.04148012,261.28812867,135.07043646,51.40297556,13.83986985,0.55909501,4.07320343,2.25398592,0.50811495,0.81566816,0.17835098
727.16933739,549.88699916,340.04148012,261.28812867,135.07043646,51.40297556,13.83986985,0.55909501,4.07320343,2.25398592,0.50811495,0.81566816,0.17835098,753.78958262,646.45354094,348.07847047,237.00891165,135.08596252,59.02578073,14.75265399,7.90256568,0.18617864,3.05490257,2.25398592,0.16920228,0.81566816
753.78958262,646.45354094,348.07847047,237.00891165,135.08596252,59.02578073,14.75265399,7.90256568,0.18617864,3.05490257,2.25398592,0.16920228,0.81566816,771.04416287,670.11893894,409.20509142,242.61069392,122.53360732,59.03256562,16.94039907,8.42376543,2.63155437,0.13963398,3.05490257,0.75057731,0.16920228
771.04416287,670.11893894,409.20509142,242.61069392,122.53360732,59.03256562,16.94039907,8.42376543,2.63155437,0.13963398,3.05490257,0.75057731,0.16920228,746.02374173,685.45826079,424.18528835,285.21594872,125.42972875,53.54718640,16.94234633,9.67296787,2.80511389,1.97366578,0.13963398,1.01728256,0.75057731
746.02374173,685.45826079,424.18528835,285.21594872,125.42972875,53.54718640,16.94234633,9.67296787,2.80511389,1.97366578,0.13963398,1.01728256,0.75057731,744.00390777,663.21510639,433.89507908,295.65714598,147.45664549,54.81279147,15.36804250,9.67407976,3.22109830,2.10383542,1.97366578,0.04649811,1.01728256
744.00390777,663.21510639,433.89507908,295.65714598,147.45664549,54.81279147,15.36804250,9.67407976,3.22109830,2.10383542,1.97366578,0.04649811,1.01728256,786.71257300,661.41947401,419.81516235,302.42487012,152.85474447,64.43855408,15.73127115,8.77515227,3.22146856,2.41582373,2.10383542,0.65723070,0.04649811
786.71257300,661.41947401,419.81516235,302.42487012,152.85474447,64.43855408,15.73127115,8.77515227,3.22146856,2.41582373,2.10383542,0.65723070,0.04649811,811.14088803,699.38747740,418.67852705,292.61116816,156.35365785,66.79752333,18.49386502,8.98255583,2.92212570,2.41610142,2.41582373,0.70057719,0.65723070
811.14088803,699.38747740,418.67852705,292.61116816,156.35365785,66.79752333,18.49386502,8.98255583,2.92212570,2.41610142,2.41582373,0.70057719,0.65723070,821.63642159,721.10424946,442.71227319,291.81893335,151.27997394,68.32654848,19.17088920,10.55999693,2.99119109,2.19159428,2.41610142,0.80446930,0.70057719
821.63642159,721.10424946,442.71227319,291.81893335,151.27997394,68.32654848,19.17088920,10.55999693,2.99119109,2.19159428,2.41610142,0.80446930,0.70057719,814.13099887,730.43477880,456.45898991,308.57045442,150.87038854,66.10934861,19.60971941,10.94657773,3.51647898,2.24339332,2.19159428,0.80456177,0.80446930
814.13099887,730.43477880,456.45898991,308.57045442,150.87038854,66.10934861,19.60971941,10.94657773,3.51647898,2.24339332,2.19159428,0.80456177,0.80446930,810.90731100,723.76245800,462.36521498,318.15191597,159.53092493,65.93035979,18.97338305,11.19714979,3.64521038,2.63735923,2.24339332,0.72980089,0.80456177
810.90731100,723.76245800,462.36521498,318.15191597,159.53092493,65.93035979,18.97338305,11.19714979,3.64521038,2.63735923,2.24339332,0.72980089,0.80456177,823.47059113,720.89659948,458.14163591,322.26855484,164.48454055,69.71501420,18.92201326,10.83380172,3.72865088,2.73390779,2.63735923,0.74704997,0.72980089
823.47059113,720.89659948,458.14163591,322.26855484,164.48454055,69.71501420,18.92201326,10.83380172,3.72865088,2.73390779,2.63735923,0.74704997,0.72980089,840.09069460,732.06535552,456.32754747,319.32472023,166.61284285,71.87974422,20.00820907,10.80446957,3.60765597,2.79648816,2.73390779,0.87824062,0.74704997
840.09069460,732.06535552,456.32754747,319.32472023,166.61284285,71.87974422,20.00820907,10.80446957,3.60765597,2.79648816,2.73390779,0.87824062,0.74704997,846.47001132,746.84062750,463.39737004,318.06030059,165.09088036,72.80981233,20.62948659,11.42468738,3.59788837,2.70574198,2.79648816,0.91039129,0.87824062
846.47001132,746.84062750,463.39737004,318.06030059,165.09088036,72.80981233,20.62948659,11.42468738,3.59788837,2.70574198,2.79648816,0.91039129,0.87824062,844.77018996,752.51184006,472.75011721,322.98796692,164.43717540,72.14471472,20.89641614,11.77943684,3.80442090,2.69841628,2.70574198,0.93123056,0.91039129
1179.25506365,222.72107187,396.48914477,493.29847395,21.90616588,90.37403315,29.93637537,13.52983046,3.69510225,2.15435139,0.05818635,1.31646460,0.36508523,1042.82858366,1048.35775158,140.98243849,276.35293390,255.03531103,9.57299449,25.93734751,17.09367034,4.50543354,2.77132668,2.15435139,0.01937605,1.31646460
1042.82858366,1048.35775158,140.98243849,276.35293390,255.03531103,9.57299449,25.93734751,17.09367034,4.50543354,2.77132668,2.15435139,0.01937605,1.31646460,784.53012794,927.07461088,663.61045675,98.26475963,142.87446683,111.45043092,2.74744942,14.81022543,5.69219222,3.37907516,2.77132668,0.71739901,0.01937605
784.53012794,927.07461088,663.61045675,98.26475963,142.87446683,111.45043092,2.74744942,14.81022543,5.69219222,3.37907516,2.77132668,0.71739901,0.01937605,709.19747769,697.44728374,586.83822869,462.53648836,50.80288073,62.43614200,31.98627367,1.56879362,4.93180507,4.26914417,3.37907516,0.92285179,0.71739901
709.19747769,697.44728374,586.83822869,462.53648836,50.80288073,62.43614200,31.98627367,1.56879362,4.93180507,4.26914417,3.37907516,0.92285179,0.71739901,760.14583808,630.47655766,441.48413061,409.02624539,239.13136448,22.20085888,17.91917276,18.26416227,0.52240827,3.69885380,4.26914417,1.12523203,0.92285179
760.14583808,630.47655766,441.48413061,409.02624539,239.13136448,22.20085888,17.91917276,18.26416227,0.52240827,3.69885380,4.26914417,1.12523203,0.92285179,909.86056590,675.76965005,399.09166100,307.71443903,211.46656887,104.50040628,6.37164650,10.23184764,6.08196604,0.39180621,3.69885380,1.42162501,1.12523203
909.86056590,675.76965005,399.09166100,307.71443903,211.46656887,104.50040628,6.37164650,10.23184764,6.08196604,0.39180621,3.69885380,1.42162501,1.12523203,960.48415644,808.86604309,427.76218848,278.16688772,159.08836498,92.41089060,29.99161660,3.63821015,3.40720527,4.56147453,0.39180621,1.23171832,1.42162501
960.48415644,808.86604309,427.76218848,278.16688772,159.08836498,92.41089060,29.99161660,3.63821015,3.40720527,4.56147453,0.39180621,1.23171832,1.42162501,848.68191367,853.87041508,512.01220527,298.15024537,143.81228095,69.52161550,26.52192560,17.12521308,1.21152398,2.55540395,4.56147453,0.13047147,1.23171832
848.68191367,853.87041508,512.01220527,298.15024537,143.81228095,69.52161550,26.52192560,17.12521308,1.21152398,2.55540395,4.56147453,0.13047147,1.23171832,799.00596040,754.47822125,540.49997274,356.87250708,154.14367686,62.84596678,19.95270365,15.14401952,5.70269596,0.90864299,2.55540395,1.51897102,0.13047147
799.00596040,754.47822125,540.49997274,356.87250708,154.14367686,62.84596678,19.95270365,15.14401952,5.70269596,0.90864299,2.55540395,1.51897102,0.13047147,807.44987871,710.31629880,477.58471405,376.72848100,184.50308616,67.36078679,18.03679246,11.39299378,5.04295850,4.27702197,0.90864299,0.85094951,1.51897102
807.44987871,710.31629880,477.58471405,376.72848100,184.50308616,67.36078679,18.03679246,11.39299378,5.04295850,4.27702197,0.90864299,0.85094951,1.51897102,873.33472521,717.82294217,449.63021714,332.87654570,194.76862468,80.62784865,19.33254581,10.29900850,3.79386693,3.78221887,4.27702197,0.30257811,0.85094951
873.33472521,717.82294217,449.63021714,332.87654570,194.76862468,80.62784865,19.33254581,10.29900850,3.79386693,3.78221887,4.27702197,0.30257811,0.85094951,908.34382124,776.39457072,454.38192240,313.39226135,172.09717412,85.11388898,23.14019256,11.03888366,3.42956983,2.84540020,3.78221887,1.42424831,0.30257811
908.34382124,776.39457072,454.38192240,313.39226135,172.09717412,85.11388898,23.14019256,11.03888366,3.42956983,2.84540020,3.78221887,1.42424831,0.30257811,873.79454838,807.51765709,491.45776326,316.70419991,162.02379912,75.20646509,24.42768614,13.21304995,3.67594826,2.57217737,2.84540020,1.25947889,1.42424831
873.79454838,807.51765709,491.45776326,316.70419991,162.02379912,75.20646509,24.42768614,13.21304995,3.67594826,2.57217737,2.84540020,1.25947889,1.42424831,841.75894931,776.80335351,511.15867694,342.54606099,163.73607135,70.80440021,21.58425548,13.94820879,4.39994563,2.75696119,2.57217737,0.94751827,1.25947889
841.75894931,776.80335351,511.15867694,342.54606099,163.73607135,70.80440021,21.58425548,13.94820879,4.39994563,2.75696119,2.57217737,0.94751827,1.25947889,839.11157532,748.32370594,491.71652277,356.27759782,177.09631353,71.55266318,20.32086286,12.32460988,4.64475353,3.29995923,2.75696119,0.85653506,0.94751827
839.11157532,748.32370594,491.71652277,356.27759782,177.09631353,71.55266318,20.32086286,12.32460988,4.64475353,3.29995923,2.75696119,0.85653506,0.94751827,861.62568615,745.97019046,473.68890586,342.72641637,184.19551807,77.39108901,20.53561433,11.60321269,4.10409509,3.48356514,3.29995923,0.91806808,0.85653506
861.62568615,745.97019046,473.68890586,342.72641637,184.19551807,77.39108901,20.53561433,11.60321269,4.10409509,3.48356514,3.29995923,0.91806808,0.85653506,882.01314717,765.98523499,472.19913056,330.16116738,177.18955726,80.49344140,22.21124255,11.72583578,3.86386983,3.07807132,3.48356514,1.09888642,0.91806808
882.01314717,765.98523499,472.19913056,330.16116738,177.18955726,80.49344140,22.21124255,11.72583578,3.86386983,3.07807132,3.48356514,1.09888642,0.91806808,877.41266350,784.10968784,484.86865375,329.12279400,170.69332354,77.43183652,23.10161768,12.68261949,3.90470332,2.89790237,3.07807132,1.16002719,1.09888642
877.41266350,784.10968784,484.86865375,329.12279400,170.69332354,77.43183652,23.10161768,12.68261949,3.90470332,2.89790237,3.07807132,1.16002719,1.09888642,860.16514025,780.01985785,496.34143240,337.95345166,170.15648450,74.59298239,22.22293708,13.19102370,4.22331229,2.92852749,2.89790237,1.02499775,1.16002719
860.16514025,780.01985785,496.34143240,337.95345166,170.15648450,74.59298239,22.22293708,13.19102370,4.22331229,2.92852749,2.89790237,1.02499775,1.16002719,853.91355255,764.68680968,493.75257002,345.94997838,174.72193451,74.35838373,21.40818594,12.68929707,4.39261089,3.16748422,2.92852749,0.96500149,1.02499775
853.91355255,764.68680968,493.75257002,345.94997838,174.72193451,74.35838373,21.40818594,12.68929707,4.39261089,3.16748422,2.92852749,0.96500149,1.02499775,861.54092832,759.12914822,484.04675053,344.14554130,178.85613882,76.35348538,21.34085613,12.22407417,4.22553593,3.29445817,3.16748422,0.97519965,0.96500149
737.91141296,1045.29943280,61.13184057,186.86461784,85.89097548,69.36682105,14.29230157,17.70298719,6.76148746,0.82127322,1.49663773,1.96005793,1.29325073,721.11661357,656.00324612,661.67454096,42.60889288,96.60900742,37.53435629,19.90827764,8.16090420,5.89509474,5.07111559,0.82127322,0.49838036,1.96005793
721.11661357,656.00324612,661.67454096,42.60889288,96.60900742,37.53435629,19.90827764,8.16090420,5.89509474,5.07111559,0.82127322,0.49838036,1.96005793,643.73448914,641.07266947,415.25005479,461.18715505,22.02879762,42.21813624,10.77236025,11.36762653,2.71758110,4.42132105,5.07111559,0.27348398,0.49838036
643.73448914,641.07266947,415.25005479,461.18715505,22.02879762,42.21813624,10.77236025,11.36762653,2.71758110,4.42132105,5.07111559,0.27348398,0.49838036,725.00934354,572.27996084,405.79899977,289.42928819,238.43375916,9.62658456,12.11660510,6.15101771,3.78541964,2.03818582,4.42132105,1.68868149,0.27348398
725.00934354,572.27996084,405.79899977,289.42928819,238.43375916,9.62658456,12.11660510,6.15101771,3.78541964,2.03818582,4.42132105,1.68868149,0.27348398,834.71462855,644.53330641,362.25321521,282.84190284,149.63494199,104.19555275,2.76282977,6.91858151,2.04828890,2.83906473,2.03818582,1.47229991,1.68868149
834.71462855,644.53330641,362.25321521,282.84190284,149.63494199,104.19555275,2.76282977,6.91858151,2.04828890,2.83906473,2.03818582,1.47229991,1.68868149,889.72381182,742.06130478,407.98958296,252.49049100,146.22926377,65.39046965,29.90412364,1.57757580,2.30388764,1.53621667,2.83906473,0.67871588,1.47229991
889.72381182,742.06130478,407.98958296,252.49049100,146.22926377,65.39046965,29.90412364,1.57757580,2.30388764,1.53621667,2.83906473,0.67871588,1.47229991,793.63048999,790.96446871,469.72480593,284.36873932,130.53758385,63.90218827,18.76706479,17.07525460,0.52533274,1.72791573,1.53621667,0.94540855,0.67871588
793.63048999,790.96446871,469.72480593,284.36873932,130.53758385,63.90218827,18.76706479,17.07525460,0.52533274,1.72791573,1.53621667,0.94540855,0.67871588,752.83580342,705.53750560,500.68050869,327.39818973,147.01863823,57.04492414,18.33992803,10.71599400,5.68605978,0.39399956,1.72791573,0.51156015,0.94540855
752.83580342,705.53750560,500.68050869,327.39818973,147.01863823,57.04492414,18.33992803,10.71599400,5.68605978,0.39399956,1.72791573,0.51156015,0.94540855,781.61602741,669.27102924,446.60524104,348.97431456,169.26486409,64.24714491,16.37189323,10.47209891,3.56842600,4.26454484,0.39399956,0.57539594,0.51156015
781.61602741,669.27102924,446.60524104,348.97431456,169.26486409,64.24714491,16.37189323,10.47209891,3.56842600,4.26454484,0.39399956,0.57539594,0.51156015,839.06623160,694.85664837,423.64856151,311.28385301,180.41972063,73.96874561,18.43893059,9.34835103,3.48720894,2.67631950,4.26454484,0.13120185,0.57539594
839.06623160,694.85664837,423.64856151,311.28385301,180.41972063,73.96874561,18.43893059,9.34835103,3.48720894,2.67631950,4.26454484,0.13120185,0.57539594,877.42437407,745.92987989,439.84425842,295.28304737,160.93375200,78.84341791,21.22902999,10.52862937,3.11300089,2.61540670,2.67631950,1.42009343,0.13120185
877.42437407,745.92987989,439.84425842,295.28304737,160.93375200,78.84341791,21.22902999,10.52862937,3.11300089,2.61540670,2.67631950,1.42009343,0.13120185,844.69755962,780.03026855,472.17361397,306.57144812,152.66133549,70.32804963,22.62806094,12.12177612,3.50603358,2.33475067,2.61540670,0.89121439,1.42009343
844.69755962,780.03026855,472.17361397,306.57144812,152.66133549,70.32804963,22.62806094,12.12177612,3.50603358,2.33475067,2.61540670,0.89121439,1.42009343,822.68105050,750.93613050,493.75915999,329.10500894,158.49743868,66.71300361,20.18415024,12.92062280,4.03655145,2.62952518,2.33475067,0.87093043,0.89121439
822.68105050,750.93613050,493.75915999,329.10500894,158.49743868,66.71300361,20.18415024,12.92062280,4.03655145,2.62952518,2.33475067,0.87093043,0.89121439,822.58906573,731.36345389,475.34257061,344.15013451,170.14728962,69.26338070,19.14663204,11.52514979,4.30256739,3.02741359,2.62952518,0.77747197,0.87093043
822.58906573,731.36345389,475.34257061,344.15013451,170.14728962,69.26338070,19.14663204,11.52514979,4.30256739,3.02741359,2.62952518,0.77747197,0.87093043,849.06183127,731.28167944,462.95306631,331.31377171,177.92561954,74.35436556,19.87859026,10.93272689,3.83787488,3.22692554,3.02741359,0.87563189,0.77747197
849.06183127,731.28167944,462.95306631,331.31377171,177.92561954,74.35436556,19.87859026,10.93272689,3.83787488,3.22692554,3.02741359,0.87563189,0.77747197,868.07860990,754.81596800,462.90130308,322.67828722,171.28921998,77.75349574,21.33970292,11.35067504,3.64059806,2.87840616,3.22692554,1.00812872,0.87563189
868.07860990,754.81596800,462.90130308,322.67828722,171.28921998,77.75349574,21.33970292,11.35067504,3.64059806,2.87840616,3.22692554,1.00812872,0.87563189,864.15044833,771.72188420,477.79850775,322.64220825,166.82467449,74.85338913,22.31525328,12.18497037,3.77977479,2.73044854,2.87840616,1.07456621,1.00812872
864.15044833,771.72188420,477.79850775,322.64220825,166.82467449,74.85338913,22.31525328,12.18497037,3.77977479,2.73044854,2.87840616,1.07456621,1.00812872,849.18425811,768.22974857,488.49995270,333.02555990,166.80602166,72.90238275,21.48292268,12.74200962,4.05759513,2.83483109,2.73044854,0.95850925,1.07456621
849.18425811,768.22974857,488.49995270,333.02555990,166.80602166,72.90238275,21.48292268,12.74200962,4.05759513,2.83483109,2.73044854,0.95850925,1.07456621,846.23898653,754.92480546,486.28943084,340.48446703,172.17421447,72.89423147,20.92298385,12.26674885,4.24308920,3.04319635,2.83483109,0.90923936,0.95850925
846.23898653,754.92480546,486.28943084,340.48446703,172.17421447,72.89423147,20.92298385,12.26674885,4.24308920,3.04319635,2.83483109,0.90923936,0.95850925,855.61761837,752.30645903,477.86740186,338.94373330,176.03046946,75.24013172,20.92064443,11.94702378,4.08482737,3.18231690,3.04319635,0.94399875,0.90923936
855.61761837,752.30645903,477.86740186,338.94373330,176.03046946,75.24013172,20.92064443,11.94702378,4.08482737,3.18231690,3.04319635,0.94399875,0.90923936,866.40318510,760.64406273,476.20998856,333.07357910,175.23391012,76.92531515,21.59391780,11.94568797,3.97835892,3.06362053,3.18231690,1.01338438,0.94399875
644.36543202,573.12711743,670.43085443,361.88903634,207.19555087,34.15554889,23.38326111,2.08062792,1.50497157,4.02191402,4.99416184,0.00434595,0.59168450,809.89599256,572.84086907,362.78946533,467.29030554,187.09663179,90.54445573,9.80264253,13.35184210,0.69284910,1.12872868,4.02191402,1.66305589,0.00434595
809.89599256,572.84086907,362.78946533,467.29030554,187.09663179,90.54445573,9.80264253,13.35184210,0.69284910,1.12872868,4.02191402,1.66305589,0.00434595,982.98491287,719.99753739,362.60827012,252.86425734,241.58908796,81.76122809,25.98625880,5.59730888,4.44616342,0.51963682,1.12872868,1.33929737,1.66305589
982.98491287,719.99753739,362.60827012,252.86425734,241.58908796,81.76122809,25.98625880,5.59730888,4.44616342,0.51963682,1.12872868,1.33929737,1.66305589,937.54421614,873.87358754,455.75844117,252.73796427,130.73082104,105.57443144,23.46547246,14.83815377,1.86390386,3.33462256,0.51963682,0.37586665,1.33929737
937.54421614,873.87358754,455.75844117,252.73796427,130.73082104,105.57443144,23.46547246,14.83815377,1.86390386,3.33462256,0.51963682,0.37586665,1.33929737,811.08324153,833.47680815,553.16198091,317.66363349,130.66552753,57.12936880,30.29986182,13.39878478,4.94110521,1.39792789,3.33462256,0.17303906,0.37586665
811.08324153,833.47680815,553.16198091,317.66363349,130.66552753,57.12936880,30.29986182,13.39878478,4.94110521,1.39792789,3.33462256,0.17303906,0.37586665,755.22350160,721.05300172,527.59081956,385.55390069,164.23209852,57.10083553,16.39612884,17.30122110,4.46179533,3.70582890,1.39792789,1.11042931,0.17303906
755.22350160,721.05300172,527.59081956,385.55390069,164.23209852,57.10083553,16.39612884,17.30122110,4.46179533,3.70582890,1.39792789,1.11042931,0.17303906,823.86070012,671.39369292,456.42655009,367.73080123,199.33136666,71.76942705,16.38793980,9.36218957,5.76130663,3.34634650,3.70582890,0.46550999,1.11042931
823.86070012,671.39369292,456.42655009,367.73080123,199.33136666,71.76942705,16.38793980,9.36218957,5.76130663,3.34634650,3.70582890,0.46550999,1.11042931,915.51919159,732.41216241,424.99220762,318.12930541,190.11682424,87.10780723,20.59782556,9.35751362,3.11760913,4.32097997,3.34634650,1.23404103,0.46550999
915.51919159,732.41216241,424.99220762,318.12930541,190.11682424,87.10780723,20.59782556,9.35751362,3.11760913,4.32097997,3.34634650,1.23404103,0.46550999,911.82733406,813.89656132,463.61689880,296.21956871,164.47285090,83.08105219,24.99994068,11.76135840,3.11605204,2.33820685,4.32097997,1.11433338,1.23404103
911.82733406,813.89656132,463.61689880,296.21956871,164.47285090,83.08105219,24.99994068,11.76135840,3.11605204,2.33820685,4.32097997,1.11433338,1.23404103,859.52249003,810.61449998,515.19652332,323.14097847,153.14551702,71.87463584,23.84426198,14.27496613,3.91653235,2.33703903,2.33820685,1.43888633,1.11433338
859.52249003,810.61449998,515.19652332,323.14097847,153.14551702,71.87463584,23.84426198,14.27496613,3.91653235,2.33703903,2.33820685,1.43888633,1.11433338,818.40133424,764.11549364,513.11897849,359.09197675,167.06388587,66.92459094,20.62802049,13.61507359,4.75356372,2.93739926,2.33703903,0.77862288,1.43888633
818.40133424,764.11549364,513.11897849,359.09197675,167.06388587,66.92459094,20.62802049,13.61507359,4.75356372,2.93739926,2.33703903,0.77862288,1.43888633,839.70544539,727.55878614,483.68510747,357.64392801,185.65055198,73.00691812,19.20735760,11.77859970,4.53381951,3.56517279,2.93739926,0.77823400,0.77862288
839.70544539,727.55878614,483.68510747,357.64392801,185.65055198,73.00691812,19.20735760,11.77859970,4.53381951,3.56517279,2.93739926,0.77823400,0.77862288,876.80758063,746.49814095,460.54471163,337.12851991,184.90191078,81.12929122,20.95298550,10.96740119,3.92227370,3.40036463,3.56517279,0.97815395,0.77823400
876.80758063,746.49814095,460.54471163,337.12851991,184.90191078,81.12929122,20.95298550,10.96740119,3.92227370,3.40036463,3.56517279,0.97815395,0.77823400,891.00485037,779.48193918,472.53332322,320.99966400,174.29544479,80.80213501,23.28410658,11.96415472,3.65214460,2.94170527,3.40036463,1.18720254,0.97815395
891.00485037,779.48193918,472.53332322,320.99966400,174.29544479,80.80213501,23.28410658,11.96415472,3.65214460,2.94170527,3.40036463,1.18720254,0.97815395,871.35929167,792.10331198,493.41206750,329.35572628,165.95682629,76.16710937,23.19021275,13.29522486,3.98406352,2.73910845,2.94170527,1.13232142,1.18720254
871.35929167,792.10331198,493.41206750,329.35572628,165.95682629,76.16710937,23.19021275,13.29522486,3.98406352,2.73910845,2.94170527,1.13232142,1.18720254,850.27406867,774.63841030,501.40139648,343.90821105,170.27691049,72.52313309,21.85996039,13.24161148,4.42730988,2.98804764,2.73910845,0.97958786,1.13232142
850.27406867,774.63841030,501.40139648,343.90821105,170.27691049,72.52313309,21.85996039,13.24161148,4.42730988,2.98804764,2.73910845,0.97958786,1.13232142,850.62381948,755.89364705,490.34611372,349.47677335,177.80054511,74.41100988,20.81413920,12.48203738,4.40945662,3.32048241,2.98804764,0.91212311,0.97958786
850.62381948,755.89364705,490.34611372,349.47677335,177.80054511,74.41100988,20.81413920,12.48203738,4.40945662,3.32048241,2.98804764,0.91212311,0.97958786,867.24655503,756.20457552,478.48067858,341.77124126,180.67949182,77.69883821,21.35595984,11.88487348,4.15651845,3.30709247,3.32048241,0.99501986,0.91212311
867.24655503,756.20457552,478.48067858,341.77124126,180.67949182,77.69883821,21.35595984,11.88487348,4.15651845,3.30709247,3.32048241,0.99501986,0.91212311,877.99098203,770.98218742,478.67749630,333.50103297,176.69573173,78.95693793,22.29956657,12.19425307,3.95766287,3.11738884,3.30709247,1.10572064,0.99501986
877.99098203,770.98218742,478.67749630,333.50103297,176.69573173,78.95693793,22.29956657,12.19425307,3.95766287,3.11738884,3.30709247,1.10572064,0.99501986,873.13813780,780.53398302,488.03172464,333.63821492,172.42003405,77.21603477,22.66064118,12.73305251,4.06068627,2.96824715,3.11738884,1.10126179,1.10572064
873.13813780,780.53398302,488.03172464,333.63821492,172.42003405,77.21603477,22.66064118,12.73305251,4.06068627,2.96824715,3.11738884,1.10126179,1.10572064,862.48164462,776.21980450,494.07801125,340.15811207,172.49095712,75.34755488,22.16100198,12.93922612,4.24010649,3.04551470,2.96824715,1.03809048,1.10126179
587.66270140,1020.91569244,247.45574710,123.65474872,57.46252729,95.78781657,26.99435649,18.41528572,0.27290108,1.20288334,4.71135224,0.57968001,1.98198934,740.28470023,522.43214155,646.23963331,172.47665573,63.92950509,25.11112442,27.49110336,15.41377756,6.13229015,0.20467581,1.20288334,1.56888030,0.57968001
740.28470023,522.43214155,646.23963331,172.47665573,63.92950509,25.11112442,27.49110336,15.41377756,6.13229015,0.20467581,1.20288334,1.56888030,0.57968001,688.09837120,658.11309850,330.69954560,450.42902442,89.17043101,27.93719372,7.20689271,15.69742002,5.13278793,4.59921761,0.20467581,0.40056015,1.56888030
688.09837120,658.11309850,330.69954560,450.42902442,89.17043101,27.93719372,7.20689271,15.69742002,5.13278793,4.59921761,0.20467581,0.40056015,1.56888030,762.92890787,611.71945200,416.58559135,230.49758328,232.87180563,38.96747835,8.01797460,4.11513574,5.22724087,3.84959095,4.59921761,0.06815705,0.40056015
762.92890787,611.71945200,416.58559135,230.49758328,232.87180563,38.96747835,8.01797460,4.11513574,5.22724087,3.84959095,4.59921761,0.06815705,0.40056015,843.04482838,678.24379910,387.21841311,290.36015717,119.16725056,101.76497906,11.18366629,4.57826350,1.37034020,3.92043065,3.84959095,1.53153946,0.06815705
843.04482838,678.24379910,387.21841311,290.36015717,119.16725056,101.76497906,11.18366629,4.57826350,1.37034020,3.92043065,3.84959095,1.53153946,0.06815705,850.54418504,749.46685243,429.32832483,269.89123394,150.11620126,52.07608849,29.20654899,6.38587345,1.52456174,1.02775515,3.92043065,1.28191378,1.53153946
850.54418504,749.46685243,429.32832483,269.89123394,150.11620126,52.07608849,29.20654899,6.38587345,1.52456174,1.02775515,3.92043065,1.28191378,1.53153946,795.17778098,756.13378050,474.41251759,299.24184241,139.53376795,65.60077995,14.94583740,16.67693947,2.12649586,1.14342131,1.02775515,1.30550341,1.28191378
795.17778098,756.13378050,474.41251759,299.24184241,139.53376795,65.60077995,14.94583740,16.67693947,2.12649586,1.14342131,1.02775515,1.30550341,1.28191378,779.31836098,706.91304729,478.63268306,330.66552476,154.70803252,60.97625659,18.82742385,8.53407315,5.55342084,1.59487189,1.14342131,0.34224247,1.30550341
779.31836098,706.91304729,478.63268306,330.66552476,154.70803252,60.97625659,18.82742385,8.53407315,5.55342084,1.59487189,1.14342131,0.34224247,1.30550341,799.05451126,692.81402291,447.47595894,333.60698009,170.95407630,67.60741021,17.50018564,10.75045902,2.84184636,4.16506563,1.59487189,0.38075930,0.34224247
799.05451126,692.81402291,447.47595894,333.60698009,170.95407630,67.60741021,17.50018564,10.75045902,2.84184636,4.16506563,1.59487189,0.38075930,0.34224247,840.12383370,710.35946051,438.55127650,311.89074338,172.47480871,74.70693134,19.40332673,9.99260600,3.57990285,2.13138477,4.16506563,0.53109234,0.38075930
840.12383370,710.35946051,438.55127650,311.89074338,172.47480871,74.70693134,19.40332673,9.99260600,3.57990285,2.13138477,4.16506563,0.53109234,0.38075930,863.99188298,746.87008816,449.65753851,305.67023972,161.24751433,75.37149141,21.44088930,11.07929956,3.32753780,2.68492714,2.13138477,1.38696686,0.53109234
863.99188298,746.87008816,449.65753851,305.67023972,161.24751433,75.37149141,21.44088930,11.07929956,3.32753780,2.68492714,2.13138477,1.38696686,0.53109234,841.83239420,768.08878397,472.76876580,313.41130434,158.03151394,70.46516376,21.63161803,12.24274779,3.68940675,2.49565335,2.68492714,0.70975113,1.38696686
841.83239420,768.08878397,472.76876580,313.41130434,158.03151394,70.46516376,21.63161803,12.24274779,3.68940675,2.49565335,2.68492714,0.70975113,1.38696686,831.26278978,748.38899844,486.20020025,329.51982977,162.03364434,69.05977159,20.22350200,12.35165390,4.07683501,2.76705507,2.49565335,0.89408074,0.70975113
831.26278978,748.38899844,486.20020025,329.51982977,162.03364434,69.05977159,20.22350200,12.35165390,4.07683501,2.76705507,2.49565335,0.89408074,0.70975113,831.04758181,738.99262012,473.73023602,338.88153958,170.36175199,70.80870258,19.82015445,11.54761964,4.11310075,3.05762626,2.76705507,0.83105257,0.89408074
831.04758181,738.99262012,473.73023602,338.88153958,170.36175199,70.80870258,19.82015445,11.54761964,4.11310075,3.05762626,2.76705507,0.83105257,0.89408074,851.69320591,738.80130023,467.78232853,330.18997450,175.20175596,74.44808562,20.32209764,11.31730819,3.84535734,3.08482556,3.05762626,0.92142934,0.83105257
851.69320591,738.80130023,467.78232853,330.18997450,175.20175596,74.44808562,20.32209764,11.31730819,3.84535734,3.08482556,3.05762626,0.92142934,0.83105257,864.58399430,757.15526005,467.66122304,326.04428299,170.70821682,76.56316736,21.36660057,11.60391775,3.76866363,2.88401801,3.08482556,1.01818954,0.92142934
864.58399430,757.15526005,467.66122304,326.04428299,170.70821682,76.56316736,21.36660057,11.60391775,3.76866363,2.88401801,3.08482556,1.01818954,0.92142934,860.95894420,768.61517093,479.27927961,325.95987246,168.56489430,74.59949075,21.97362903,12.20032893,3.86410461,2.82649772,2.88401801,1.02724691,1.01818954
860.95894420,768.61517093,479.27927961,325.95987246,168.56489430,74.59949075,21.97362903,12.20032893,3.86410461,2.82649772,2.88401801,1.02724691,1.01818954,851.41428948,765.39250139,486.53340320,334.05765789,168.52125406,73.66285881,21.41005385,12.54694218,4.06270953,2.89807846,2.82649772,0.96037800,1.02724691
851.41428948,765.39250139,486.53340320,334.05765789,168.52125406,73.66285881,21.41005385,12.54694218,4.06270953,2.89807846,2.82649772,0.96037800,1.02724691,850.53899957,756.90730335,484.49345338,339.11378203,172.70780913,73.64378803,21.14124048,12.22514075,4.17813174,3.04703215,2.89807846,0.94122374,0.96037800
850.53899957,756.90730335,484.49345338,339.11378203,172.70780913,73.64378803,21.14124048,12.22514075,4.17813174,3.04703215,2.89807846,0.94122374,0.96037800,857.84210058,756.12917062,479.12232302,337.69193701,175.32182531,75.47331259,21.13576716,12.07164831,4.07097187,3.13359881,3.04703215,0.96506013,0.94122374
857.84210058,756.12917062,479.12232302,337.69193701,175.32182531,75.47331259,21.13576716,12.07164831,4.07097187,3.13359881,3.04703215,0.96506013,0.94122374,865.43892044,762.62162741,478.62976500,333.94825914,174.58673143,76.61563766,21.66084071,12.06852305,4.01985889,3.05322890,3.13359881,1.01466171,0.96506013
792.61004468,522.91589295,481.90995189,433.09946287,172.34216267,11.01213589,0.94867395,1.52828025,5.51553060,4.26688704,1.29237245,1.37792033,0.15248867,743.32577331,704.63032972,331.00576024,335.89123647,223.91242231,75.31352509,3.16048300,0.54169283,0.50891732,4.13664795,4.26688704,0.43036003,1.37792033
743.32577331,704.63032972,331.00576024,335.89123647,223.91242231,75.31352509,3.16048300,0.54169283,0.50891732,4.13664795,4.26688704,0.43036003,1.37792033,868.07702226,660.81661248,446.03099872,230.71101489,173.65576925,97.84972855,21.61498170,1.80463579,0.18038371,0.38168799,4.13664795,1.42087338,0.43036003
868.07702226,660.81661248,446.03099872,230.71101489,173.65576925,97.84972855,21.61498170,1.80463579,0.18038371,0.38168799,4.13664795,1.42087338,0.43036003,865.89251526,771.72047279,418.29691570,310.88360610,119.27759470,75.88757116,28.08287209,12.34215455,0.60094372,0.13528778,0.38168799,1.37750377,1.42087338
865.89251526,771.72047279,418.29691570,310.88360610,119.27759470,75.88757116,28.08287209,12.34215455,0.60094372,0.13528778,0.38168799,1.37750377,1.42087338,791.23298290,769.77844607,488.49905928,291.55295024,160.72682436,52.12430888,21.77973292,16.03531997,4.10993747,0.45070779,0.13528778,0.12710210,1.37750377
791.23298290,769.77844607,488.49905928,291.55295024,160.72682436,52.12430888,21.77973292,16.03531997,4.10993747,0.45070779,0.13528778,0.12710210,1.37750377,765.10937963,703.40612179,487.26975636,340.48384432,150.73287527,70.23762224,14.95967665,12.43622750,5.33976155,3.08245310,0.45070779,0.04505083,0.12710210
765.10937963,703.40612179,487.26975636,340.48384432,150.73287527,70.23762224,14.95967665,12.43622750,5.33976155,3.08245310,0.45070779,0.04505083,0.12710210,802.72591033,680.18223849,445.25607510,339.62702018,176.03014751,65.87026649,20.15819758,8.54197537,4.14126376,4.00482116,3.08245310,0.15008569,0.04505083
802.72591033,680.18223849,445.25607510,339.62702018,176.03014751,65.87026649,20.15819758,8.54197537,4.14126376,4.00482116,3.08245310,0.15008569,0.04505083,860.16444890,713.62333429,430.55535697,310.34348434,175.58716943,76.92517446,18.90476648,11.51033082,2.84447780,3.10594782,4.00482116,1.02645688,0.15008569
860.16444890,713.62333429,430.55535697,310.34348434,175.58716943,76.92517446,18.90476648,11.51033082,2.84447780,3.10594782,4.00482116,1.02645688,0.15008569,880.25593781,764.68619507,451.72357060,300.09708381,160.44758140,76.73159304,22.07752507,10.79462166,3.83294016,2.13335835,3.10594782,1.33360545,1.02645688
880.25593781,764.68619507,451.72357060,300.09708381,160.44758140,76.73159304,22.07752507,10.79462166,3.83294016,2.13335835,3.10594782,1.33360545,1.02645688,849.18417755,782.54752871,484.04636148,314.85132871,155.15019233,70.11559307,22.02196720,12.60626682,3.59460901,2.87470512,2.13335835,1.03428062,1.33360545
849.18417755,782.54752871,484.04636148,314.85132871,155.15019233,70.11559307,22.02196720,12.60626682,3.59460901,2.87470512,2.13335835,1.03428062,1.33360545,822.20754035,754.92473384,495.35258567,337.38031395,162.77813694,67.80063405,20.12317521,12.57454327,4.19788685,2.69595676,2.87470512,0.71040833,1.03428062
822.20754035,754.92473384,495.35258567,337.38031395,162.77813694,67.80063405,20.12317521,12.57454327,4.19788685,2.69595676,2.87470512,0.71040833,1.03428062,831.89430562,730.94250337,477.86735652,345.26075221,174.42562231,71.13404584,19.45878197,11.49033305,4.18732291,3.14841514,2.69595676,0.95727681,0.71040833
831.89430562,730.94250337,477.86735652,345.26075221,174.42562231,71.13404584,19.45878197,11.49033305,4.18732291,3.14841514,2.69595676,0.95727681,0.71040833,856.89250951,739.55403769,462.68660463,333.07354749,178.49980889,76.22399695,20.41547116,11.11096451,3.82628090,3.14049218,3.14841514,0.89775360,0.95727681
856.89250951,739.55403769,462.68660463,333.07354749,178.49980889,76.22399695,20.41547116,11.11096451,3.82628090,3.14049218,3.14841514,0.89775360,0.95727681,873.82552046,761.77744095,468.13770586,322.49256343,172.19902405,78.00441649,21.87628712,11.65723403,3.69995118,2.86971068,3.14049218,1.04842224,0.89775360
873.82552046,761.77744095,468.13770586,322.49256343,172.19902405,78.00441649,21.87628712,11.65723403,3.69995118,2.86971068,3.14049218,1.04842224,0.89775360,863.74583131,776.83088769,482.20512012,326.29198098,166.72865529,75.25097351,22.38726753,12.49135995,3.88185893,2.77496339,2.86971068,1.04578390,1.04842224
863.74583131,776.83088769,482.20512012,326.29198098,166.72865529,75.25097351,22.38726753,12.49135995,3.88185893,2.77496339,2.86971068,1.04578390,1.04842224,849.35699884,767.87004403,491.73395191,336.09696873,168.69295417,72.86042236,21.59702940,12.78312976,4.15962286,2.91139420,2.77496339,0.95561366,1.04578390
849.35699884,767.87004403,491.73395191,336.09696873,168.69295417,72.86042236,21.59702940,12.78312976,4.15962286,2.91139420,2.77496339,0.95561366,1.04578390,848.88433584,755.07837197,486.06173787,342.73856448,173.76213283,73.71882097,20.91094122,12.33190379,4.25678221,3.11971715,2.91139420,0.92406281,0.95561366
848.88433584,755.07837197,486.06173787,342.73856448,173.76213283,73.71882097,20.91094122,12.33190379,4.25678221,3.11971715,2.91139420,0.92406281,0.95561366,860.21775535,754.65817456,477.96460946,338.78503130,177.19583784,75.93405205,21.15730162,11.94014744,4.10652396,3.19258666,3.11971715,0.96949427,0.92406281
860.21775535,754.65817456,477.96460946,338.78503130,177.19583784,75.93405205,21.15730162,11.94014744,4.10652396,3.19258666,3.11971715,0.96949427,0.92406281,869.40962748,764.73358450,477.69862450,333.14133279,175.15186118,77.43458113,21.79307294,12.08081922,3.97606910,3.07989297,3.19258666,1.03886581,0.96949427
869.40962748,764.73358450,477.69862450,333.14133279,175.15186118,77.43458113,21.79307294,12.08081922,3.97606910,3.07989297,3.19258666,1.03886581,0.96949427,868.21044384,772.90515883,484.07635899,332.95594127,172.23406905,76.54136334,22.22372479,12.44384465,4.02291280,2.98205182,3.07989297,1.06313136,1.03886581
868.21044384,772.90515883,484.07635899,332.95594127,172.23406905,76.54136334,22.22372479,12.44384465,4.02291280,2.98205182,3.07989297,1.06313136,1.03886581,861.42542789,771.83908457,489.24896554,337.40122222,172.13822164,75.26628818,21.96737128,12.68974685,4.14380027,3.01718460,2.98205182,1.02560436,1.06313136
1164.84234333,778.32216830,163.94694359,252.03082588,243.42346416,32.01019093,24.68599014,7.20472818,5.08098131,3.09020192,0.24302967,1.76750060,1.19307305,884.27776060,1035.54484322,492.67793253,114.27101968,130.29993698,106.37605384,9.18692480,14.09570037,2.39917448,3.81073598,3.09020192,0.08092888,1.76750060
884.27776060,1035.54484322,492.67793253,114.27101968,130.29993698,106.37605384,9.18692480,14.09570037,2.39917448,3.81073598,3.09020192,0.08092888,1.76750060,706.76189373,786.12292918,655.49988576,343.39651898,59.07811718,56.94107246,30.52992745,5.24573406,4.69386822,1.79938086,3.81073598,1.02903724,0.08092888
706.76189373,786.12292918,655.49988576,343.39651898,59.07811718,56.94107246,30.52992745,5.24573406,4.69386822,1.79938086,3.81073598,1.02903724,0.08092888,678.01151280,628.31132352,497.61581417,456.88342037,177.53600031,25.81713721,16.34208780,17.43258857,1.74682944,3.52040117,1.79938086,1.26897508,1.02903724
678.01151280,628.31132352,497.61581417,456.88342037,177.53600031,25.81713721,16.34208780,17.43258857,1.74682944,3.52040117,1.79938086,1.26897508,1.02903724,836.82214704,602.75223488,397.72106779,346.83822248,236.20872833,77.58323214,7.40951838,9.33133213,5.80505200,1.31012208,3.52040117,0.59919383,1.26897508
836.82214704,602.75223488,397.72106779,346.83822248,236.20872833,77.58323214,7.40951838,9.33133213,5.80505200,1.31012208,3.52040117,0.59919383,1.26897508,966.74111795,743.93488872,381.54216468,277.21158425,179.31536102,103.22321428,22.26638762,4.23083499,3.10733360,4.35378900,1.31012208,1.17229359,0.59919383
966.74111795,743.93488872,381.54216468,277.21158425,179.31536102,103.22321428,22.26638762,4.23083499,3.10733360,4.35378900,1.31012208,1.17229359,0.59919383,901.07336729,859.43285386,470.91078456,265.93488878,143.31838906,78.36081277,29.62506250,12.71410733,1.40886805,2.33050020,4.35378900,0.43627065,1.17229359
901.07336729,859.43285386,470.91078456,265.93488878,143.31838906,78.36081277,29.62506250,12.71410733,1.40886805,2.33050020,4.35378900,0.43627065,1.17229359,808.33186209,801.05422352,544.02099649,328.22481684,137.48833750,62.63013602,22.48955326,16.91591069,4.23379774,1.05665104,2.33050020,1.44981174,0.43627065
808.33186209,801.05422352,544.02099649,328.22481684,137.48833750,62.63013602,22.48955326,16.91591069,4.23379774,1.05665104,2.33050020,1.44981174,0.43627065,778.50555115,718.60702540,507.06732349,379.18263455,169.69223031,60.08240349,17.97484904,12.84153491,5.63299826,3.17534831,1.05665104,0.77605657,1.44981174
778.50555115,718.60702540,507.06732349,379.18263455,169.69223031,60.08240349,17.97484904,12.84153491,5.63299826,3.17534831,1.05665104,0.77605657,1.44981174,838.30059067,692.09143497,454.87824708,353.42592447,196.03742206,74.15550464,17.24364980,10.26363880,4.27623113,4.22474869,3.17534831,0.35186480,0.77605657
838.30059067,692.09143497,454.87824708,353.42592447,196.03742206,74.15550464,17.24364980,10.26363880,4.27623113,4.22474869,3.17534831,0.35186480,0.77605657,899.89774573,745.24922511,438.09387834,317.05013821,182.72120295,85.66835344,21.28262983,9.84612404,3.41779172,3.20717334,4.22474869,1.05739099,0.35186480
899.89774573,745.24922511,438.09387834,317.05013821,182.72120295,85.66835344,21.28262983,9.84612404,3.41779172,3.20717334,4.22474869,1.05739099,0.35186480,895.42625327,800.00909596,471.74275949,305.35143320,163.91492146,79.84916569,24.58681744,12.15238163,3.27875930,2.56334379,3.20717334,1.40684132,1.05739099
895.42625327,800.00909596,471.74275949,305.35143320,163.91492146,79.84916569,24.58681744,12.15238163,3.27875930,2.56334379,3.20717334,1.40684132,1.05739099,852.28910484,796.03393916,506.40575774,328.80470337,157.86669096,71.63082068,22.91671055,14.03907276,4.04674308,2.45906948,2.56334379,1.06798872,1.40684132
852.28910484,796.03393916,506.40575774,328.80470337,157.86669096,71.63082068,22.91671055,14.03907276,4.04674308,2.45906948,2.56334379,1.06798872,1.40684132,830.50663743,757.68501421,503.88948349,352.96481315,169.99203164,68.98774395,20.55804553,13.08544173,4.67501123,3.03505731,2.45906948,0.85359348,1.06798872
830.50663743,757.68501421,503.88948349,352.96481315,169.99203164,68.98774395,20.55804553,13.08544173,4.67501123,3.03505731,2.45906948,0.85359348,1.06798872,844.89015730,738.32040068,479.61461399,351.21096999,182.48280840,74.28651783,19.79948251,11.73864400,4.35745209,3.50625842,3.03505731,0.81887014,0.85359348
844.89015730,738.32040068,479.61461399,351.21096999,182.48280840,74.28651783,19.79948251,11.73864400,4.35745209,3.50625842,3.03505731,0.81887014,0.85359348,874.59719201,751.10734984,467.35681363,334.29138595,181.57607149,79.74498727,21.32023062,11.30550452,3.90896845,3.26808907,3.50625842,1.01067409,0.81887014
874.59719201,751.10734984,467.35681363,334.29138595,181.57607149,79.74498727,21.32023062,11.30550452,3.90896845,3.26808907,3.50625842,1.01067409,0.81887014,883.36681826,777.51690370,475.45095245,325.74769910,172.82864654,79.34874324,22.88681135,12.17385168,3.76473300,2.93172634,3.26808907,1.16758405,1.01067409
883.36681826,777.51690370,475.45095245,325.74769910,172.82864654,79.34874324,22.88681135,12.17385168,3.76473300,2.93172634,3.26808907,1.16758405,1.01067409,867.65760723,785.31310143,492.16820004,331.38931386,168.41156043,75.52611854,22.77308931,13.06836928,4.05389261,2.82354975,2.93172634,1.08827366,1.16758405
867.65760723,785.31310143,492.16820004,331.38931386,168.41156043,75.52611854,22.77308931,13.06836928,4.05389261,2.82354975,2.93172634,1.08827366,1.16758405,852.66279915,771.34761283,497.10319320,343.04123543,171.32827526,73.59585191,21.67599602,13.00343400,4.35176697,3.04041946,2.82354975,0.97626487,1.08827366
852.66279915,771.34761283,497.10319320,343.04123543,171.32827526,73.59585191,21.67599602,13.00343400,4.35176697,3.04041946,2.82354975,0.97626487,1.08827366,854.38208980,758.01722845,488.26303892,346.48092566,177.35231872,74.87045629,21.12200950,12.37699373,4.33014352,3.26382523,3.04041946,0.94024207,0.97626487
854.38208980,758.01722845,488.26303892,346.48092566,177.35231872,74.87045629,21.12200950,12.37699373,4.33014352,3.26382523,3.04041946,0.94024207,0.97626487,867.30684406,759.54567783,479.82490561,340.31933813,179.13063857,77.50296328,21.48782096,12.06066742,4.12153891,3.24760764,3.26382523,1.01245968,0.94024207
54.87313028,262.35321183,585.92656790,304.21309367,122.15171901,74.73477088,16.27749625,12.81268980,3.32553432,2.37972101,3.73799823,0.18994719,0.92590167,987.49611340,48.78221282,166.06958309,408.39081783,157.27816943,53.38030121,21.44887924,9.29445036,4.26662570,2.49415074,2.37972101,1.24475341,0.18994719
987.49611340,48.78221282,166.06958309,408.39081783,157.27816943,53.38030121,21.44887924,9.29445036,4.26662570,2.49415074,2.37972101,1.24475341,0.18994719,950.11823588,877.88404481,30.87914072,115.75049941,211.13805282,68.73056004,15.32014645,12.24731005,3.09505197,3.19996928,2.49415074,0.79244710,1.24475341
950.11823588,877.88404481,30.87914072,115.75049941,211.13805282,68.73056004,15.32014645,12.24731005,3.09505197,3.19996928,2.49415074,0.79244710,1.24475341,873.82774793,844.65511170,555.70060037,21.52276108,59.84300820,92.26732908,19.72567073,8.74780362,4.07835425,2.32128898,3.19996928,0.83055220,0.79244710
873.82774793,844.65511170,555.70060037,21.52276108,59.84300820,92.26732908,19.72567073,8.74780362,4.07835425,2.32128898,3.19996928,0.83055220,0.79244710,649.58422486,776.83286791,534.66668571,387.32331845,11.12726748,26.15139458,26.48072345,11.26335799,2.91301861,3.05876568,2.32128898,1.06558977,0.83055220
649.58422486,776.83286791,534.66668571,387.32331845,11.12726748,26.15139458,26.48072345,11.26335799,2.91301861,3.05876568,2.32128898,1.06558977,0.83055220,620.29746648,577.48037590,491.73520539,372.66267994,200.24615564,4.86261589,7.50545024,15.12049309,3.75069821,2.18476395,3.05876568,0.77298923,1.06558977
620.29746648,577.48037590,491.73520539,372.66267994,200.24615564,4.86261589,7.50545024,15.12049309,3.75069821,2.18476395,3.05876568,0.77298923,1.06558977,797.29152040,551.44444770,365.54507794,342.73943816,192.66660553,87.50757002,1.39557076,4.28561209,5.03512420,2.81302366,2.18476395,1.01856897,0.77298923
797.29152040,551.44444770,365.54507794,342.73943816,192.66660553,87.50757002,1.39557076,4.28561209,5.03512420,2.81302366,2.18476395,1.01856897,0.77298923,933.51327601,708.79216164,349.06433540,254.78491933,177.19628953,84.19530662,25.11467259,0.79687090,1.42710883,3.77634315,2.81302366,0.72752640,1.01856897
933.51327601,708.79216164,349.06433540,254.78491933,177.19628953,84.19530662,25.11467259,0.79687090,1.42710883,3.77634315,2.81302366,0.72752640,1.01856897,878.36516937,829.89330237,448.66543832,243.29784177,131.72380329,77.43477852,24.16405300,14.34047805,0.26535801,1.07033162,3.77634315,0.93673688,0.72752640
878.36516937,829.89330237,448.66543832,243.29784177,131.72380329,77.43477852,24.16405300,14.34047805,0.26535801,1.07033162,3.77634315,0.93673688,0.72752640,780.39334203,780.86663557,525.32246040,312.71981051,125.78498420,57.56330204,22.22378144,13.79767426,4.77537919,0.19901851,1.07033162,1.25752227,0.93673688
780.39334203,780.86663557,525.32246040,312.71981051,125.78498420,57.56330204,22.22378144,13.79767426,4.77537919,0.19901851,1.07033162,1.25752227,0.93673688,746.18273349,693.76968107,494.28858031,366.14975490,161.67614203,54.96803809,16.52066769,12.68977920,4.59462553,3.58153439,0.19901851,0.35642043,1.25752227
746.18273349,693.76968107,494.28858031,366.14975490,161.67614203,54.96803809,16.52066769,12.68977920,4.59462553,3.58153439,0.19901851,0.35642043,1.25752227,811.90198854,663.35645007,439.15620811,344.51914048,189.29942328,70.65247407,15.77582693,9.43330125,4.22569647,3.44596915,3.58153439,0.06627316,0.35642043
811.90198854,663.35645007,439.15620811,344.51914048,189.29942328,70.65247407,15.77582693,9.43330125,4.22569647,3.44596915,3.58153439,0.06627316,0.35642043,885.73485689,721.78086782,419.90463289,306.09187706,178.11639563,82.72384797,20.27726006,9.00799718,3.14128932,3.16927236,3.44596915,1.19265095,0.06627316
885.73485689,721.78086782,419.90463289,306.09187706,178.11639563,82.72384797,20.27726006,9.00799718,3.14128932,3.16927236,3.44596915,1.19265095,0.06627316,883.12518625,787.41828778,456.88728933,292.67352913,158.24950044,77.83686489,23.74174437,11.57831549,2.99966306,2.35596699,3.16927236,1.14750773,1.19265095
883.12518625,787.41828778,456.88728933,292.67352913,158.24950044,77.83686489,23.74174437,11.57831549,2.99966306,2.35596699,3.16927236,1.14750773,1.19265095,842.71840149,785.09829058,498.43577616,318.45044066,151.31221456,69.15503169,22.33918022,13.55653603,3.85557906,2.24974730,2.35596699,1.05536769,1.14750773
842.71840149,785.09829058,498.43577616,318.45044066,151.31221456,69.15503169,22.33918022,13.55653603,3.85557906,2.24974730,2.35596699,1.05536769,1.14750773,814.69446206,749.17665892,496.96721794,347.40973598,164.63887782,66.12343776,19.84749410,12.75567191,4.51432650,2.89168429,2.24974730,0.78453701,1.05536769
814.69446206,749.17665892,496.96721794,347.40973598,164.63887782,66.12343776,19.84749410,12.75567191,4.51432650,2.89168429,2.24974730,0.78453701,1.05536769,832.44028366,724.26337677,474.22882510,346.38615090,179.61083350,71.94718961,18.97742664,11.33291913,4.24763875,3.38574487,2.89168429,0.74916585,0.78453701
832.44028366,724.26337677,474.22882510,346.38615090,179.61083350,71.94718961,18.97742664,11.33291913,4.24763875,3.38574487,2.89168429,0.74916585,0.78453701,867.02167586,740.03941218,458.45871749,330.53749109,179.08164002,78.48993424,20.64884342,10.83611061,3.77386207,3.18572906,3.38574487,0.96293087,0.74916585
867.02167586,740.03941218,458.45871749,330.53749109,179.08164002,78.48993424,20.64884342,10.83611061,3.77386207,3.18572906,3.38574487,0.96293087,0.74916585,878.62494849,770.78226984,468.44494791,319.54572609,170.88788290,78.25867669,22.52661113,11.79048959,3.60842483,2.83039655,3.18572906,1.12745304,0.96293087
878.62494849,770.78226984,468.44494791,319.54572609,170.88788290,78.25867669,22.52661113,11.79048959,3.60842483,2.83039655,3.18572906,1.12745304,0.96293087,862.44678948,781.09757921,487.90517681,326.50612869,165.20514039,74.67800483,22.46024021,12.86269495,3.92623303,2.70631862,2.83039655,1.06084778,1.12745304
862.44678948,781.09757921,487.90517681,326.50612869,165.20514039,74.67800483,22.46024021,12.86269495,3.92623303,2.70631862,2.83039655,1.06084778,1.12745304,846.13372147,766.71519585,494.43476764,340.06990824,168.80366853,72.19464635,21.43258738,12.82479716,4.28327742,2.94467478,2.70631862,0.94252205,1.06084778
182.75923803,619.09488509,402.43463335,330.97185429,68.91733440,107.00269103,19.28850553,9.93404487,3.89779174,4.98150256,0.86646511,0.40474598,1.42566987,895.76328532,162.47296261,391.88706226,280.49693944,171.11244867,30.11687513,30.70977233,11.01373666,3.30803694,2.92334381,4.98150256,0.28853288,0.40474598
895.76328532,162.47296261,391.88706226,280.49693944,171.11244867,30.11687513,30.70977233,11.01373666,3.30803694,2.92334381,4.98150256,0.28853288,0.40474598,1020.00519790,796.33356065,102.84538533,273.14528240,145.01691769,74.77614007,8.64354316,17.53528000,3.66757431,2.48102771,2.92334381,1.65884035,0.28853288
1020.00519790,796.33356065,102.84538533,273.14528240,145.01691769,74.77614007,8.64354316,17.53528000,3.66757431,2.48102771,2.92334381,1.65884035,0.28853288,883.03943780,906.78462093,504.07914389,71.68323358,141.21611100,63.37239303,21.46075220,4.93546315,5.83924824,2.75068073,2.48102771,0.97347349,1.65884035
883.03943780,906.78462093,504.07914389,71.68323358,141.21611100,63.37239303,21.46075220,4.93546315,5.83924824,2.75068073,2.48102771,0.97347349,1.65884035,681.29354028,785.02206021,573.99466505,351.34316329,37.06023176,61.71144051,18.18787680,12.25408951,1.64350923,4.37943618,2.75068073,0.82618223,0.97347349
681.29354028,785.02206021,573.99466505,351.34316329,37.06023176,61.71144051,18.18787680,12.25408951,1.64350923,4.37943618,2.75068073,0.82618223,0.97347349,679.70214046,605.66995731,496.91896411,400.07428154,181.64441542,16.19532128,17.71118343,10.38527765,4.08061181,1.23263192,4.37943618,0.91597668,0.82618223
679.70214046,605.66995731,496.91896411,400.07428154,181.64441542,16.19532128,17.71118343,10.38527765,4.08061181,1.23263192,4.37943618,0.91597668,0.82618223,811.00305633,604.25520286,383.38908298,346.35251799,206.83840356,79.37860954,4.64805721,10.11308574,3.45829746,3.06045885,1.23263192,1.45835225,0.91597668
811.00305633,604.25520286,383.38908298,346.35251799,206.83840356,79.37860954,4.64805721,10.11308574,3.45829746,3.06045885,1.23263192,1.45835225,0.91597668,926.42483917,720.98171708,382.49354341,267.22219084,179.06425180,90.38838235,22.78166094,2.65404067,3.36765755,2.59372309,3.06045885,0.41046643,1.45835225
926.42483917,720.98171708,382.49354341,267.22219084,179.06425180,90.38838235,22.78166094,2.65404067,3.36765755,2.59372309,3.06045885,0.41046643,1.45835225,888.16547066,823.59168202,456.38142691,266.59799976,138.15387266,78.25107804,25.94146574,13.00832840,0.88379554,2.52574316,2.59372309,1.01913280,0.41046643
888.16547066,823.59168202,456.38142691,266.59799976,138.15387266,78.25107804,25.94146574,13.00832840,0.88379554,2.52574316,2.59372309,1.01913280,0.41046643,791.81800905,789.57910341,521.33353472,318.09785456,137.83116588,60.37324235,22.45805940,14.81257694,4.33177336,0.66284666,2.52574316,0.86370979,1.01913280
791.81800905,789.57910341,521.33353472,318.09785456,137.83116588,60.37324235,22.45805940,14.81257694,4.33177336,0.66284666,2.52574316,0.86370979,1.01913280,775.18235959,703.92621004,499.80357246,363.36947370,164.45659081,60.23221949,17.32712056,12.82355192,4.93258812,3.24883002,0.66284666,0.84107247,0.86370979
775.18235959,703.92621004,499.80357246,363.36947370,164.45659081,60.23221949,17.32712056,12.82355192,4.93258812,3.24883002,0.66284666,0.84107247,0.86370979,824.34587231,689.13711768,445.58529096,348.36309000,187.86201790,71.86753018,17.28664699,9.89378584,4.27024279,3.69944109,3.24883002,0.22072794,0.84107247
824.34587231,689.13711768,445.58529096,348.36309000,187.86201790,71.86753018,17.28664699,9.89378584,4.27024279,3.69944109,3.24883002,0.22072794,0.84107247,887.48395019,732.84348049,436.22379549,310.57294780,180.10371753,82.09570182,20.62598116,9.87067543,3.29463068,3.20268209,3.69944109,1.08186040,0.22072794
887.48395019,732.84348049,436.22379549,310.57294780,180.10371753,82.09570182,20.62598116,9.87067543,3.29463068,3.20268209,3.69944109,1.08186040,0.22072794,883.42126603,788.97323172,463.88992315,304.04798546,160.56621401,78.70532456,23.56146642,11.77743524,3.28693492,2.47097301,3.20268209,1.23191388,1.08186040
883.42126603,788.97323172,463.88992315,304.04798546,160.56621401,78.70532456,23.56146642,11.77743524,3.28693492,2.47097301,3.20268209,1.23191388,1.08186040,847.70692347,785.36150550,499.42005568,323.33127643,157.19280848,70.16743552,22.58842815,13.45359733,3.92188594,2.46520119,2.47097301,1.06649314,1.23191388
847.70692347,785.36150550,499.42005568,323.33127643,157.19280848,70.16743552,22.58842815,13.45359733,3.92188594,2.46520119,2.47097301,1.06649314,1.23191388,825.93625207,753.61145496,497.13383298,348.09577881,167.16226992,68.69325731,20.13805400,12.89799247,4.48004791,2.94141445,2.46520119,0.82283401,1.06649314
825.93625207,753.61145496,497.13383298,348.09577881,167.16226992,68.69325731,20.13805400,12.89799247,4.48004791,2.94141445,2.46520119,0.82283401,1.06649314,841.14173398,734.25732809,477.03605099,346.50228159,179.96551764,73.04991195,19.71496485,11.49882883,4.29503149,3.36003593,2.94141445,0.82091200,0.82283401
841.14173398,734.25732809,477.03605099,346.50228159,179.96551764,73.04991195,19.71496485,11.49882883,4.29503149,3.36003593,2.94141445,0.82091200,0.82283401,868.62334650,747.77500151,464.78488868,332.49412754,179.14167958,78.64493121,20.96532473,11.25724493,3.82911000,3.22127362,3.36003593,0.97949101,0.82091200
868.62334650,747.77500151,464.78488868,332.49412754,179.14167958,78.64493121,20.96532473,11.25724493,3.82911000,3.22127362,3.36003593,0.97949101,0.82091200,877.98258273,772.20615504,473.34157596,323.95506741,171.89946394,78.28491398,22.57109526,11.97120042,3.74866256,2.87183250,3.22127362,1.11889197,0.97949101
877.98258273,772.20615504,473.34157596,323.95506741,171.89946394,78.28491398,22.57109526,11.97120042,3.74866256,2.87183250,3.22127362,1.11889197,0.97949101,864.22369577,780.52651605,488.80649614,329.91907844,167.48476985,75.12006574,22.46777031,12.88809539,3.98640974,2.81149692,2.87183250,1.07268412,1.11889197
864.22369577,780.52651605,488.80649614,329.91907844,167.48476985,75.12006574,22.46777031,12.88809539,3.98640974,2.81149692,2.87183250,1.07268412,1.11889197,850.68961635,768.29486554,494.07328466,340.69812781,170.56816355,73.19084443,21.55945887,12.82909685,4.29173577,2.98980731,2.81149692,0.95632022,1.07268412
1037.55318802,139.06123945,355.49542936,152.65485451,223.87509277,29.71309550,10.74388954,10.55634961,2.15366665,0.48683741,3.11150996,1.57531580,0.68973417,831.77910623,922.38478415,88.02576457,247.78031427,78.92255978,97.83341554,8.52765841,6.13476093,3.51526442,1.61524999,0.48683741,1.03613282,1.57531580
831.77910623,922.38478415,88.02576457,247.78031427,78.92255978,97.83341554,8.52765841,6.13476093,3.51526442,1.61524999,0.48683741,1.03613282,1.57531580,727.59463492,739.45162543,583.86956837,61.35395791,128.10242248,34.48915862,28.07819026,4.86929295,2.04287539,2.63644831,1.61524999,0.16211686,1.03613282
727.59463492,739.45162543,583.86956837,61.35395791,128.10242248,34.48915862,28.07819026,4.86929295,2.04287539,2.63644831,1.61524999,0.16211686,1.03613282,617.14406371,646.83163044,468.07287890,406.95708915,31.71999624,55.98075862,9.89838853,16.03264664,1.62147455,1.53215654,2.63644831,0.53787825,0.16211686
617.14406371,646.83163044,468.07287890,406.95708915,31.71999624,55.98075862,9.89838853,16.03264664,1.62147455,1.53215654,2.63644831,0.53787825,0.16211686,699.41479222,548.64107264,409.44442207,326.24679659,210.39681509,13.86163836,16.06647772,5.65197985,5.33887133,1.21610591,1.53215654,0.87793729,0.53787825
699.41479222,548.64107264,409.44442207,326.24679659,210.39681509,13.86163836,16.06647772,5.65197985,5.33887133,1.21610591,1.53215654,0.87793729,0.53787825,810.79281123,621.77975028,347.28979898,285.38276218,168.66959384,91.94340819,3.97829021,9.17395878,1.88210929,4.00415350,1.21610591,0.51020813,0.87793729
810.79281123,621.77975028,347.28979898,285.38276218,168.66959384,91.94340819,3.97829021,9.17395878,1.88210929,4.00415350,1.21610591,0.51020813,0.87793729,886.61021329,720.79480919,393.58658193,242.06098989,147.54288805,73.70861251,26.38775815,2.27160371,3.05492827,1.41158197,4.00415350,0.40496327,0.51020813
886.61021329,720.79480919,393.58658193,242.06098989,147.54288805,73.70861251,26.38775815,2.27160371,3.05492827,1.41158197,4.00415350,0.40496327,0.51020813,811.60367155,788.19647961,456.26311422,274.32984760,125.14553177,64.47624208,21.15437179,15.06740990,0.75644404,2.29119621,1.41158197,1.33338311,0.40496327
811.60367155,788.19647961,456.26311422,274.32984760,125.14553177,64.47624208,21.15437179,15.06740990,0.75644404,2.29119621,1.41158197,1.33338311,0.40496327,754.69173507,721.51566401,498.92837160,318.01539061,141.82853121,54.68859738,18.50468148,12.07914629,5.01744750,0.56733303,2.29119621,0.47005680,1.33338311
754.69173507,721.51566401,498.92837160,318.01539061,141.82853121,54.68859738,18.50468148,12.07914629,5.01744750,0.56733303,2.29119621,0.47005680,1.33338311,778.64215638,670.92095248,456.71941532,347.75307500,164.41395694,61.97906814,15.69562745,10.56617312,4.02235572,3.76308562,0.56733303,0.76296834,0.47005680
778.64215638,670.92095248,456.71941532,347.75307500,164.41395694,61.97906814,15.69562745,10.56617312,4.02235572,3.76308562,0.56733303,0.76296834,0.47005680,827.47425588,692.21287702,424.69296292,318.33343247,179.78833978,71.84889918,17.78799256,8.96220327,3.51853565,3.01676679,3.76308562,0.18892190,0.76296834
827.47425588,692.21287702,424.69296292,318.33343247,179.78833978,71.84889918,17.78799256,8.96220327,3.51853565,3.01676679,3.76308562,0.18892190,0.76296834,872.57802472,735.62461348,438.17075116,296.01099515,164.57838459,78.56750448,20.62063407,10.15694375,2.98441369,2.63890174,3.01676679,1.25310751,0.18892190
872.57802472,735.62461348,438.17075116,296.01099515,164.57838459,78.56750448,20.62063407,10.15694375,2.98441369,2.63890174,3.01676679,1.25310751,0.18892190,850.52402077,775.72186397,465.65038033,305.40501356,153.03768449,71.92075407,22.54887379,11.77438205,3.38226227,2.23831027,2.63890174,1.00458334,1.25310751
850.52402077,775.72186397,465.65038033,305.40501356,153.03768449,71.92075407,22.54887379,11.77438205,3.38226227,2.23831027,2.63890174,1.00458334,1.25310751,825.40070719,756.11585447,491.03193989,324.55831509,157.89439201,66.87746812,20.64125642,12.87540693,3.92086922,2.53669670,2.23831027,0.87875428,1.00458334
825.40070719,756.11585447,491.03193989,324.55831509,157.89439201,66.87746812,20.64125642,12.87540693,3.92086922,2.53669670,2.23831027,0.87875428,1.00458334,820.76998370,733.78122869,478.62133588,342.24926211,167.79664890,68.99984931,19.19383335,11.78615741,4.28751051,2.94065192,2.53669670,0.74535732,0.87875428
820.76998370,733.78122869,478.62133588,342.24926211,167.79664890,68.99984931,19.19383335,11.78615741,4.28751051,2.94065192,2.53669670,0.74535732,0.87875428,843.90268982,729.66451551,464.48351776,333.59907111,176.94286851,73.32713557,19.80295675,10.95967884,3.92479042,3.21563288,2.94065192,0.84472000,0.74535732
843.90268982,729.66451551,464.48351776,333.59907111,176.94286851,73.32713557,19.80295675,10.95967884,3.92479042,3.21563288,2.94065192,0.84472000,0.74535732,864.76723567,750.22949125,461.87763832,323.74501188,172.47071976,77.32403354,21.04488791,11.30748830,3.64957305,2.94359281,3.21563288,0.97923709,0.84472000
864.76723567,750.22949125,461.87763832,323.74501188,172.47071976,77.32403354,21.04488791,11.30748830,3.64957305,2.94359281,3.21563288,0.97923709,0.84472000,865.44476968,768.77807251,474.89526796,321.92871391,167.37617114,75.36970454,22.19199763,12.01663100,3.76539361,2.73717979,2.94359281,1.07080575,0.97923709
865.44476968,768.77807251,474.89526796,321.92871391,167.37617114,75.36970454,22.19199763,12.01663100,3.76539361,2.73717979,2.94359281,1.07080575,0.97923709,851.59722049,769.38040025,486.63651990,331.00200177,166.43714509,73.14338679,21.63110520,12.67163064,4.00153812,2.82404520,2.73717979,0.98021641,1.07080575
851.59722049,769.38040025,486.63651990,331.00200177,166.43714509,73.14338679,21.63110520,12.67163064,4.00153812,2.82404520,2.73717979,0.98021641,1.07080575,846.09843517,757.06992902,487.01779336,339.18565437,171.12803491,72.73303240,20.99215201,12.35136107,4.21965300,3.00115359,2.82404520,0.91148087,0.98021641
846.09843517,757.06992902,487.01779336,339.18565437,171.12803491,72.73303240,20.99215201,12.35136107,4.21965300,3.00115359,2.82404520,0.91148087,0.98021641,853.54378868,752.18150887,479.22526507,339.45140197,175.35898331,74.78295126,20.87438030,11.98651880,4.11300324,3.16473975,3.00115359,0.94040705,0.91148087
919.90141803,897.62978633,688.10615153,459.08869706,153.91248216,50.77974536,34.57827298,15.67646209,1.71318945,1.80999974,4.08365158,1.21683390,1.65219357,768.89337222,817.79236063,568.19965475,479.60998762,237.34885638,67.25975470,14.57378692,19.74419387,5.22026188,1.28489208,1.80999974,1.35985598,1.21683390
768.89337222,817.79236063,568.19965475,479.60998762,237.34885638,67.25975470,14.57378692,19.74419387,5.22026188,1.28489208,1.80999974,1.35985598,1.21683390,864.98752060,683.54620791,517.66256428,396.03515936,247.95836360,103.72145024,19.30354960,8.32163233,6.57481656,3.91519641,1.28489208,0.60272991,1.35985598
864.98752060,683.54620791,517.66256428,396.03515936,247.95836360,103.72145024,19.30354960,8.32163233,6.57481656,3.91519641,1.28489208,0.60272991,1.35985598,977.79970410,768.97390581,432.68474960,360.81080730,204.75017739,108.35780489,29.76805622,11.02232682,2.77110357,4.93111242,3.91519641,0.42786906,0.60272991
977.79970410,768.97390581,432.68474960,360.81080730,204.75017739,108.35780489,29.76805622,11.02232682,2.77110357,4.93111242,3.91519641,0.42786906,0.60272991,975.09272565,869.26393695,486.76048238,301.58127047,186.53918738,89.47582752,31.09869000,16.99756010,3.67043483,2.07832767,4.93111242,1.30376040,0.42786906
975.09272565,869.26393695,486.76048238,301.58127047,186.53918738,89.47582752,31.09869000,16.99756010,3.67043483,2.07832767,4.93111242,1.30376040,0.42786906,891.09303107,866.85743310,550.24407209,339.27205622,155.91751684,81.51762488,25.67956250,17.75735199,5.66018751,2.75282612,2.07832767,1.64206044,1.30376040
891.09303107,866.85743310,550.24407209,339.27205622,155.91751684,81.51762488,25.67956250,17.75735199,5.66018751,2.75282612,2.07832767,1.64206044,1.30376040,838.92015212,792.18170462,548.72075515,383.52011824,175.40365306,68.13595486,23.39555834,14.66303019,5.91319821,4.24514064,2.75282612,0.69208312,1.64206044
838.92015212,792.18170462,548.72075515,383.52011824,175.40365306,68.13595486,23.39555834,14.66303019,5.91319821,4.24514064,2.75282612,0.69208312,1.64206044,860.84615283,745.80001523,501.45101903,382.45836634,198.27990113,76.65139639,19.55501904,13.35886381,4.88278905,4.43489866,4.24514064,0.91669110,0.69208312
860.84615283,745.80001523,501.45101903,382.45836634,198.27990113,76.65139639,19.55501904,13.35886381,4.88278905,4.43489866,4.24514064,0.91669110,0.69208312,908.28270923,765.29222987,472.09140964,349.51136026,197.73097540,86.64831679,21.99895076,11.16591587,4.44850165,3.66209179,4.43489866,1.41363183,0.91669110
908.28270923,765.29222987,472.09140964,349.51136026,197.73097540,86.64831679,21.99895076,11.16591587,4.44850165,3.66209179,4.43489866,1.41363183,0.91669110,921.71524418,807.46332851,484.42998151,329.04771252,180.69737325,86.40843625,24.86806692,12.56140089,3.71824999,3.33637624,3.66209179,1.47682125,1.41363183
921.71524418,807.46332851,484.42998151,329.04771252,180.69737325,86.40843625,24.86806692,12.56140089,3.71824999,3.33637624,3.66209179,1.47682125,1.41363183,891.63908810,819.40485207,511.12428695,337.64769711,170.11766737,78.96475211,24.79922120,14.19966621,4.18294650,2.78868749,3.33637624,1.21947657,1.47682125
891.63908810,819.40485207,511.12428695,337.64769711,170.11766737,78.96475211,24.79922120,14.19966621,4.18294650,2.78868749,3.33637624,1.21947657,1.47682125,859.99799948,792.66714932,518.68327136,356.25362800,174.56385941,74.34142064,22.66288386,14.16035531,4.72848885,3.13720987,2.78868749,1.11101329,1.21947657
859.99799948,792.66714932,518.68327136,356.25362800,174.56385941,74.34142064,22.66288386,14.16035531,4.72848885,3.13720987,2.78868749,1.11101329,1.21947657,857.39586746,764.53822154,501.75830552,361.52224014,184.18312568,76.28440656,21.33598772,12.94050668,4.71539832,3.54636664,3.13720987,0.92863293,1.11101329
857.39586746,764.53822154,501.75830552,361.52224014,184.18312568,76.28440656,21.33598772,12.94050668,4.71539832,3.54636664,3.13720987,0.92863293,1.11101329,879.21547493,762.22492617,483.95269424,349.72553895,186.90699815,80.48802592,21.89362468,12.18284899,4.30918873,3.53654874,3.54636664,1.04469089,0.92863293
879.21547493,762.22492617,483.95269424,349.72553895,186.90699815,80.48802592,21.89362468,12.18284899,4.30918873,3.53654874,3.54636664,1.04469089,0.92863293,891.88652844,781.62255721,482.48837826,337.31502788,180.80810364,81.67835819,23.10006344,12.50125969,4.05688871,3.23189154,3.53654874,1.18094009,1.04469089
891.88652844,781.62255721,482.48837826,337.31502788,180.80810364,81.67835819,23.10006344,12.50125969,4.05688871,3.23189154,3.53654874,1.18094009,1.04469089,883.73906775,792.88712379,494.76707871,336.29439965,174.39186942,79.01314129,23.44168880,13.19013622,4.16291948,3.04266654,3.23189154,1.17767073,1.18094009
883.73906775,792.88712379,494.76707871,336.29439965,174.39186942,79.01314129,23.44168880,13.19013622,4.16291948,3.04266654,3.23189154,1.17767073,1.18094009,867.89671023,785.64403123,501.89754936,344.85265386,173.86420462,76.20924693,22.67677155,13.38520431,4.39231536,3.12218961,3.04266654,1.07621988,1.17767073
867.89671023,785.64403123,501.89754936,344.85265386,173.86420462,76.20924693,22.67677155,13.38520431,4.39231536,3.12218961,3.04266654,1.07621988,1.17767073,862.64006493,771.56017539,497.31267177,349.82259190,178.28882205,75.97865742,21.87205387,12.94843656,4.45727303,3.29423652,3.12218961,1.01320796,1.07621988
862.64006493,771.56017539,497.31267177,349.82259190,178.28882205,75.97865742,21.87205387,12.94843656,4.45727303,3.29423652,3.12218961,1.01320796,1.07621988,869.86220598,766.88701773,488.39759102,346.62693222,180.85828001,77.91221523,21.80587468,12.48894276,4.31182937,3.34295478,3.29423652,1.03968914,1.01320796
869.86220598,766.88701773,488.39759102,346.62693222,180.85828001,77.91221523,21.80587468,12.48894276,4.31182937,3.34295478,3.29423652,1.03968914,1.01320796,877.79786904,773.30750112,485.43948222,340.41312094,179.20612396,79.03506837,22.36080577,12.45115444,4.15881794,3.23387203,3.34295478,1.09698076,1.03968914
877.79786904,773.30750112,485.43948222,340.41312094,179.20612396,79.03506837,22.36080577,12.45115444,4.15881794,3.23387203,3.34295478,1.09698076,1.03968914,876.93546456,780.36230558,489.50364821,338.35131911,175.99358353,78.31307617,22.68306462,12.76802010,4.14623443,3.11911345,3.23387203,1.11320394,1.09698076
459.77809494,363.69028911,78.61297368,24.03267879,5.21885999,85.99080294,8.67084878,3.79403440,6.97013159,3.65818767,1.91459549,0.76307526,0.47895718,273.60907224,408.74272640,230.21595301,54.79324266,12.42489493,2.28064182,24.67936044,4.95105465,1.26341346,5.22759869,3.65818767,0.63756030,0.76307526
273.60907224,408.74272640,230.21595301,54.79324266,12.42489493,2.28064182,24.67936044,4.95105465,1.26341346,5.22759869,3.65818767,0.63756030,0.76307526,305.05810489,243.23846522,258.73414581,160.46051925,28.32810645,5.42967909,0.65454420,14.09191481,1.64870120,0.94756009,5.22759869,1.21817650,0.63756030
305.05810489,243.23846522,258.73414581,160.46051925,28.32810645,5.42967909,0.65454420,14.09191481,1.64870120,0.94756009,5.22759869,1.21817650,0.63756030,334.60210787,271.19665525,153.96994849,180.33769963,82.95808845,12.37938252,1.55831790,0.37374474,4.69260763,1.23652590,0.94756009,1.74079036,1.21817650
334.60210787,271.19665525,153.96994849,180.33769963,82.95808845,12.37938252,1.55831790,0.37374474,4.69260763,1.23652590,0.94756009,1.74079036,1.21817650,342.35040094,297.46127389,171.66748277,107.31705409,93.23459071,36.25268465,3.55288278,0.88979952,0.12445700,3.51945572,1.23652590,0.31553751,1.74079036
342.35040094,297.46127389,171.66748277,107.31705409,93.23459071,36.25268465,3.55288278,0.88979952,0.12445700,3.51945572,1.23652590,0.31553751,1.74079036,364.73288645,304.34950644,188.29298638,119.65223549,55.48291697,40.74351614,10.40452050,2.02869607,0.29630324,0.09334275,3.51945572,0.41176312,0.31553751
364.73288645,304.34950644,188.29298638,119.65223549,55.48291697,40.74351614,10.40452050,2.02869607,0.29630324,0.09334275,3.51945572,0.41176312,0.31553751,348.57640000,324.24753606,192.65323758,131.24021150,61.86020575,24.24603471,11.69338913,5.94098120,0.67555579,0.22222743,0.09334275,1.17197876,0.41176312
348.57640000,324.24753606,192.65323758,131.24021150,61.86020575,24.24603471,11.69338913,5.94098120,0.67555579,0.22222743,0.09334275,1.17197876,0.41176312,346.32851731,309.88441960,205.24869032,134.27930659,67.85118935,27.03290991,6.95861196,6.67692519,1.97834674,0.50666684,0.22222743,0.03108314,1.17197876
346.32851731,309.88441960,205.24869032,134.27930659,67.85118935,27.03290991,6.95861196,6.67692519,1.97834674,0.50666684,0.22222743,0.03108314,1.17197876,365.36242355,307.88605189,196.15683760,143.05833716,69.42240151,29.65096974,7.75844514,3.97336743,2.22341609,1.48376006,0.50666684,0.07400173,0.03108314
365.36242355,307.88605189,196.15683760,143.05833716,69.42240151,29.65096974,7.75844514,3.97336743,2.22341609,1.48376006,0.50666684,0.07400173,0.03108314,363.48040354,324.80719454,194.89187085,136.72131581,73.96116031,30.33758946,8.50982832,4.43007218,1.32313135,1.66756207,1.48376006,0.16872006,0.07400173
363.48040354,324.80719454,194.89187085,136.72131581,73.96116031,30.33758946,8.50982832,4.43007218,1.32313135,1.66756207,1.48376006,0.16872006,0.07400173,388.81937544,323.13407874,205.60295414,135.83963398,70.68492027,32.32102706,8.70688817,4.85911197,1.47521404,0.99234852,1.66756207,0.49409210,0.16872006
388.81937544,323.13407874,205.60295414,135.83963398,70.68492027,32.32102706,8.70688817,4.85911197,1.47521404,0.99234852,1.66756207,0.49409210,0.16872006,400.72830039,345.66042477,204.54387184,143.30525904,70.22909077,30.88931016,9.27613476,4.97163315,1.61808429,1.10641053,0.99234852,0.55529817,0.49409210
400.72830039,345.66042477,204.54387184,143.30525904,70.22909077,30.88931016,9.27613476,4.97163315,1.61808429,1.10641053,0.99234852,0.55529817,0.49409210,420.02846034,356.24745905,218.80304888,142.56707868,74.08881892,30.69011267,8.86523202,5.29667295,1.65555384,1.21356321,1.10641053,0.33045206,0.55529817
420.02846034,356.24745905,218.80304888,142.56707868,74.08881892,30.69011267,8.86523202,5.29667295,1.65555384,1.21356321,1.10641053,0.33045206,0.55529817,442.46919198,373.40530124,225.50464158,152.50572507,73.70717968,32.37681387,8.80806233,5.06204748,1.76379209,1.24166538,1.21356321,0.36843471,0.33045206
442.46919198,373.40530124,225.50464158,152.50572507,73.70717968,32.37681387,8.80806233,5.06204748,1.76379209,1.24166538,1.21356321,0.36843471,0.33045206,468.73850867,393.35511167,236.36555569,157.17673518,78.84545986,32.21003752,9.29214558,5.02940359,1.68566181,1.32284407,1.24166538,0.40411655,0.36843471
468.73850867,393.35511167,236.36555569,157.17673518,78.84545986,32.21003752,9.29214558,5.02940359,1.68566181,1.32284407,1.24166538,0.40411655,0.36843471,501.98747784,416.70853421,248.99378569,164.74679231,81.26037209,34.45546596,9.24428077,5.30581513,1.67479140,1.26424636,1.32284407,0.41347457,0.40411655
501.98747784,416.70853421,248.99378569,164.74679231,81.26037209,34.45546596,9.24428077,5.30581513,1.67479140,1.26424636,1.32284407,0.41347457,0.40411655,538.70289701,446.26686780,263.77650216,173.54866862,85.17409163,35.51078260,9.88871873,5.27848432,1.76683644,1.25609355,1.26424636,0.44050708,0.41347457
538.70289701,446.26686780,263.77650216,173.54866862,85.17409163,35.51078260,9.88871873,5.27848432,1.76683644,1.25609355,1.26424636,0.44050708,0.41347457,573.66381795,478.90687544,282.48692732,183.85222200,89.72466168,37.22107804,10.19159461,5.64645839,1.75773528,1.32512733,1.25609355,0.42099404,0.44050708
573.66381795,478.90687544,282.48692732,183.85222200,89.72466168,37.22107804,10.19159461,5.64645839,1.75773528,1.32512733,1.25609355,0.42099404,0.44050708,608.50691863,509.98713416,303.14805216,196.89338834,95.05159878,39.20967715,10.68244940,5.81940052,1.88027065,1.31830146,1.32512733,0.41827915,0.42099404
608.50691863,509.98713416,303.14805216,196.89338834,95.05159878,39.20967715,10.68244940,5.81940052,1.88027065,1.31830146,1.32512733,0.41827915,0.42099404,639.58250625,540.96265067,322.82185592,211.29419235,101.79388177,41.53754866,11.25317734,6.09967861,1.93786037,1.41020298,1.31830146,0.44126740,0.41827915
639.58250625,540.96265067,322.82185592,211.29419235,101.79388177,41.53754866,11.25317734,6.09967861,1.93786037,1.41020298,1.31830146,0.44126740,0.41827915,667.42708099,568.58884806,342.42935787,225.00683358,109.23909745,44.48392633,11.92127647,6.42556426,2.03119298,1.45339528,1.41020298,0.43899439,0.44126740
338.37213852,813.31259338,749.19811939,178.54569934,197.36459509,60.56259267,20.85823993,8.03343479,4.08238428,1.98913111,2.22814344,0.73516814,0.53585315,709.82477922,300.81283114,514.82687161,522.19108921,92.30812656,86.24832806,17.38146410,11.91005500,2.67513378,3.06178821,1.98913111,0.74197177,0.73516814
709.82477922,300.81283114,514.82687161,522.19108921,92.30812656,86.24832806,17.38146410,11.91005500,2.67513378,3.06178821,1.98913111,0.74197177,0.73516814,1014.28093716,631.03422872,190.41452211,358.83432951,269.97279312,40.33865131,24.75327015,9.92481600,3.96604831,2.00635034,3.06178821,0.66238066,0.74197177
1014.28093716,631.03422872,190.41452211,358.83432951,269.97279312,40.33865131,24.75327015,9.92481600,3.96604831,2.00635034,3.06178821,0.66238066,0.74197177,1016.75474745,901.69575314,399.44466678,132.71892191,185.51734836,117.97811060,11.57719293,14.13411726,3.30496373,2.97453624,2.00635034,1.01957547,0.66238066
1016.75474745,901.69575314,399.44466678,132.71892191,185.51734836,117.97811060,11.57719293,14.13411726,3.30496373,2.97453624,2.00635034,1.01957547,0.66238066,843.16261753,903.89497048,570.77341173,278.41293275,68.61568263,81.07108123,33.85971774,6.61057716,4.70666105,2.47872280,2.97453624,0.66811466,1.01957547
843.16261753,903.89497048,570.77341173,278.41293275,68.61568263,81.07108123,33.85971774,6.61057716,4.70666105,2.47872280,2.97453624,0.66811466,1.01957547,710.91836198,749.57156699,572.16551632,397.82906798,143.93948623,29.98505331,23.26740031,19.33389883,2.20132219,3.52999578,2.47872280,0.99052057,0.66811466
710.91836198,749.57156699,572.16551632,397.82906798,143.93948623,29.98505331,23.26740031,19.33389883,2.20132219,3.52999578,2.47872280,0.99052057,0.66811466,768.45285459,632.00642380,474.47880190,398.79936487,205.67762815,62.90155548,8.60571030,13.28568558,6.43818831,1.65099165,3.52999578,0.82541469,0.99052057
768.45285459,632.00642380,474.47880190,398.79936487,205.67762815,62.90155548,8.60571030,13.28568558,6.43818831,1.65099165,3.52999578,0.82541469,0.99052057,907.52379265,683.15458773,400.06006626,330.71172493,206.17927164,89.88112350,18.05274642,4.91386058,4.42413330,4.82864123,1.65099165,1.17548860,0.82541469
907.52379265,683.15458773,400.06006626,330.71172493,206.17927164,89.88112350,18.05274642,4.91386058,4.42413330,4.82864123,1.65099165,1.17548860,0.82541469,936.50327960,806.78865166,432.43685404,278.84186619,170.97796179,90.10034171,25.79588244,10.30811821,1.63631557,3.31809997,4.82864123,0.54978022,1.17548860
936.50327960,806.78865166,432.43685404,278.84186619,170.97796179,90.10034171,25.79588244,10.30811821,1.63631557,3.31809997,4.82864123,0.54978022,1.17548860,879.46540822,832.55141556,510.69721650,301.40848726,144.16124482,74.71736930,25.85879807,14.72944888,3.43260336,1.22723668,3.31809997,1.60793753,0.54978022
879.46540822,832.55141556,510.69721650,301.40848726,144.16124482,74.71736930,25.85879807,14.72944888,3.43260336,1.22723668,3.31809997,1.60793753,0.54978022,805.39773431,781.84474791,527.00504605,355.95595990,155.82818791,62.99846399,21.44388499,14.76537370,4.90490648,2.57445252,1.22723668,1.10492729,1.60793753
805.39773431,781.84474791,527.00504605,355.95595990,155.82818791,62.99846399,21.44388499,14.76537370,4.90490648,2.57445252,1.22723668,1.10492729,1.60793753,814.09471207,715.99858580,494.90772543,367.32251710,184.02923127,68.09691812,18.08055916,12.24445833,4.91686944,3.67867986,2.57445252,0.40866981,1.10492729
814.09471207,715.99858580,494.90772543,367.32251710,184.02923127,68.09691812,18.08055916,12.24445833,4.91686944,3.67867986,2.57445252,0.40866981,1.10492729,868.80852091,723.73019903,453.22710481,344.95068462,189.90574134,80.42077406,19.54381550,10.32399928,4.07740462,3.68765208,3.67867986,0.85729269,0.40866981
868.80852091,723.73019903,453.22710481,344.95068462,189.90574134,80.42077406,19.54381550,10.32399928,4.07740462,3.68765208,3.67867986,0.85729269,0.40866981,898.17858990,772.37077509,458.12121598,315.89929205,178.33950395,82.98880897,23.08076216,11.15951865,3.43789176,3.05805347,3.68765208,1.22500039,0.85729269
898.17858990,772.37077509,458.12121598,315.89929205,178.33950395,82.98880897,23.08076216,11.15951865,3.43789176,3.05805347,3.68765208,1.22500039,0.85729269,882.17421922,798.48076642,488.91070063,319.31048754,163.31993399,77.93436323,23.81778817,13.17911519,3.71611971,2.57841882,3.05805347,1.22798814,1.22500039
882.17421922,798.48076642,488.91070063,319.31048754,163.31993399,77.93436323,23.81778817,13.17911519,3.71611971,2.57841882,3.05805347,1.22798814,1.22500039,849.73016339,784.25288089,505.43832514,340.77075834,165.08352206,71.37081115,22.36716225,13.59995705,4.38864536,2.78708978,2.57841882,1.01833180,1.22798814
849.73016339,784.25288089,505.43832514,340.77075834,165.08352206,71.37081115,22.36716225,13.59995705,4.38864536,2.78708978,2.57841882,1.01833180,1.22798814,840.56508939,755.41011525,496.43207360,352.29051262,176.17848206,72.14149914,20.48342280,12.77164964,4.52878570,3.29148402,2.78708978,0.85861347,1.01833180
840.56508939,755.41011525,496.43207360,352.29051262,176.17848206,72.14149914,20.48342280,12.77164964,4.52878570,3.29148402,2.78708978,0.85861347,1.01833180,859.82342653,747.26236447,478.17460295,346.01315530,182.13419503,76.98999666,20.70461025,11.69603442,4.25295933,3.39658927,3.29148402,0.92810090,0.85861347
859.82342653,747.26236447,478.17460295,346.01315530,182.13419503,76.98999666,20.70461025,11.69603442,4.25295933,3.39658927,3.29148402,0.92810090,0.85861347,879.36204569,764.38302618,473.01707671,333.28769826,178.88880129,79.59264323,22.09612904,11.82233245,3.89477946,3.18971950,3.39658927,1.09606418,0.92810090
879.36204569,764.38302618,473.01707671,333.28769826,178.88880129,79.59264323,22.09612904,11.82233245,3.89477946,3.18971950,3.39658927,1.09606418,0.92810090,878.34558833,781.75285862,483.85445557,329.69290247,172.30974000,78.17440616,22.84308861,12.61688968,3.93683671,2.92108460,3.18971950,1.13106423,1.09606418
878.34558833,781.75285862,483.85445557,329.69290247,172.30974000,78.17440616,22.84308861,12.61688968,3.93683671,2.92108460,3.18971950,1.13106423,1.09606418,864.05842294,780.84922802,494.84955951,337.24655553,170.45123058,75.29935638,22.43605457,13.04340359,4.20142426,2.95262753,2.92108460,1.06217659,1.13106423
878.79807372,153.45339528,45.99390621,386.33293111,48.77023813,42.22723559,12.45086579,12.41550295,2.32458664,2.54329199,3.77010115,1.28481204,1.33312156,570.69169602,781.25148753,97.13599921,32.05775263,199.73412538,21.31259406,12.11921661,7.10944437,4.13436248,1.74343998,2.54329199,1.25544368,1.28481204
570.69169602,781.25148753,97.13599921,32.05775263,199.73412538,21.31259406,12.11921661,7.10944437,4.13436248,1.74343998,2.54329199,1.25544368,1.28481204,668.06548837,507.34491776,494.53219161,67.70379145,16.57385811,87.28381279,6.11671450,6.92007269,2.36744497,3.10077186,1.74343998,0.84691623,1.25544368
668.06548837,507.34491776,494.53219161,67.70379145,16.57385811,87.28381279,6.11671450,6.92007269,2.36744497,3.10077186,1.74343998,0.84691623,1.25544368,629.02420878,593.91021916,321.14933294,344.68893755,35.00286018,7.24277599,25.05045427,3.49264398,2.30438420,1.77558373,3.10077186,0.58056551,0.84691623
629.02420878,593.91021916,321.14933294,344.68893755,35.00286018,7.24277599,25.05045427,3.49264398,2.30438420,1.77558373,3.10077186,0.58056551,0.84691623,617.66359386,559.20252160,375.94516873,223.84108506,178.20418071,15.29624990,2.07867671,14.30380939,1.16305044,1.72828815,1.77558373,1.03255703,0.58056551
617.66359386,559.20252160,375.94516873,223.84108506,178.20418071,15.29624990,2.07867671,14.30380939,1.16305044,1.72828815,1.77558373,1.03255703,0.58056551,722.39673221,549.10293494,353.97519618,262.03378261,115.72584098,77.87522697,4.39002372,1.18692440,4.76316853,0.87228783,1.72828815,0.59126938,1.03255703
722.39673221,549.10293494,353.97519618,262.03378261,115.72584098,77.87522697,4.39002372,1.18692440,4.76316853,0.87228783,1.72828815,0.59126938,1.03255703,780.52786000,642.21069493,347.58215782,246.72071173,135.47146561,50.57219251,22.35019014,2.50670354,0.39524583,3.57237639,0.87228783,0.57551996,0.59126938
780.52786000,642.21069493,347.58215782,246.72071173,135.47146561,50.57219251,22.35019014,2.50670354,0.39524583,3.57237639,0.87228783,0.57551996,0.59126938,748.81276163,693.88926754,406.51936989,242.26476400,127.55460797,59.20103047,14.51421925,12.76195857,0.83473228,0.29643437,3.57237639,0.29047185,0.57551996
748.81276163,693.88926754,406.51936989,242.26476400,127.55460797,59.20103047,14.51421925,12.76195857,0.83473228,0.29643437,3.57237639,0.29047185,0.57551996,751.00124492,665.69454509,439.23190635,283.34400082,125.25088299,55.74136368,16.99069574,8.28761919,4.24973220,0.62604921,0.29643437,1.18960134,0.29047185
751.00124492,665.69454509,439.23190635,283.34400082,125.25088299,55.74136368,16.99069574,8.28761919,4.24973220,0.62604921,0.29643437,1.18960134,0.29047185,741.26857271,667.64010673,421.38464704,306.14463873,146.48884842,54.73463587,15.99777138,9.70168727,2.75977719,3.18729915,0.62604921,0.09871264,1.18960134
741.26857271,667.64010673,421.38464704,306.14463873,146.48884842,54.73463587,15.99777138,9.70168727,2.75977719,3.18729915,0.62604921,0.09871264,1.18960134,786.63464465,658.98776114,422.61618756,293.70509899,158.27677822,64.01562676,15.70884049,9.13472746,3.23066186,2.06983289,3.18729915,0.20847439,0.09871264
786.63464465,658.98776114,422.61618756,293.70509899,158.27677822,64.01562676,15.70884049,9.13472746,3.23066186,2.06983289,3.18729915,0.20847439,0.09871264,818.87376917,699.31819909,417.13925280,294.56348273,151.84553618,69.16695208,18.37248488,8.96974792,3.04186424,2.42299640,2.06983289,1.06137062,0.20847439
818.87376917,699.31819909,417.13925280,294.56348273,151.84553618,69.16695208,18.37248488,8.96974792,3.04186424,2.42299640,2.06983289,1.06137062,0.20847439,817.76794134,727.97878079,442.66842002,290.74605920,152.28932057,66.35649931,19.85091525,10.49068887,2.98692606,2.28139818,2.42299640,0.68925435,1.06137062
817.76794134,727.97878079,442.66842002,290.74605920,152.28932057,66.35649931,19.85091525,10.49068887,2.98692606,2.28139818,2.42299640,0.68925435,1.06137062,814.35771151,726.99569985,460.81056824,308.53988876,150.31571261,66.55043309,19.04431530,11.33487261,3.49339939,2.24019454,2.28139818,0.80685780,0.68925435
814.35771151,726.99569985,460.81056824,308.53988876,150.31571261,66.55043309,19.04431530,11.33487261,3.49339939,2.24019454,2.28139818,0.80685780,0.68925435,810.69540471,723.96400554,460.18827800,321.18496606,159.51512249,65.68796641,19.09997430,10.87430404,3.77451258,2.62004954,2.24019454,0.75970559,0.80685780
810.69540471,723.96400554,460.18827800,321.18496606,159.51512249,65.68796641,19.09997430,10.87430404,3.77451258,2.62004954,2.24019454,0.75970559,0.80685780,823.95205529,720.70821479,458.26921550,320.75122977,166.05262746,69.70810853,18.85244636,10.90608532,3.62114324,2.83088443,2.62004954,0.74598478,0.75970559
823.95205529,720.70821479,458.26921550,320.75122977,166.05262746,69.70810853,18.85244636,10.90608532,3.62114324,2.83088443,2.62004954,0.74598478,0.75970559,841.64828703,732.49337715,456.20829996,319.41364321,165.82838579,72.56499820,20.00622715,10.76474687,3.63172641,2.71585743,2.83088443,0.87247650,0.74598478
841.64828703,732.49337715,456.20829996,319.41364321,165.82838579,72.56499820,20.00622715,10.76474687,3.63172641,2.71585743,2.83088443,0.87247650,0.74598478,847.13703069,748.22532717,463.66830774,317.97718507,165.13685354,72.46700459,20.82615448,11.42355570,3.58466071,2.72379481,2.71585743,0.94268452,0.87247650
847.13703069,748.22532717,463.66830774,317.97718507,165.13685354,72.46700459,20.82615448,11.42355570,3.58466071,2.72379481,2.71585743,0.94268452,0.87247650,843.65789565,753.10482028,473.62663210,323.17681049,164.39420468,72.16480500,20.79803032,11.89173421,3.80404405,2.68849553,2.72379481,0.90438053,0.94268452
843.65789565,753.10482028,473.62663210,323.17681049,164.39420468,72.16480500,20.79803032,11.89173421,3.80404405,2.68849553,2.72379481,0.90438053,0.94268452,841.90580202,750.01186923,476.71535124,330.11776257,167.08241102,71.84026745,20.71129903,11.87567531,3.95994749,2.85303304,2.68849553,0.90702367,0.90438053
841.90580202,750.01186923,476.71535124,330.11776257,167.08241102,71.84026745,20.71129903,11.87567531,3.95994749,2.85303304,2.68849553,0.90702367,0.90438053,845.91308203,748.45425800,474.75751322,332.27059981,170.67088325,73.01501362,20.61815676,11.82615175,3.95459988,2.96996062,2.85303304,0.89526901,0.90702367
1078.96425845,1127.78128888,457.70691731,46.89078208,113.47385092,4.28190932,31.91453838,16.35641674,1.02272770,3.87622707,2.80009578,1.92256125,0.26225609,522.58780242,959.19922576,713.88555586,319.02172137,24.24253434,49.58807285,1.22890797,18.22320141,5.44668677,0.76704577,3.87622707,0.93243190,1.92256125
522.58780242,959.19922576,713.88555586,319.02172137,24.24253434,49.58807285,1.22890797,18.22320141,5.44668677,0.76704577,3.87622707,0.93243190,1.92256125,561.60714765,464.58055635,607.17310991,497.57823244,164.93422995,10.59398750,14.23177691,0.70170645,6.06832607,4.08501508,0.76704577,1.29078361,0.93243190
561.60714765,464.58055635,607.17310991,497.57823244,164.93422995,10.59398750,14.23177691,0.70170645,6.06832607,4.08501508,0.76704577,1.29078361,0.93243190,788.80807836,499.26875426,294.07949217,423.19965761,257.24794617,72.07625849,3.04047441,8.12634461,0.23366825,4.55124455,4.08501508,0.25542624,1.29078361
788.80807836,499.26875426,294.07949217,423.19965761,257.24794617,72.07625849,3.04047441,8.12634461,0.23366825,4.55124455,4.08501508,0.25542624,1.29078361,1047.16015356,701.25038166,316.03712145,204.97340604,218.79422298,112.41735248,20.68588619,1.73611089,2.70607276,0.17525119,4.55124455,1.36031002,0.25542624
1047.16015356,701.25038166,316.03712145,204.97340604,218.79422298,112.41735248,20.68588619,1.73611089,2.70607276,0.17525119,4.55124455,1.36031002,0.25542624,962.31902637,930.92537651,443.89149159,220.27787365,105.97125092,95.61307544,32.26378016,11.81164101,0.57812493,2.02955457,0.17525119,1.51556444,1.36031002
962.31902637,930.92537651,443.89149159,220.27787365,105.97125092,95.61307544,32.26378016,11.81164101,0.57812493,2.02955457,0.17525119,1.51556444,1.36031002,753.16023235,855.50161444,589.27576333,309.39236964,113.88366068,46.30943665,27.44095265,18.42261847,3.93327646,0.43359369,2.02955457,0.05835865,1.51556444
753.16023235,855.50161444,589.27576333,309.39236964,113.88366068,46.30943665,27.44095265,18.42261847,3.93327646,0.43359369,2.02955457,0.05835865,1.51556444,708.16685708,669.55944656,541.53252194,410.72520704,159.95585510,49.76715972,13.29080832,15.66878396,6.13473195,2.94995734,0.43359369,0.67584167,0.05835865
708.16685708,669.55944656,541.53252194,410.72520704,159.95585510,49.76715972,13.29080832,15.66878396,6.13473195,2.94995734,0.43359369,0.67584167,0.05835865,802.99069555,629.56033594,423.83112967,377.44816779,212.34493204,69.90070868,14.28317484,7.58905155,5.21770506,4.60104896,2.94995734,0.14438670,0.67584167
802.99069555,629.56033594,423.83112967,377.44816779,212.34493204,69.90070868,14.28317484,7.58905155,5.21770506,4.60104896,2.94995734,0.14438670,0.67584167,929.68596459,713.85872834,398.51169265,295.41029738,195.14070275,92.79473530,20.06150339,8.15569283,2.52715417,3.91327880,4.60104896,0.98233580,0.14438670
929.68596459,713.85872834,398.51169265,295.41029738,195.14070275,92.79473530,20.06150339,8.15569283,2.52715417,3.91327880,4.60104896,0.98233580,0.14438670,932.04802316,826.49082252,451.87257504,277.76264978,152.72712375,85.27648710,26.63208903,11.45511844,2.71584571,1.89536562,3.91327880,1.53214930,0.98233580
932.04802316,826.49082252,451.87257504,277.76264978,152.72712375,85.27648710,26.63208903,11.45511844,2.71584571,1.89536562,3.91327880,1.53214930,0.98233580,844.96619729,828.59069259,523.16869066,314.95518480,143.60328994,66.74175308,24.47435180,15.20692284,3.81455444,2.03688428,1.89536562,1.30312184,1.53214930
844.96619729,828.59069259,523.16869066,314.95518480,143.60328994,66.74175308,24.47435180,15.20692284,3.81455444,2.03688428,1.89536562,1.30312184,1.53214930,794.55086820,751.17494939,524.49790841,364.64857739,162.83183054,62.75463770,19.15488313,13.97485488,5.06390530,2.86091583,2.03688428,0.63115675,1.30312184
794.55086820,751.17494939,524.49790841,364.64857739,162.83183054,62.75463770,19.15488313,13.97485488,5.06390530,2.86091583,2.03688428,0.63115675,1.30312184,825.05133825,706.35572183,475.49374296,365.57504216,188.52331451,71.15750995,18.01058102,10.93743827,4.65362667,3.79792898,2.86091583,0.67828247,0.63115675
825.05133825,706.35572183,475.49374296,365.57504216,188.52331451,71.15750995,18.01058102,10.93743827,4.65362667,3.79792898,2.86091583,0.67828247,0.63115675,880.42103293,733.47063971,447.12317192,331.41913885,189.00229680,82.38468844,20.42220535,10.28404176,3.64216694,3.49022001,3.79792898,0.95268497,0.67828247
880.42103293,733.47063971,447.12317192,331.41913885,189.00229680,82.38468844,20.42220535,10.28404176,3.64216694,3.49022001,3.79792898,0.95268497,0.67828247,900.96833380,782.69429828,464.28691494,311.64485083,171.34369478,82.59400370,23.64440558,11.66107926,3.42458591,2.73162521,3.49022001,1.26471035,0.95268497
900.96833380,782.69429828,464.28691494,311.64485083,171.34369478,82.59400370,23.64440558,11.66107926,3.42458591,2.73162521,3.49022001,1.26471035,0.95268497,870.32343550,800.96084875,495.44549081,323.60797971,161.12038788,74.87719462,23.70447906,13.50095559,3.88313939,2.56843943,2.73162521,1.16224326,1.26471035
870.32343550,800.96084875,495.44549081,323.60797971,161.12038788,74.87719462,23.70447906,13.50095559,3.88313939,2.56843943,2.73162521,1.16224326,1.26471035,839.26617087,773.71753416,507.00821726,345.32550709,167.30532551,70.40960950,21.48975486,13.53525754,4.49581821,2.91235454,2.56843943,0.90963119,1.16224326
839.26617087,773.71753416,507.00821726,345.32550709,167.30532551,70.40960950,21.48975486,13.53525754,4.49581821,2.91235454,2.56843943,0.90963119,1.16224326,841.94141257,746.10762590,489.76319913,353.38472743,178.53328717,73.11242725,20.20755793,12.27065002,4.50724076,3.37186366,2.91235454,0.85529033,0.90963119
841.94141257,746.10762590,489.76319913,353.38472743,178.53328717,73.11242725,20.20755793,12.27065002,4.50724076,3.37186366,2.91235454,0.85529033,0.90963119,866.67174940,748.48591577,472.28612720,341.36494979,182.69990408,78.01904649,20.98326662,11.53851558,4.08612646,3.38043057,3.37186366,0.96981406,0.85529033
866.67174940,748.48591577,472.28612720,341.36494979,182.69990408,78.01904649,20.98326662,11.53851558,4.08612646,3.38043057,3.37186366,0.96981406,0.85529033,882.40793302,770.47118522,473.79158468,329.18343066,176.48567904,79.83985808,22.39146634,11.98144524,3.84232569,3.06459484,3.38043057,1.12283060,0.96981406
303.83887170,485.89097359,316.97729579,517.47854814,268.46444154,98.44583295,5.86983894,3.23375687,6.26599906,0.65604340,1.17787685,0.09751051,1.62222191,1080.36123814,270.11275694,307.56898628,220.93317517,267.53640939,117.31896095,28.25395406,3.35167803,1.07684104,4.69949930,0.65604340,0.39223299,0.09751051
1080.36123814,270.11275694,307.56898628,220.93317517,267.53640939,117.31896095,28.25395406,3.35167803,1.07684104,4.69949930,0.65604340,0.39223299,0.09751051,1243.41081634,960.44114071,170.98137514,214.37558344,114.22245156,116.91341090,33.67054179,16.13300777,1.11610879,0.80763078,4.69949930,0.21846245,0.39223299
1243.41081634,960.44114071,170.98137514,214.37558344,114.22245156,116.91341090,33.67054179,16.13300777,1.11610879,0.80763078,4.69949930,0.21846245,0.39223299,886.58019003,1105.39221573,607.95924207,119.17401847,110.83217664,49.91521133,33.55414893,19.22587936,5.37229159,0.83708159,0.80763078,1.56493327,0.21846245
886.58019003,1105.39221573,607.95924207,119.17401847,110.83217664,49.91521133,33.55414893,19.22587936,5.37229159,0.83708159,0.80763078,1.56493327,0.21846245,608.28335389,788.16978894,699.71327256,423.74759172,61.61296755,48.43366119,14.32566565,19.15941904,6.40221783,4.02921869,0.83708159,0.26894105,1.56493327
608.28335389,788.16978894,699.71327256,423.74759172,61.61296755,48.43366119,14.32566565,19.15941904,6.40221783,4.02921869,0.83708159,0.26894105,1.56493327,691.56941765,540.76390161,498.91147640,487.70015097,219.07750492,26.92486682,13.90046076,8.17995509,6.38008654,4.80166337,4.02921869,0.27874817,0.26894105
691.56941765,540.76390161,498.91147640,487.70015097,219.07750492,26.92486682,13.90046076,8.17995509,6.38008654,4.80166337,4.02921869,0.27874817,0.26894105,904.03650122,614.80521229,342.30354972,347.74129905,252.14097805,95.73686965,7.72743678,7.93716309,2.72392504,4.78506490,4.80166337,1.34172982,0.27874817
904.03650122,614.80521229,342.30354972,347.74129905,252.14097805,95.73686965,7.72743678,7.93716309,2.72392504,4.78506490,4.80166337,1.34172982,0.27874817,1037.13698519,803.68844959,389.17169938,238.58557415,179.78225161,110.18560741,27.47648159,4.41236640,2.64307531,2.04294378,4.78506490,1.59895390,1.34172982
1037.13698519,803.68844959,389.17169938,238.58557415,179.78225161,110.18560741,27.47648159,4.41236640,2.64307531,2.04294378,4.78506490,1.59895390,1.34172982,923.03428846,922.01477984,508.73478859,271.25267447,123.34874184,78.56484395,31.62326933,15.68907099,1.46931801,1.98230648,2.04294378,1.59342661,1.59895390
923.03428846,922.01477984,508.73478859,271.25267447,123.34874184,78.56484395,31.62326933,15.68907099,1.46931801,1.98230648,2.04294378,1.59342661,1.59895390,772.99917874,820.57748244,583.63535564,354.58814765,140.23763270,53.90340018,22.54811021,18.05688679,5.22446064,1.10198851,1.98230648,0.68030028,1.59342661
772.99917874,820.57748244,583.63535564,354.58814765,140.23763270,53.90340018,22.54811021,18.05688679,5.22446064,1.10198851,1.98230648,0.68030028,1.59342661,767.24853846,687.19626990,519.42554639,406.79384288,183.32207233,61.28384549,15.47027585,12.87497093,6.01294330,3.91834548,1.10198851,0.66010806,0.68030028
767.24853846,687.19626990,519.42554639,406.79384288,183.32207233,61.28384549,15.47027585,12.87497093,6.01294330,3.91834548,1.10198851,0.66010806,0.68030028,854.35023332,682.08395069,434.99523885,362.03960583,210.31241677,80.11174561,17.58846366,8.83352751,4.28736532,4.50970747,3.91834548,0.36696217,0.66010806
854.35023332,682.08395069,434.99523885,362.03960583,210.31241677,80.11174561,17.58846366,8.83352751,4.28736532,4.50970747,3.91834548,0.36696217,0.66010806,936.02003179,759.51735742,431.75914079,303.19168148,187.17447621,91.90652613,22.99207099,10.04301275,2.94156466,3.21552399,4.50970747,1.30480904,0.36696217
936.02003179,759.51735742,431.75914079,303.19168148,187.17447621,91.90652613,22.99207099,10.04301275,2.94156466,3.21552399,4.50970747,1.30480904,0.36696217,912.31489912,832.12180827,480.77448725,300.93612113,156.75009932,81.79524611,26.37717300,13.12847254,3.34432324,2.20617350,3.21552399,1.50173259,1.30480904
912.31489912,832.12180827,480.77448725,300.93612113,156.75009932,81.79524611,26.37717300,13.12847254,3.34432324,2.20617350,3.21552399,1.50173259,1.30480904,844.37147808,811.04794532,526.73310463,335.09981761,155.58397462,68.49979340,23.47523563,15.06136578,4.37178135,2.50824243,2.20617350,1.07076949,1.50173259
844.37147808,811.04794532,526.73310463,335.09981761,155.58397462,68.49979340,23.47523563,15.06136578,4.37178135,2.50824243,2.20617350,1.07076949,1.50173259,818.64521777,750.64624402,513.39334938,367.13297393,173.24660571,67.99019691,19.65944071,13.40435955,5.01543481,3.27883602,2.50824243,0.73465577,1.07076949
818.64521777,750.64624402,513.39334938,367.13297393,173.24660571,67.99019691,19.65944071,13.40435955,5.01543481,3.27883602,2.50824243,0.73465577,1.07076949,849.46364615,727.77559860,475.15907246,357.83516452,189.80774752,75.70876669,19.51318651,11.22554064,4.46365173,3.76157610,3.27883602,0.83524473,0.73465577
849.46364615,727.77559860,475.15907246,357.83516452,189.80774752,75.70876669,19.51318651,11.22554064,4.46365173,3.76157610,3.27883602,0.83524473,0.73465577,889.76042029,755.17318143,460.68195391,331.18587351,185.00078006,82.94598567,21.72841604,11.14202950,3.73810503,3.34773880,3.76157610,1.09185239,0.83524473
889.76042029,755.17318143,460.68195391,331.18587351,185.00078006,82.94598567,21.72841604,11.14202950,3.73810503,3.34773880,3.76157610,1.09185239,0.83524473,894.81566109,790.99701364,478.02462385,321.09532188,171.22309660,80.84534089,23.80549789,12.40692556,3.71029582,2.80357878,3.34773880,1.25260484,1.09185239
894.81566109,790.99701364,478.02462385,321.09532188,171.22309660,80.84534089,23.80549789,12.40692556,3.71029582,2.80357878,3.34773880,1.25260484,1.09185239,866.78039153,795.49112271,500.70110963,333.18316282,166.00628141,74.82449322,23.20261283,13.59293929,4.13150621,2.78272187,2.80357878,1.11479702,1.25260484
866.78039153,795.49112271,500.70110963,333.18316282,166.00628141,74.82449322,23.20261283,13.59293929,4.13150621,2.78272187,2.80357878,1.11479702,1.25260484,846.86343076,770.56776807,503.54588068,348.98867341,172.25569518,72.54474498,21.47462955,13.24869193,4.52644878,3.09862966,2.78272187,0.93359173,1.11479702
95.97115712,1004.56444221,101.29931127,410.23857202,215.16504069,79.30314839,28.56836491,18.92673498,0.49845830,3.26752251,3.42658651,0.31169872,0.11997558,922.01503952,85.31835868,635.88929192,70.60561995,212.09334174,94.02712278,22.76000359,16.31253637,6.30260275,0.37384372,3.26752251,1.14105331,0.31169872
922.01503952,85.31835868,635.88929192,70.60561995,212.09334174,94.02712278,22.76000359,16.31253637,6.30260275,0.37384372,3.26752251,1.14105331,0.31169872,1155.67909912,819.67137013,54.00652105,443.21483647,36.50310552,92.68479034,26.98578424,12.99596205,5.43207461,4.72695206,0.37384372,1.08808499,1.14105331
1155.67909912,819.67137013,54.00652105,443.21483647,36.50310552,92.68479034,26.98578424,12.99596205,5.43207461,4.72695206,0.37384372,1.08808499,1.14105331,904.55154171,1027.39871912,518.85197729,37.64254517,229.14207045,15.95185711,26.60053483,15.40888280,4.32765536,4.07405596,4.72695206,0.12448996,1.08808499
904.55154171,1027.39871912,518.85197729,37.64254517,229.14207045,15.95185711,26.60053483,15.40888280,4.32765536,4.07405596,4.72695206,0.12448996,1.08808499,680.23282835,804.14632058,650.34338920,361.63982817,19.46119585,100.13508479,4.57818299,15.18890539,5.13115797,3.24574152,4.07405596,1.57407504,0.12448996
680.23282835,804.14632058,650.34338920,361.63982817,19.46119585,100.13508479,4.57818299,15.18890539,5.13115797,3.24574152,4.07405596,1.57407504,0.12448996,708.73611482,604.72698440,509.02462093,453.28934227,186.96779117,8.50454259,28.73876933,2.61414249,5.05790549,3.84836848,3.24574152,1.35666063,1.57407504
708.73611482,604.72698440,509.02462093,453.28934227,186.96779117,8.50454259,28.73876933,2.61414249,5.05790549,3.84836848,3.24574152,1.35666063,1.57407504,836.62683208,630.06640607,382.79218113,354.79016078,234.35058996,81.70492474,2.44080372,16.40983729,0.87050945,3.79342912,3.84836848,1.08083193,1.35666063
836.62683208,630.06640607,382.79218113,354.79016078,234.35058996,81.70492474,2.44080372,16.40983729,0.87050945,3.79342912,3.84836848,1.08083193,1.35666063,980.54519351,743.76125372,398.83203504,266.80615025,183.42651313,102.41120781,23.44931340,1.39369893,5.46447582,0.65288209,3.79342912,1.28150670,1.08083193
980.54519351,743.76125372,398.83203504,266.80615025,183.42651313,102.41120781,23.44931340,1.39369893,5.46447582,0.65288209,3.79342912,1.28150670,1.08083193,905.50324015,871.70467703,470.80087360,277.98592843,137.93877968,80.15738624,29.39201664,13.38955795,0.46410174,4.09835686,0.65288209,1.26321190,1.28150670
905.50324015,871.70467703,470.80087360,277.98592843,137.93877968,80.15738624,29.39201664,13.38955795,0.46410174,4.09835686,0.65288209,1.26321190,1.28150670,791.32524033,804.99238049,551.78906056,328.14820890,143.71872500,60.27924672,23.00516985,16.78284150,4.45872280,0.34807631,4.09835686,0.21740973,1.26321190
791.32524033,804.99238049,551.78906056,328.14820890,143.71872500,60.27924672,23.00516985,16.78284150,4.45872280,0.34807631,4.09835686,0.21740973,1.26321190,785.99252339,703.48813866,509.56017685,384.59697521,169.65262400,62.80508282,17.30014381,13.13595198,5.58868622,3.34404210,0.34807631,1.36475284,0.21740973
785.99252339,703.48813866,509.56017685,384.59697521,169.65262400,62.80508282,17.30014381,13.13595198,5.58868622,3.34404210,0.34807631,1.36475284,0.21740973,833.72423759,698.74735330,445.30799177,355.16344327,198.83663618,74.13819669,18.02505877,9.87838211,4.37427201,4.19151467,3.34404210,0.11590941,1.36475284
833.72423759,698.74735330,445.30799177,355.16344327,198.83663618,74.13819669,18.02505877,9.87838211,4.37427201,4.19151467,3.34404210,0.11590941,1.36475284,909.83977956,741.18084722,442.30707464,310.37967026,183.61950017,86.89161001,21.27766245,10.29230856,3.28950124,3.28070401,4.19151467,1.11356602,0.11590941
909.83977956,741.18084722,442.30707464,310.37967026,183.61950017,86.89161001,21.27766245,10.29230856,3.28950124,3.28070401,4.19151467,1.11356602,0.11590941,896.89668735,808.84756403,469.16747629,308.28803102,160.46628953,80.24172157,24.93789207,12.14954526,3.42733875,2.46712593,3.28070401,1.39577438,1.11356602
896.89668735,808.84756403,469.16747629,308.28803102,160.46628953,80.24172157,24.93789207,12.14954526,3.42733875,2.46712593,3.28070401,1.39577438,1.11356602,849.91515679,797.34115505,512.00050803,327.00973097,159.38491204,70.12376852,23.02937409,14.23953637,4.04579857,2.57050406,2.46712593,1.09247443,1.39577438
849.91515679,797.34115505,512.00050803,327.00973097,159.38491204,70.12376852,23.02937409,14.23953637,4.04579857,2.57050406,2.46712593,1.09247443,1.39577438,827.98315597,755.57457438,504.71695115,356.86435410,169.06403091,69.65120656,20.12552157,13.14977261,4.74176561,3.03434893,2.57050406,0.82155294,1.09247443
827.98315597,755.57457438,504.71695115,356.86435410,169.06403091,69.65120656,20.12552157,13.14977261,4.74176561,3.03434893,2.57050406,0.82155294,1.09247443,846.89088432,736.07702566,478.27870558,351.78771495,184.49887107,73.88098151,19.98989628,11.49167281,4.37887428,3.55632421,3.03434893,0.85597785,0.82155294
846.89088432,736.07702566,478.27870558,351.78771495,184.49887107,73.88098151,19.98989628,11.49167281,4.37887428,3.55632421,3.03434893,0.85597785,0.82155294,876.86615616,752.88599616,465.93675724,333.36025779,181.87424863,80.62600666,21.20384169,11.41423078,3.82672705,3.28415571,3.55632421,1.01043819,0.85597785
876.86615616,752.88599616,465.93675724,333.36025779,181.87424863,80.62600666,21.20384169,11.41423078,3.82672705,3.28415571,3.55632421,1.01043819,0.85597785,885.35446561,779.53401283,476.57683557,324.75791980,172.34725328,79.47904665,23.13966391,12.10739361,3.80093885,2.87004529,3.28415571,1.18425596,1.01043819
885.35446561,779.53401283,476.57683557,324.75791980,172.34725328,79.47904665,23.13966391,12.10739361,3.80093885,2.87004529,3.28415571,1.18425596,1.01043819,866.71274523,787.08011993,493.44503012,332.17405439,167.89984454,75.31574968,22.81048639,13.21274809,4.03176207,2.85070414,2.87004529,1.09362385,1.18425596
866.71274523,787.08011993,493.44503012,332.17405439,167.89984454,75.31574968,22.81048639,13.21274809,4.03176207,2.85070414,2.87004529,1.09362385,1.18425596,851.38416150,770.50763051,498.22171591,343.93118599,171.73398612,73.37223206,21.61562016,13.02478773,4.39984511,3.02382155,2.85070414,0.95572508,1.09362385
1286.23378081,326.73442918,616.98850687,65.26359394,93.99255672,53.45378347,2.65992110,0.81902888,5.75476078,1.26316474,0.55444387,1.73074289,1.76117517,649.43751912,1143.46183114,206.82289367,430.04098929,33.74127807,41.07474728,15.34123586,1.51881495,0.27273662,4.31607059,1.26316474,0.18462981,1.73074289
649.43751912,1143.46183114,206.82289367,430.04098929,33.74127807,41.07474728,15.34123586,1.51881495,0.27273662,4.31607059,1.26316474,0.18462981,1.73074289,530.68791543,577.34995450,723.81133911,144.15555689,222.33119146,14.74493852,11.78845247,8.75984567,0.50576538,0.20455246,4.31607059,0.42063386,0.18462981
530.68791543,577.34995450,723.81133911,144.15555689,222.33119146,14.74493852,11.78845247,8.75984567,0.50576538,0.20455246,4.31607059,0.42063386,0.18462981,682.70378748,471.78155682,365.46252120,504.49650336,74.52842291,97.15873067,4.23179735,6.73120636,2.91702861,0.37932403,0.20455246,1.43725151,0.42063386
682.70378748,471.78155682,365.46252120,504.49650336,74.52842291,97.15873067,4.23179735,6.73120636,2.91702861,0.37932403,0.20455246,1.43725151,0.42063386,875.29248290,606.92366707,298.63772547,254.72737728,260.82469224,32.56892081,27.88455570,2.41635629,2.24149172,2.18777146,0.37932403,0.06811597,1.43725151
875.29248290,606.92366707,298.63772547,254.72737728,260.82469224,32.56892081,27.88455570,2.41635629,2.24149172,2.18777146,0.37932403,0.06811597,1.43725151,891.03326893,778.13501730,384.18268126,208.15049465,131.69405405,113.98039051,9.34728027,15.92208131,0.80464664,1.68111879,2.18777146,0.12631490,0.06811597
891.03326893,778.13501730,384.18268126,208.15049465,131.69405405,113.98039051,9.34728027,15.92208131,0.80464664,1.68111879,2.18777146,0.12631490,0.06811597,817.80805717,792.12857608,492.55946595,267.77532884,107.61380573,57.55030162,32.71237208,5.33729704,5.30205307,0.60348498,1.68111879,0.72852790,0.12631490
817.80805717,792.12857608,492.55946595,267.77532884,107.61380573,57.55030162,32.71237208,5.33729704,5.30205307,0.60348498,1.68111879,0.72852790,0.12631490,713.18054264,727.03136282,501.41738866,343.31394777,138.43984501,47.02723311,16.51693657,18.67876446,1.77731991,3.97653981,0.60348498,0.55981256,0.72852790
713.18054264,727.03136282,501.41738866,343.31394777,138.43984501,47.02723311,16.51693657,18.67876446,1.77731991,3.97653981,0.60348498,0.55981256,0.72852790,768.64338156,634.01750241,460.21085267,349.48791990,177.49331100,60.49821227,13.49681590,9.43117078,6.22002856,1.33298993,3.97653981,0.20096050,0.55981256
768.64338156,634.01750241,460.21085267,349.48791990,177.49331100,60.49821227,13.49681590,9.43117078,6.22002856,1.33298993,3.97653981,0.20096050,0.55981256,861.74044028,683.32396621,401.33307902,320.76696431,180.68525459,77.56457691,17.36298692,7.70668188,3.14057987,4.66502142,1.33298993,1.32418776,0.20096050
861.74044028,683.32396621,401.33307902,320.76696431,180.68525459,77.56457691,17.36298692,7.70668188,3.14057987,4.66502142,1.33298993,1.32418776,0.20096050,881.09896230,766.08725141,432.54407061,279.72915608,165.83652055,78.95945625,22.26103357,9.91426553,2.56632507,2.35543490,4.66502142,0.44388565,1.32418776
881.09896230,766.08725141,432.54407061,279.72915608,165.83652055,78.95945625,22.26103357,9.91426553,2.56632507,2.35543490,4.66502142,0.44388565,1.32418776,859.07361467,783.29697748,484.93323014,301.48321722,144.61997369,72.47055948,22.66136394,12.71105017,3.30145042,1.92474380,2.35543490,1.55345213,0.44388565
859.07361467,783.29697748,484.93323014,301.48321722,144.61997369,72.47055948,22.66136394,12.71105017,3.30145042,1.92474380,2.35543490,1.55345213,0.44388565,804.87870163,763.71644344,495.82698675,337.99846141,155.86682330,63.19892850,20.79905057,12.93963881,4.23277971,2.47608782,1.92474380,0.78435982,1.55345213
804.87870163,763.71644344,495.82698675,337.99846141,155.86682330,63.19892850,20.79905057,12.93963881,4.23277971,2.47608782,1.92474380,0.78435982,1.55345213,815.68391122,715.53716575,483.43250870,345.59140976,174.74520455,68.11380178,18.13809248,11.87625788,4.30889972,3.17458478,2.47608782,0.64093969,0.78435982
815.68391122,715.53716575,483.43250870,345.59140976,174.74520455,68.11380178,18.13809248,11.87625788,4.30889972,3.17458478,2.47608782,0.64093969,0.78435982,851.19007536,725.14299708,452.93502592,336.95245856,178.67075885,76.36365439,19.54866111,10.35685081,3.95479387,3.23167479,3.17458478,0.82453724,0.64093969
851.19007536,725.14299708,452.93502592,336.95245856,178.67075885,76.36365439,19.54866111,10.35685081,3.95479387,3.23167479,3.17458478,0.82453724,0.64093969,874.92565298,756.70797699,459.01551715,315.69571307,174.20442108,78.07912162,21.91636881,11.16228549,3.44883132,2.96609540,3.23167479,1.05713673,0.82453724
874.92565298,756.70797699,459.01551715,315.69571307,174.20442108,78.07912162,21.91636881,11.16228549,3.44883132,2.96609540,3.23167479,1.05713673,0.82453724,866.68572012,777.80890550,478.99614944,319.93381545,163.21468365,76.12733201,22.40870790,12.51424659,3.71704107,2.58662349,2.96609540,1.07614771,1.05713673
866.68572012,777.80890550,478.99614944,319.93381545,163.21468365,76.12733201,22.40870790,12.51424659,3.71704107,2.58662349,2.96609540,1.07614771,1.05713673,846.94985611,770.48360518,492.35303718,333.86031616,165.40578259,71.32481676,21.84854429,12.79537221,4.16724411,2.78778080,2.58662349,0.98770977,1.07614771
846.94985611,770.48360518,492.35303718,333.86031616,165.40578259,71.32481676,21.84854429,12.79537221,4.16724411,2.78778080,2.58662349,0.98770977,1.07614771,841.05188442,752.93842209,487.71612208,343.17006691,172.60578345,72.28232699,20.47022241,12.47551879,4.26085895,3.12543309,2.78778080,0.86134562,0.98770977
841.05188442,752.93842209,487.71612208,343.17006691,172.60578345,72.28232699,20.47022241,12.47551879,4.26085895,3.12543309,2.78778080,0.86134562,0.98770977,855.40599137,747.69512525,476.61002118,339.93813709,177.41892459,75.42872737,20.74502785,11.68849700,4.15434776,3.19564421,3.12543309,0.92833101,0.86134562
855.40599137,747.69512525,476.61002118,339.93813709,177.41892459,75.42872737,20.74502785,11.68849700,4.15434776,3.19564421,3.12543309,0.92833101,0.86134562,869.19931411,760.45592633,473.29101428,332.19718476,175.74801688,77.53207005,21.64804475,11.84541090,3.89226950,3.11576082,3.19564421,1.04076922,0.92833101
671.52581029,654.15443815,190.62778750,278.32293265,30.27554037,15.58440484,22.01798151,5.45299686,4.43159282,0.09625244,1.60592286,1.12433619,0.83093472,571.09294665,596.98644534,414.07975935,132.86756788,143.89295618,13.23041114,4.47272419,12.57226744,1.81584796,3.32369461,0.09625244,0.53477231,1.12433619
571.09294665,596.98644534,414.07975935,132.86756788,143.89295618,13.23041114,4.47272419,12.57226744,1.81584796,3.32369461,0.09625244,0.53477231,1.12433619,620.58430087,507.70162958,377.89241990,288.61359227,68.69253260,62.88122185,3.79712800,2.55392551,4.18656506,1.36188597,3.32369461,0.03205206,0.53477231
620.58430087,507.70162958,377.89241990,288.61359227,68.69253260,62.88122185,3.79712800,2.55392551,4.18656506,1.36188597,3.32369461,0.03205206,0.53477231,712.20620828,551.69944347,321.37513152,263.39101667,149.21322720,30.01863674,18.04691067,2.16816009,0.85045720,3.13992379,1.36188597,1.10679031,0.03205206
712.20620828,551.69944347,321.37513152,263.39101667,149.21322720,30.01863674,18.04691067,2.16816009,0.85045720,3.13992379,1.36188597,1.10679031,0.03205206,740.99854564,633.15131916,349.22574772,223.99846667,136.17315562,65.20618029,8.61534875,10.30478599,0.72199731,0.63784290,3.13992379,0.45350803,1.10679031
740.99854564,633.15131916,349.22574772,223.99846667,136.17315562,65.20618029,8.61534875,10.30478599,0.72199731,0.63784290,3.13992379,0.45350803,1.10679031,778.52213221,658.74770708,400.78478503,243.41034616,115.80720727,59.50766901,18.71417374,4.91936413,3.43149374,0.54149798,0.63784290,1.04559462,0.45350803
778.52213221,658.74770708,400.78478503,243.41034616,115.80720727,59.50766901,18.71417374,4.91936413,3.43149374,0.54149798,0.63784290,1.04559462,0.45350803,726.18595694,692.10617554,416.98729858,279.34699517,125.84314896,50.60774958,17.07870100,10.68579321,1.63814826,2.57362030,0.54149798,0.21240168,1.04559462
726.18595694,692.10617554,416.98729858,279.34699517,125.84314896,50.60774958,17.07870100,10.68579321,1.63814826,2.57362030,0.54149798,0.21240168,1.04559462,736.64353411,645.57931572,438.10320912,290.64014711,144.42239650,54.99345610,14.52442413,9.75193827,3.55836914,1.22861119,2.57362030,0.18031883,0.21240168
736.64353411,645.57931572,438.10320912,290.64014711,144.42239650,54.99345610,14.52442413,9.75193827,3.55836914,1.22861119,2.57362030,0.18031883,0.21240168,777.51960461,654.87610182,408.65170685,305.35793675,150.26095606,63.11258727,15.78312190,8.29344618,3.24739545,2.66877685,1.22861119,0.85701556,0.18031883
777.51960461,654.87610182,408.65170685,305.35793675,150.26095606,63.11258727,15.78312190,8.29344618,3.24739545,2.66877685,1.22861119,0.85701556,0.18031883,807.84630841,691.21492850,414.53657245,284.83023968,157.87005330,65.66403780,18.11331255,9.01216260,2.76171758,2.43554658,2.66877685,0.40912753,0.85701556
807.84630841,691.21492850,414.53657245,284.83023968,157.87005330,65.66403780,18.11331255,9.01216260,2.76171758,2.43554658,2.66877685,0.40912753,0.85701556,823.81135101,718.17536818,437.53904974,288.93199100,147.25723391,68.98921329,18.84557885,10.34270146,3.00105015,2.07128818,2.43554658,0.88870269,0.40912753
823.81135101,718.17536818,437.53904974,288.93199100,147.25723391,68.98921329,18.84557885,10.34270146,3.00105015,2.07128818,2.43554658,0.88870269,0.40912753,808.00134321,732.36829105,454.60500806,304.96471767,149.37783935,64.35141122,19.79990422,10.76082552,3.44411959,2.25078761,2.07128818,0.81103701,0.88870269
808.00134321,732.36829105,454.60500806,304.96471767,149.37783935,64.35141122,19.79990422,10.76082552,3.44411959,2.25078761,2.07128818,0.81103701,0.88870269,804.78219608,718.31319411,463.58912823,316.85969061,157.66675904,65.27811579,18.46885502,11.30574531,3.58335490,2.58308969,2.25078761,0.68973896,0.81103701
804.78219608,718.31319411,463.58912823,316.85969061,157.66675904,65.27811579,18.46885502,11.30574531,3.58335490,2.58308969,2.25078761,0.68973896,0.81103701,820.36106271,715.45137232,454.69225187,323.12162238,163.81646005,68.90037370,18.73481923,10.54571622,3.76481319,2.68751617,2.58308969,0.74951227,0.68973896
820.36106271,715.45137232,454.69225187,323.12162238,163.81646005,68.90037370,18.73481923,10.54571622,3.76481319,2.68751617,2.58308969,0.74951227,0.68973896,838.49607334,729.30098475,452.88071868,316.92049956,167.05387877,71.58779304,19.77440725,10.69758178,3.51172350,2.82360989,2.68751617,0.86016887,0.74951227
838.49607334,729.30098475,452.88071868,316.92049956,167.05387877,71.58779304,19.77440725,10.69758178,3.51172350,2.82360989,2.68751617,0.86016887,0.74951227,845.99726241,745.42300920,461.64752334,315.65786092,163.84789827,73.00254502,20.54569660,11.29118654,3.56229473,2.63379263,2.82360989,0.89494289,0.86016887
845.99726241,745.42300920,461.64752334,315.65786092,163.84789827,73.00254502,20.54569660,11.29118654,3.56229473,2.63379263,2.82360989,0.89494289,0.86016887,843.14762946,752.09156628,471.85276482,321.76832377,163.19511409,71.60153154,20.95173042,11.73159276,3.75996512,2.67172105,2.63379263,0.94026209,0.89494289
843.14762946,752.09156628,471.85276482,321.76832377,163.19511409,71.60153154,20.95173042,11.73159276,3.75996512,2.67172105,2.63379263,0.94026209,0.89494289,838.97163737,749.55824259,476.07396145,328.88137708,166.35422339,71.31626486,20.54963955,11.96343807,3.90662039,2.81997384,2.67172105,0.87705294,0.94026209
838.97163737,749.55824259,476.07396145,328.88137708,166.35422339,71.31626486,20.54963955,11.96343807,3.90662039,2.81997384,2.67172105,0.87705294,0.94026209,843.94652734,745.84578562,474.47036756,331.82355113,170.03167195,72.69679562,20.46776801,11.73384418,3.98382488,2.92996529,2.81997384,0.88968311,0.87705294
843.94652734,745.84578562,474.47036756,331.82355113,170.03167195,72.69679562,20.46776801,11.73384418,3.98382488,2.92996529,2.81997384,0.88968311,0.87705294,852.50066989,750.26846281,472.12038230,330.70584619,171.55277594,74.30384064,20.86398034,11.68709554,3.90737011,2.98786866,2.92996529,0.93905129,0.88968311
852.50066989,750.26846281,472.12038230,330.70584619,171.55277594,74.30384064,20.86398034,11.68709554,3.90737011,2.98786866,2.92996529,0.93905129,0.88968311,857.75798220,757.87309553,474.91993696,329.06790646,170.97492248,74.96856308,21.32520226,11.91333278,3.89180281,2.93052759,2.98786866,0.97567844,0.93905129
546.23639528,30.23055089,518.87096814,196.67290855,145.18800398,117.23484188,13.47221552,14.84025287,2.68981703,4.43458742,4.39780427,0.91819695,1.03446932,1171.74264271,485.60415540,19.13593871,361.65306479,101.67989372,63.44715774,33.64639962,7.69263506,4.94180420,2.01736277,4.43458742,1.46446882,0.91819695
1171.74264271,485.60415540,19.13593871,361.65306479,101.67989372,63.44715774,33.64639962,7.69263506,4.94180420,2.01736277,4.43458742,1.46446882,0.91819695,1001.69951588,1041.67920937,307.38743037,13.33774928,186.97463450,44.43411356,18.20933427,19.21209418,2.56164748,3.70635315,2.01736277,1.47671761,1.46446882
1001.69951588,1041.67920937,307.38743037,13.33774928,186.97463450,44.43411356,18.20933427,19.21209418,2.56164748,3.70635315,2.01736277,1.47671761,1.46446882,698.73251075,890.51086961,659.38293953,214.24903897,6.89561638,81.70791528,12.75259059,10.39752987,6.39762736,1.92123561,3.70635315,0.67178180,1.47671761
698.73251075,890.51086961,659.38293953,214.24903897,6.89561638,81.70791528,12.75259059,10.39752987,6.39762736,1.92123561,3.70635315,0.67178180,1.47671761,608.55037341,621.17320206,563.69338047,459.58990885,110.76675315,3.01338436,23.45017168,7.28172923,3.46237745,4.79822052,1.92123561,1.23421560,0.67178180
608.55037341,621.17320206,563.69338047,459.58990885,110.76675315,3.01338436,23.45017168,7.28172923,3.46237745,4.79822052,1.92123561,1.23421560,0.67178180,719.23254655,541.00128196,393.20263690,392.89428618,237.60798288,48.40507112,0.86484131,13.39004803,2.42481583,2.59678308,4.79822052,0.63977146,1.23421560
719.23254655,541.00128196,393.20263690,392.89428618,237.60798288,48.40507112,0.86484131,13.39004803,2.42481583,2.59678308,4.79822052,0.63977146,1.23421560,949.85003578,639.39773389,342.45381148,274.06223792,203.12634596,103.83468852,13.89225541,0.49382439,4.45888599,1.81861187,2.59678308,1.59780743,0.63977146
949.85003578,639.39773389,342.45381148,274.06223792,203.12634596,103.83468852,13.89225541,0.49382439,4.45888599,1.81861187,2.59678308,1.59780743,0.63977146,949.76819394,844.41668181,404.73876555,238.69030660,141.69017701,88.76621318,29.80055560,7.93247784,0.16444352,3.34416450,1.81861187,0.86472877,1.59780743
949.76819394,844.41668181,404.73876555,238.69030660,141.69017701,88.76621318,29.80055560,7.93247784,0.16444352,3.34416450,1.81861187,0.86472877,1.59780743,813.21702666,844.34392441,534.51575959,282.10291959,123.40288851,61.91860735,25.47590318,17.01611725,2.64151512,0.12333264,3.34416450,0.60559775,0.86472877
813.21702666,844.34392441,534.51575959,282.10291959,123.40288851,61.91860735,25.47590318,17.01611725,2.64151512,0.12333264,3.34416450,0.60559775,0.86472877,742.46932925,722.94993670,534.46970415,372.55748443,145.84720943,53.92706228,17.77064031,14.54674072,5.66636704,1.98113634,0.12333264,1.11360678,0.60559775
742.46932925,722.94993670,534.46970415,372.55748443,145.84720943,53.92706228,17.77064031,14.54674072,5.66636704,1.98113634,0.12333264,1.11360678,0.60559775,780.97348181,660.05523370,457.62730993,372.52538379,192.61221945,63.73523052,15.47706687,10.14703562,4.84406466,4.24977528,1.98113634,0.04106977,1.11360678
780.97348181,660.05523370,457.62730993,372.52538379,192.61221945,63.73523052,15.47706687,10.14703562,4.84406466,4.24977528,1.98113634,0.04106977,1.11360678,882.58031873,694.28542533,417.81496293,318.96623502,192.59562342,84.17153990,18.29201116,8.83740519,3.37896286,3.63304849,4.24977528,0.65971840,0.04106977
882.58031873,694.28542533,417.81496293,318.96623502,192.59562342,84.17153990,18.29201116,8.83740519,3.37896286,3.63304849,4.24977528,0.65971840,0.04106977,912.26318114,784.61390335,439.48267423,291.21702917,164.90554351,84.16428744,24.15723195,10.44473837,2.94285593,2.53422215,3.63304849,1.41517517,0.65971840
912.26318114,784.61390335,439.48267423,291.21702917,164.90554351,84.16428744,24.15723195,10.44473837,2.94285593,2.53422215,3.63304849,1.41517517,0.65971840,862.84638728,811.00196804,496.66060082,306.31942394,150.55920408,72.06372251,24.15515049,13.79377944,3.47809788,2.20714195,2.53422215,1.20980515,1.41517517
862.84638728,811.00196804,496.66060082,306.31942394,150.55920408,72.06372251,24.15515049,13.79377944,3.47809788,2.20714195,2.53422215,1.20980515,1.41517517,817.60548252,767.07043829,513.36424577,346.17243877,158.36714218,65.79437218,20.68228836,13.79259093,4.59332855,2.60857341,2.20714195,0.84389597,1.20980515
817.60548252,767.07043829,513.36424577,346.17243877,158.36714218,65.79437218,20.68228836,13.79259093,4.59332855,2.60857341,2.20714195,0.84389597,1.20980515,822.22792527,726.85127396,485.55558744,357.81487930,178.97115085,69.20644113,18.88298482,11.80958665,4.59293278,3.44499642,2.60857341,0.73497827,0.84389597
822.22792527,726.85127396,485.55558744,357.81487930,178.97115085,69.20644113,18.88298482,11.80958665,4.59293278,3.44499642,2.60857341,0.73497827,0.84389597,860.94756891,730.96062556,460.09685642,338.43224444,184.99029260,78.21039292,19.86224860,10.78218433,3.93259236,3.44469959,3.44499642,0.86865494,0.73497827
860.94756891,730.96062556,460.09685642,338.43224444,184.99029260,78.21039292,19.86224860,10.78218433,3.93259236,3.44469959,3.44499642,0.86865494,0.73497827,886.97534743,765.38238876,462.69807598,320.68750892,174.96947038,80.84075787,22.44638277,11.34134395,3.59046738,2.94944427,3.44469959,1.14718381,0.86865494
886.97534743,765.38238876,462.69807598,320.68750892,174.96947038,80.84075787,22.44638277,11.34134395,3.59046738,2.94944427,3.44469959,1.14718381,0.86865494,874.33863296,788.52108386,484.48705209,322.50055896,165.79544211,76.46165856,23.20129751,12.81688456,3.77666754,2.69285054,2.94944427,1.14708496,1.14718381
874.33863296,788.52108386,484.48705209,322.50055896,165.79544211,76.46165856,23.20129751,12.81688456,3.77666754,2.69285054,2.94944427,1.14708496,1.14718381,850.10669802,777.28704471,499.13384609,337.68747530,166.73278898,72.45260820,21.94449601,13.24794088,4.26802256,2.83250065,2.69285054,0.98216494,1.14708496
850.10669802,777.28704471,499.13384609,337.68747530,166.73278898,72.45260820,21.94449601,13.24794088,4.26802256,2.83250065,2.69285054,0.98216494,1.14708496,844.59843308,755.74485454,492.02269930,347.89629072,174.58442473,72.86222879,20.79389855,12.53030722,4.41156431,3.20101692,2.83250065,0.89671923,0.98216494
537.83619683,851.36289108,217.40050195,383.85381810,250.11001032,83.01005501,8.76367812,12.98932862,1.27715209,0.24315730,1.41828703,1.22663225,0.27201244,887.58027495,478.13637898,538.91271005,151.52814986,198.45242396,109.29807451,23.82388579,5.00406021,4.32544643,0.95786407,0.24315730,0.47228958,1.22663225
887.58027495,478.13637898,538.91271005,151.52814986,198.45242396,109.29807451,23.82388579,5.00406021,4.32544643,0.95786407,0.24315730,0.47228958,1.22663225,971.74043859,789.05886443,302.66032790,375.62215891,78.34005348,86.72370927,31.36854738,13.60343879,1.66635205,3.24408482,0.95786407,0.08097138,0.47228958
971.74043859,789.05886443,302.66032790,375.62215891,78.34005348,86.72370927,31.36854738,13.60343879,1.66635205,3.24408482,0.95786407,0.08097138,0.47228958,831.10673871,863.87724991,499.47426119,210.95424854,194.19665615,34.23460337,24.88970456,17.91144056,4.52994512,1.24976404,3.24408482,0.31896874,0.08097138
831.10673871,863.87724991,499.47426119,210.95424854,194.19665615,34.23460337,24.88970456,17.91144056,4.52994512,1.24976404,3.24408482,0.31896874,0.08097138,743.88091372,738.85389071,546.83429919,348.13356005,109.06334650,84.86393874,9.82533117,14.21202130,5.96450971,3.39745884,1.24976404,1.08028025,0.31896874
743.88091372,738.85389071,546.83429919,348.13356005,109.06334650,84.86393874,9.82533117,14.21202130,5.96450971,3.39745884,1.24976404,1.08028025,0.31896874,787.20698707,661.31013229,467.69451282,381.14350654,179.98505054,47.66068242,24.35595042,5.61026410,4.73260309,4.47338228,3.39745884,0.41617142,1.08028025
787.20698707,661.31013229,467.69451282,381.14350654,179.98505054,47.66068242,24.35595042,5.61026410,4.73260309,4.47338228,3.39745884,0.41617142,1.08028025,865.07381305,699.82701150,418.60931374,325.98307544,197.05119288,78.65346709,13.67861585,13.90724769,1.86821794,3.54945232,4.47338228,1.13135379,0.41617142
865.07381305,699.82701150,418.60931374,325.98307544,197.05119288,78.65346709,13.67861585,13.90724769,1.86821794,3.54945232,4.47338228,1.13135379,0.41617142,915.01404314,769.05061981,442.99049828,291.77069168,168.53325000,86.11137129,22.57354505,7.81048965,4.63111348,1.40116346,3.54945232,1.48963630,1.13135379
915.01404314,769.05061981,442.99049828,291.77069168,168.53325000,86.11137129,22.57354505,7.81048965,4.63111348,1.40116346,3.54945232,1.48963630,1.13135379,867.85545223,813.44748435,486.80904234,308.76437730,150.84544760,73.64903025,24.71396356,12.88949423,2.60089305,3.47333511,1.40116346,1.18196762,1.48963630
867.85545223,813.44748435,486.80904234,308.76437730,150.84544760,73.64903025,24.71396356,12.88949423,2.60089305,3.47333511,1.40116346,1.18196762,1.48963630,815.26557320,771.52349704,514.91225759,339.30590251,159.63118307,65.91946060,21.13727168,14.11167319,4.29220158,1.95066979,3.47333511,0.46658743,1.18196762
815.26557320,771.52349704,514.91225759,339.30590251,159.63118307,65.91946060,21.13727168,14.11167319,4.29220158,1.95066979,3.47333511,0.46658743,1.18196762,823.17621520,724.77109458,488.37437362,358.89384354,175.42115160,69.75882700,18.91888519,12.06938213,4.69918717,3.21915118,1.95066979,1.15662059,0.46658743
823.17621520,724.77109458,488.37437362,358.89384354,175.42115160,69.75882700,18.91888519,12.06938213,4.69918717,3.21915118,1.95066979,1.15662059,0.46658743,853.31238271,731.80365531,458.78010287,340.39693842,185.54811711,76.65904325,20.02078335,10.80268344,4.01910425,3.52439038,3.21915118,0.64957304,1.15662059
853.31238271,731.80365531,458.78010287,340.39693842,185.54811711,76.65904325,20.02078335,10.80268344,4.01910425,3.52439038,3.21915118,0.64957304,1.15662059,887.65695784,758.59470823,463.23171381,319.76973170,175.98521716,81.08452718,22.00114541,11.43186729,3.59729359,3.01432819,3.52439038,1.07197734,0.64957304
887.65695784,758.59470823,463.23171381,319.76973170,175.98521716,81.08452718,22.00114541,11.43186729,3.59729359,3.01432819,3.52439038,1.07197734,0.64957304,874.89611751,789.12703552,480.19045031,322.87250453,165.32095129,76.90553990,23.27125930,12.56265403,3.80681181,2.69797019,3.01432819,1.17362200,1.07197734
874.89611751,789.12703552,480.19045031,322.87250453,165.32095129,76.90553990,23.27125930,12.56265403,3.80681181,2.69797019,3.01432819,1.17362200,1.07197734,850.70824536,777.78264846,499.51741348,334.69274387,166.92508484,72.24525571,22.07188995,13.28788906,4.18336379,2.85510886,2.69797019,1.00377129,1.17362200
850.70824536,777.78264846,499.51741348,334.69274387,166.92508484,72.24525571,22.07188995,13.28788906,4.18336379,2.85510886,2.69797019,1.00377129,1.17362200,844.50573251,756.27963012,492.33641648,348.16363720,173.03614858,72.94626208,20.73438839,12.60304916,4.42486706,3.13752284,2.85510886,0.89842407,1.00377129
844.50573251,756.27963012,492.33641648,348.16363720,173.03614858,72.94626208,20.73438839,12.60304916,4.42486706,3.13752284,2.85510886,0.89842407,1.00377129,858.25072116,750.76559620,478.72500587,343.15848228,180.00060043,75.61679693,20.93557722,11.83933577,4.19681537,3.31865029,3.13752284,0.95075125,0.89842407
858.25072116,750.76559620,478.72500587,343.15848228,180.00060043,75.61679693,20.93557722,11.83933577,4.19681537,3.31865029,3.13752284,0.95075125,0.89842407,873.04084614,762.98489111,475.23462239,333.67132909,177.41293534,78.66026239,21.70202072,11.95421459,3.94249881,3.14761153,3.31865029,1.04479511,0.95075125
873.04084614,762.98489111,475.23462239,333.67132909,177.41293534,78.66026239,21.70202072,11.95421459,3.94249881,3.14761153,3.31865029,1.04479511,0.95075125,874.08878460,776.13331222,482.96943607,331.23853181,172.50807714,77.52945274,22.57549531,12.39185383,3.98075346,2.95687411,3.14761153,1.10511055,1.04479511
874.08878460,776.13331222,482.96943607,331.23853181,172.50807714,77.52945274,22.57549531,12.39185383,3.98075346,2.95687411,3.14761153,1.10511055,1.04479511,863.52038913,777.06492951,491.29238664,336.62969694,171.25032094,75.38602971,22.25095294,12.89060782,4.12648733,2.98556509,2.95687411,1.04815464,1.10511055
863.52038913,777.06492951,491.29238664,336.62969694,171.25032094,75.38602971,22.25095294,12.89060782,4.12648733,2.98556509,2.95687411,1.04815464,1.10511055,857.40641084,767.66962593,491.88210038,342.43079349,174.03755332,74.83639025,21.63579053,12.70529413,4.29257240,3.09486549,2.98556509,0.98463908,1.04815464
681.85138181,191.50150167,545.63509952,173.02874137,126.79480612,49.77628838,17.99134129,7.38144597,6.53452346,4.60109804,4.91317900,0.80807650,1.60071201,950.32496519,606.16587843,121.22045056,380.30766437,89.45585929,55.40933028,14.28579477,10.27305588,2.45802151,4.90089260,4.60109804,1.63608861,0.80807650
950.32496519,606.16587843,121.22045056,380.30766437,89.45585929,55.40933028,14.28579477,10.27305588,2.45802151,4.90089260,4.60109804,1.63608861,0.80807650,901.08341992,844.83889406,383.70300104,84.49065404,196.61906248,39.09221051,15.90247779,8.15718881,3.42092761,1.84351613,4.90089260,1.53216565,1.63608861
901.08341992,844.83889406,383.70300104,84.49065404,196.61906248,39.09221051,15.90247779,8.15718881,3.42092761,1.84351613,4.90089260,1.53216565,1.63608861,740.14789869,801.06316031,534.78301994,267.44099173,43.68166814,85.92253030,11.21946442,9.08031482,2.71634387,2.56569570,1.84351613,1.63199724,1.53216565
740.14789869,801.06316031,534.78301994,267.44099173,43.68166814,85.92253030,11.21946442,9.08031482,2.71634387,2.56569570,1.84351613,1.63199724,1.53216565,681.69996912,657.99148194,507.07298047,372.74376490,138.26699272,19.08888898,24.65976620,6.40631418,3.02374483,2.03725791,2.56569570,0.61389087,1.63199724
681.69996912,657.99148194,507.07298047,372.74376490,138.26699272,19.08888898,24.65976620,6.40631418,3.02374483,2.03725791,2.56569570,0.61389087,1.63199724,743.27854288,606.03127255,416.50860807,353.42986739,192.70852645,60.42267582,5.47851114,14.08072650,2.13330262,2.26780863,2.03725791,0.85437667,0.61389087
743.27854288,606.03127255,416.50860807,353.42986739,192.70852645,60.42267582,5.47851114,14.08072650,2.13330262,2.26780863,2.03725791,0.85437667,0.61389087,868.98925379,660.77462462,383.61779552,290.30649982,182.72324144,84.21362606,17.34130796,3.12822986,4.68888192,1.59997697,2.26780863,0.67840688,0.85437667
868.98925379,660.77462462,383.61779552,290.30649982,182.72324144,84.21362606,17.34130796,3.12822986,4.68888192,1.59997697,2.26780863,0.67840688,0.85437667,882.64793104,772.53144662,418.27033739,267.38160348,150.08846041,79.85005651,24.16931068,9.90188685,1.04170054,3.51666144,1.59997697,0.75518027,0.67840688
882.64793104,772.53144662,418.27033739,267.38160348,150.08846041,79.85005651,24.16931068,9.90188685,1.04170054,3.51666144,1.59997697,0.75518027,0.67840688,817.32649082,784.67401070,489.01240571,291.53442516,138.23628900,65.58865720,22.91696622,13.80067640,3.29732832,0.78127541,3.51666144,0.53279233,0.75518027
817.32649082,784.67401070,489.01240571,291.53442516,138.23628900,65.58865720,22.91696622,13.80067640,3.29732832,0.78127541,3.51666144,0.53279233,0.75518027,783.87950504,726.60325034,496.69864877,340.84164678,150.72329781,60.40925829,18.82394462,13.08558771,4.59562524,2.47299624,0.78127541,1.17104826,0.53279233
783.87950504,726.60325034,496.69864877,340.84164678,150.72329781,60.40925829,18.82394462,13.08558771,4.59562524,2.47299624,0.78127541,1.17104826,0.53279233,799.17352170,696.86887998,459.93985746,346.19895819,176.21513139,65.86608114,17.33745713,10.74847238,4.35750071,3.44671893,2.47299624,0.26016471,1.17104826
799.17352170,696.86887998,459.93985746,346.19895819,176.21513139,65.86608114,17.33745713,10.74847238,4.35750071,3.44671893,2.47299624,0.26016471,1.17104826,859.25605006,710.46526079,441.11800103,320.57808065,178.98486139,77.00601242,18.90356529,9.89968802,3.57924130,3.26812553,3.44671893,0.82350775,0.26016471
859.25605006,710.46526079,441.11800103,320.57808065,178.98486139,77.00601242,18.90356529,9.89968802,3.57924130,3.26812553,3.44671893,0.82350775,0.26016471,875.76830432,763.87862851,449.72451008,307.45924672,165.73886770,78.21638443,22.10072556,10.79393578,3.29659611,2.68443098,3.26812553,1.14775740,0.82350775
875.76830432,763.87862851,449.72451008,307.45924672,165.73886770,78.21638443,22.10072556,10.79393578,3.29659611,2.68443098,3.26812553,1.14775740,0.82350775,855.86630943,778.55802254,483.53517184,313.45798353,158.95643055,72.42788518,22.44810233,12.61951430,3.59438061,2.47244708,2.68443098,1.08828580,1.14775740
855.86630943,778.55802254,483.53517184,313.45798353,158.95643055,72.42788518,22.44810233,12.61951430,3.59438061,2.47244708,2.68443098,1.08828580,1.14775740,832.43622380,760.86514908,492.82722827,337.02401478,162.05777748,69.46396015,20.78680305,12.81786643,4.20229826,2.69578546,2.47244708,0.89391551,1.08828580
832.43622380,760.86514908,492.82722827,337.02401478,162.05777748,69.46396015,20.78680305,12.81786643,4.20229826,2.69578546,2.47244708,0.89391551,1.08828580,834.35615583,740.03580296,481.62763937,343.50057810,174.24141564,70.81924876,19.93615656,11.86926454,4.26834952,3.15172370,2.69578546,0.82332488,0.89391551
834.35615583,740.03580296,481.62763937,343.50057810,174.24141564,70.81924876,19.93615656,11.86926454,4.26834952,3.15172370,2.69578546,0.82332488,0.89391551,855.25038523,741.74262253,468.44266327,335.69446464,177.58979888,76.14349863,20.32512439,11.38354540,3.95246509,3.20126214,3.15172370,0.89769656,0.82332488
855.25038523,741.74262253,468.44266327,335.69446464,177.58979888,76.14349863,20.32512439,11.38354540,3.95246509,3.20126214,3.15172370,0.89769656,0.82332488,870.91444377,760.31759247,469.52308006,326.50453630,173.55403822,77.60674211,21.85318411,11.60564603,3.79072062,2.96434882,3.20126214,1.04952399,0.89769656
870.91444377,760.31759247,469.52308006,326.50453630,173.55403822,77.60674211,21.85318411,11.60564603,3.79072062,2.96434882,3.20126214,1.04952399,0.89769656,866.33296570,774.24294051,481.28103603,327.25758680,168.80284527,75.84311470,22.27313499,12.47816813,3.86468013,2.84304046,2.96434882,1.06602029,1.04952399
866.33296570,774.24294051,481.28103603,327.25758680,168.80284527,75.84311470,22.27313499,12.47816813,3.86468013,2.84304046,2.96434882,1.06602029,1.04952399,854.59326170,770.17000651,490.09578134,335.45288212,169.19217238,73.76684338,21.76697392,12.71796008,4.15522999,2.89851010,2.84304046,0.98712816,1.06602029
854.59326170,770.17000651,490.09578134,335.45288212,169.19217238,73.76684338,21.76697392,12.71796008,4.15522999,2.89851010,2.84304046,0.98712816,1.06602029,851.52456187,759.73340965,487.51761412,341.59675960,173.42914005,73.93697933,21.17108405,12.42894211,4.23508071,3.11642249,2.89851010,0.94673247,0.98712816
1295.92567151,1093.92589969,122.20406765,511.95863213,64.94010567,26.73283082,6.82268499,1.39043780,4.33723671,3.43403554,3.55133743,0.41448317,0.56121829,578.07699634,1152.07792198,692.45509450,85.17623515,264.68261281,28.37882618,7.67232244,3.89575313,0.46301579,3.25292753,3.43403554,1.18259537,0.41448317
578.07699634,1152.07792198,692.45509450,85.17623515,264.68261281,28.37882618,7.67232244,3.89575313,0.46301579,3.25292753,3.43403554,1.18259537,0.41448317,555.72819516,513.91044974,729.26532461,482.64120087,44.03611357,115.66630180,8.14472311,4.38089612,1.29728579,0.34726184,3.25292753,1.14353384,1.18259537
555.72819516,513.91044974,729.26532461,482.64120087,44.03611357,115.66630180,8.14472311,4.38089612,1.29728579,0.34726184,3.25292753,1.14353384,1.18259537,797.68105216,494.04236550,325.30531469,508.29793125,249.52550085,19.24378163,33.19622862,4.65063690,1.45883841,0.97296434,0.34726184,1.08322487,1.14353384
797.68105216,494.04236550,325.30531469,508.29793125,249.52550085,19.24378163,33.19622862,4.65063690,1.45883841,0.97296434,0.34726184,1.08322487,1.14353384,965.34415249,709.13845537,312.72881736,226.73780434,262.79003046,109.04264387,5.52296533,18.95504654,1.54866209,1.09412880,0.97296434,0.11563819,1.08322487
965.34415249,709.13845537,312.72881736,226.73780434,262.79003046,109.04264387,5.52296533,18.95504654,1.54866209,1.09412880,0.97296434,0.11563819,1.08322487,985.21375022,858.19095156,448.88464225,217.97198570,117.22344484,114.83924331,31.29523879,3.15361320,6.31203050,1.16149657,1.09412880,0.32399713,0.11563819
985.21375022,858.19095156,448.88464225,217.97198570,117.22344484,114.83924331,31.29523879,3.15361320,6.31203050,1.16149657,1.09412880,0.32399713,0.11563819,791.00702563,875.85502394,543.23487234,312.87259565,112.69151661,51.22664540,32.95886283,17.86958135,1.05015320,4.73402287,1.16149657,0.36434489,0.32399713
791.00702563,875.85502394,543.23487234,312.87259565,112.69151661,51.22664540,32.95886283,17.86958135,1.05015320,4.73402287,1.16149657,0.36434489,0.32399713,725.67271858,703.20524579,554.41623015,378.63470602,161.75513195,49.24619276,14.70204723,18.81951068,5.95057059,0.78761490,4.73402287,0.38677836,0.36434489
725.67271858,703.20524579,554.41623015,378.63470602,161.75513195,49.24619276,14.70204723,18.81951068,5.95057059,0.78761490,4.73402287,0.38677836,0.36434489,820.61987080,645.12304682,445.12892058,386.42811242,195.75414301,70.68699266,14.13365732,8.39486897,6.26689706,4.46292794,0.78761490,1.57642962,0.38677836
820.61987080,645.12304682,445.12892058,386.42811242,195.75414301,70.68699266,14.13365732,8.39486897,6.26689706,4.46292794,0.78761490,1.57642962,0.38677836,905.12173368,729.53106514,408.36288864,310.25485765,199.78333412,85.54456050,20.28716689,8.07031833,2.79549137,4.70017279,4.46292794,0.26227576,1.57642962
905.12173368,729.53106514,408.36288864,310.25485765,199.78333412,85.54456050,20.28716689,8.07031833,2.79549137,4.70017279,4.46292794,0.26227576,1.57642962,931.53498911,804.65322124,461.79316423,284.62893338,160.40176140,87.30531701,24.55128886,11.58397230,2.68741600,2.09661852,4.70017279,1.48615500,0.26227576
931.53498911,804.65322124,461.79316423,284.62893338,160.40176140,87.30531701,24.55128886,11.58397230,2.68741600,2.09661852,4.70017279,1.48615500,0.26227576,855.33920112,828.13460532,509.34548904,321.86983547,147.15315856,70.09556973,25.05662598,14.01878594,3.85746277,2.01556200,2.09661852,1.56515754,1.48615500
855.33920112,828.13460532,509.34548904,321.86983547,147.15315856,70.09556973,25.05662598,14.01878594,3.85746277,2.01556200,2.09661852,1.56515754,1.48615500,808.66414350,760.39654980,524.20920517,355.01380586,166.40670494,64.30593029,20.11742851,14.30733344,4.66825572,2.89309708,2.01556200,0.69817397,1.56515754
808.66414350,760.39654980,524.20920517,355.01380586,166.40670494,64.30593029,20.11742851,14.30733344,4.66825572,2.89309708,2.01556200,0.69817397,1.56515754,831.37113073,718.90242357,481.33101602,365.37381600,183.54213763,72.71973006,18.45580199,11.48705168,4.76434203,3.50119179,2.89309708,0.67118215,0.69817397
831.37113073,718.90242357,481.33101602,365.37381600,183.54213763,72.71973006,18.45580199,11.48705168,4.76434203,3.50119179,2.89309708,0.67118215,0.69817397,875.07510060,739.08893522,455.06523412,335.48771817,188.89826287,80.20791415,20.87056253,10.53826294,3.82518821,3.57325653,3.50119179,0.96340133,0.67118215
875.07510060,739.08893522,455.06523412,335.48771817,188.89826287,80.20791415,20.87056253,10.53826294,3.82518821,3.57325653,3.50119179,0.96340133,0.67118215,893.82078541,777.94176444,467.84329600,317.18046818,173.44715029,82.54854088,23.01967136,11.91709120,3.50924156,2.86889116,3.57325653,1.16589687,0.96340133
893.82078541,777.94176444,467.84329600,317.18046818,173.44715029,82.54854088,23.01967136,11.91709120,3.50924156,2.86889116,3.57325653,1.16589687,0.96340133,874.18755133,794.60667823,492.43713689,326.08677731,163.98230205,75.79640468,23.69143123,13.14423235,3.96839137,2.63193117,2.86889116,1.18989442,1.16589687
874.18755133,794.60667823,492.43713689,326.08677731,163.98230205,75.79640468,23.69143123,13.14423235,3.96839137,2.63193117,2.86889116,1.18989442,1.16589687,846.53602243,777.15273313,502.98602732,343.22868441,168.58686387,71.66026600,21.75356814,13.52780723,4.37702937,2.97629353,2.63193117,0.95534076,1.18989442
846.53602243,777.15273313,502.98602732,343.22868441,168.58686387,71.66026600,21.75356814,13.52780723,4.37702937,2.97629353,2.63193117,0.95534076,1.18989442,846.30422713,752.57052394,491.93768007,350.58126104,177.44922984,73.67245951,20.56649634,12.42128741,4.50475981,3.28277203,2.97629353,0.87643308,0.95534076
846.30422713,752.57052394,491.93768007,350.58126104,177.44922984,73.67245951,20.56649634,12.42128741,4.50475981,3.28277203,2.97629353,0.87643308,0.95534076,865.37733500,752.36445791,476.37714165,342.88056301,181.25051196,77.54531344,21.14399588,11.74346941,4.13628871,3.37856986,3.28277203,0.99110574,0.87643308
865.37733500,752.36445791,476.37714165,342.88056301,181.25051196,77.54531344,21.14399588,11.74346941,4.13628871,3.37856986,3.28277203,0.99110574,0.87643308,878.99749109,769.32045081,476.24670186,332.03486773,177.26925108,79.20647373,22.25550496,12.07322165,3.91057531,3.10221653,3.37856986,1.09316309,0.99110574
84.39852530,452.03338452,637.90184632,44.41065982,177.77628201,105.99841107,33.14077864,18.27782266,2.59268302,1.41006725,0.13243423,1.62013400,1.32725287,1010.91021553,75.03028899,286.13713240,444.61758688,22.96031113,77.68823524,30.42154398,18.92338460,6.08651495,1.94451227,1.41006725,0.04410060,1.62013400
1010.91021553,75.03028899,286.13713240,444.61758688,22.96031113,77.68823524,30.42154398,18.92338460,6.08651495,1.94451227,1.41006725,0.04410060,1.62013400,1020.07391461,898.69918161,47.49417293,199.43758128,229.86729242,10.03365596,22.29652351,17.37070161,6.30148707,4.56488621,1.94451227,0.46955239,0.04410060
1020.07391461,898.69918161,47.49417293,199.43758128,229.86729242,10.03365596,22.29652351,17.37070161,6.30148707,4.56488621,1.94451227,0.46955239,0.04410060,826.53463185,906.84571009,568.87658196,33.10343853,103.10922952,100.45200679,2.87965926,12.73131493,5.78444364,4.72611530,4.56488621,0.64752258,0.46955239
826.53463185,906.84571009,568.87658196,33.10343853,103.10922952,100.45200679,2.87965926,12.73131493,5.78444364,4.72611530,4.56488621,0.64752258,0.46955239,688.83925881,734.78928771,574.03333449,396.50697762,17.11447772,45.05873330,28.82972595,1.64428544,4.23952787,4.33833273,4.72611530,1.52010711,0.64752258
688.83925881,734.78928771,574.03333449,396.50697762,17.11447772,45.05873330,28.82972595,1.64428544,4.23952787,4.33833273,4.72611530,1.52010711,0.64752258,680.77862322,612.37810108,465.12161912,400.10123414,204.99410743,7.47902676,12.93185646,16.46177352,0.54754705,3.17964590,4.33833273,1.57379640,1.52010711
680.77862322,612.37810108,465.12161912,400.10123414,204.99410743,7.47902676,12.93185646,16.46177352,0.54754705,3.17964590,4.33833273,1.57379640,1.52010711,842.83100915,605.21219605,387.63533798,324.18976853,206.85233805,89.58242495,2.14648068,7.38409004,5.48177058,0.41066029,3.17964590,1.44466480,1.57379640
842.83100915,605.21219605,387.63533798,324.18976853,206.85233805,89.58242495,2.14648068,7.38409004,5.48177058,0.41066029,3.17964590,1.44466480,1.57379640,942.21184035,749.27676713,383.09932010,270.18183057,167.60611033,90.39447173,25.71015596,1.22564047,2.45890198,4.11132794,0.41066029,1.05882209,1.44466480
942.21184035,749.27676713,383.09932010,270.18183057,167.60611033,90.39447173,25.71015596,1.22564047,2.45890198,4.11132794,0.41066029,1.05882209,1.44466480,856.31809529,837.62632607,474.29219360,267.02022611,139.68400641,73.24387021,25.94321339,14.68049905,0.40813828,1.84417649,4.11132794,0.13674988,1.05882209
856.31809529,837.62632607,474.29219360,267.02022611,139.68400641,73.24387021,25.94321339,14.68049905,0.40813828,1.84417649,4.11132794,0.13674988,1.05882209,786.01368508,761.26678671,530.21746440,330.58165894,138.04945690,61.04191080,21.02099075,14.81357484,4.88860618,0.30610371,1.84417649,1.36907220,0.13674988
786.01368508,761.26678671,530.21746440,330.58165894,138.04945690,61.04191080,21.02099075,14.81357484,4.88860618,0.30610371,1.84417649,1.36907220,0.13674988,772.06999070,698.76616604,481.88187599,369.56157269,170.91071767,60.32761266,17.51902840,12.00298572,4.93292042,3.66645464,0.30610371,0.61411077,1.36907220
772.06999070,698.76616604,481.88187599,369.56157269,170.91071767,60.32761266,17.51902840,12.00298572,4.93292042,3.66645464,0.30610371,0.61411077,1.36907220,838.83612779,686.37022173,442.31898310,335.87166756,191.06333308,74.68798362,17.31402483,10.00336522,3.99699424,3.69969032,3.66645464,0.10193253,0.61411077
838.83612779,686.37022173,442.31898310,335.87166756,191.06333308,74.68798362,17.31402483,10.00336522,3.99699424,3.69969032,3.66645464,0.10193253,0.61411077,894.21375780,745.72531761,434.47235036,308.29633122,173.64565213,83.49467656,21.43545130,9.88630818,3.33112062,2.99774568,3.69969032,1.22092939,0.10193253
894.21375780,745.72531761,434.47235036,308.29633122,173.64565213,83.49467656,21.43545130,9.88630818,3.33112062,2.99774568,3.69969032,1.22092939,0.10193253,876.12003768,794.95603069,472.04412605,302.82722820,159.38920324,75.88314998,23.96297217,12.23964269,3.29214062,2.49834046,2.99774568,1.23199688,1.22092939
876.12003768,794.95603069,472.04412605,302.82722820,159.38920324,75.88314998,23.96297217,12.23964269,3.29214062,2.49834046,2.99774568,1.23199688,1.22092939,840.03890685,778.87071350,503.20716742,329.01475585,156.56167698,69.65308182,21.77846404,13.68285711,4.07580102,2.46910547,2.49834046,0.99824931,1.23199688
840.03890685,778.87071350,503.20716742,329.01475585,156.56167698,69.65308182,21.77846404,13.68285711,4.07580102,2.46910547,2.49834046,0.99824931,1.23199688,826.12481257,746.79458819,493.02516164,350.73539569,170.10062878,68.41745284,19.99043448,12.43550297,4.55639142,3.05685076,2.46910547,0.83194737,0.99824931
826.12481257,746.79458819,493.02516164,350.73539569,170.10062878,68.41745284,19.99043448,12.43550297,4.55639142,3.05685076,2.46910547,0.83194737,0.99824931,845.52371282,734.42495838,472.72097432,343.63853767,181.33019957,74.33397478,19.63580897,11.41453809,4.14102249,3.41729356,3.05685076,0.82221212,0.83194737
845.52371282,734.42495838,472.72097432,343.63853767,181.33019957,74.33397478,19.63580897,11.41453809,4.14102249,3.41729356,3.05685076,0.82221212,0.83194737,872.90411039,751.67058069,464.89099865,329.48651910,177.66112397,79.24129721,21.33385076,11.21204692,3.80104118,3.10576687,3.41729356,1.01793130,0.82221212
872.90411039,751.67058069,464.89099865,329.48651910,177.66112397,79.24129721,21.33385076,11.21204692,3.80104118,3.10576687,3.41729356,1.01793130,0.82221212,876.56390773,776.01175414,475.80747758,324.02902606,170.34453038,77.63791118,22.74225230,12.18162878,3.73361162,2.85078089,3.10576687,1.13795876,1.01793130
876.56390773,776.01175414,475.80747758,324.02902606,170.34453038,77.63791118,22.74225230,12.18162878,3.73361162,2.85078089,3.10576687,1.13795876,1.01793130,860.32127096,779.26531397,491.21544037,331.63781187,167.52300647,74.44055977,22.28208051,12.98582606,4.05648239,2.80020872,2.85078089,1.03422037,1.13795876
860.32127096,779.26531397,491.21544037,331.63781187,167.52300647,74.44055977,22.28208051,12.98582606,4.05648239,2.80020872,2.85078089,1.03422037,1.13795876,849.48148536,764.82560988,493.27494374,342.37716194,171.45674874,73.20755383,21.36444066,12.72306797,4.32428008,3.04236179,2.80020872,0.94931004,1.03422037
292.89832255,966.21137760,442.73739634,70.91556069,162.45296918,71.74044516,1.16036622,3.97086514,4.64201175,4.04121365,2.92919434,1.78900267,0.82119079,646.62848278,260.38660875,611.61180202,308.58796525,36.66334487,70.99194753,20.58950776,0.66256911,1.32229809,3.48150882,4.04121365,0.97542171,1.78900267
646.62848278,260.38660875,611.61180202,308.58796525,36.66334487,70.99194753,20.58950776,0.66256911,1.32229809,3.48150882,4.04121365,0.97542171,1.78900267,852.66879933,574.85272120,164.82472334,426.29342601,159.53997803,16.02188171,20.37468894,11.75660893,0.22063551,0.99172357,3.48150882,1.34572415,0.97542171
852.66879933,574.85272120,164.82472334,426.29342601,159.53997803,16.02188171,20.37468894,11.75660893,0.22063551,0.99172357,3.48150882,1.34572415,0.97542171,873.84239209,758.02256261,363.88177252,114.88283217,220.39370125,69.71897040,4.59828005,11.63394739,3.91495077,0.16547664,0.99172357,1.15934244,1.34572415
873.84239209,758.02256261,363.88177252,114.88283217,220.39370125,69.71897040,4.59828005,11.63394739,3.91495077,0.16547664,0.99172357,1.15934244,1.34572415,795.63114366,776.84588656,479.82828213,253.62559544,59.39442423,96.31204744,20.00934451,2.62561791,3.87410448,2.93621308,0.16547664,0.33024395,1.15934244
795.63114366,776.84588656,479.82828213,253.62559544,59.39442423,96.31204744,20.00934451,2.62561791,3.87410448,2.93621308,0.16547664,0.33024395,1.15934244,704.50254918,707.31608672,491.74344619,334.44031264,131.12443284,25.95536339,27.64155762,11.42533571,0.87433076,2.90557836,2.93621308,0.05510372,0.33024395
704.50254918,707.31608672,491.74344619,334.44031264,131.12443284,25.95536339,27.64155762,11.42533571,0.87433076,2.90557836,2.93621308,0.05510372,0.33024395,729.10648345,626.30276622,447.73108289,342.74518200,172.90564164,57.30137715,7.44918929,15.78332940,3.80463679,0.65574807,2.90557836,0.97775896,0.05510372
729.10648345,626.30276622,447.73108289,342.74518200,172.90564164,57.30137715,7.44918929,15.78332940,3.80463679,0.65574807,2.90557836,0.97775896,0.05510372,838.49091941,648.17566378,396.44965102,312.06856478,177.19925909,75.55976540,16.44549524,4.25348709,5.25584869,2.85347759,0.65574807,0.96755759,0.97775896
838.49091941,648.17566378,396.44965102,312.06856478,177.19925909,75.55976540,16.44549524,4.25348709,5.25584869,2.85347759,0.65574807,0.96755759,0.97775896,871.18434193,745.41842735,410.29519518,276.32540676,161.33944799,77.43607622,21.68565267,9.39037778,1.41641120,3.94188652,2.85347759,0.21836411,0.96755759
871.18434193,745.41842735,410.29519518,276.32540676,161.33944799,77.43607622,21.68565267,9.39037778,1.41641120,3.94188652,2.85347759,0.21836411,0.96755759,843.45998572,774.48287997,471.84986451,285.97575104,142.86023529,70.50533877,22.22415388,12.38250767,3.12699580,1.06230840,3.94188652,0.95020804,0.21836411
843.45998572,774.48287997,471.84986451,285.97575104,142.86023529,70.50533877,22.22415388,12.38250767,3.12699580,1.06230840,3.94188652,0.95020804,0.21836411,798.73830906,749.83592731,490.24766302,328.87935557,147.84946329,62.42992282,20.23503223,12.68999186,4.12337506,2.34524685,1.06230840,1.31264821,0.95020804
798.73830906,749.83592731,490.24766302,328.87935557,147.84946329,62.42992282,20.23503223,12.68999186,4.12337506,2.34524685,1.06230840,1.31264821,0.95020804,799.20196083,710.07835675,474.64614198,341.70262113,170.03062683,64.61021546,17.91738785,11.55420340,4.22576729,3.09253129,2.34524685,0.35374870,1.31264821
799.20196083,710.07835675,474.64614198,341.70262113,170.03062683,64.61021546,17.91738785,11.55420340,4.22576729,3.09253129,2.34524685,0.35374870,1.31264821,844.91690091,710.49054318,449.47959983,330.82836096,176.66025512,74.30338392,18.54313184,10.23082846,3.84754973,3.16932547,3.09253129,0.78096720,0.35374870
844.91690091,710.49054318,449.47959983,330.82836096,176.66025512,74.30338392,18.54313184,10.23082846,3.84754973,3.16932547,3.09253129,0.78096720,0.35374870,866.60343558,751.13112491,449.74051383,313.28728108,171.03826262,77.20053149,21.32507119,10.58812828,3.40686588,2.88566230,3.16932547,1.02981292,0.78096720
866.60343558,751.13112491,449.74051383,313.28728108,171.03826262,77.20053149,21.32507119,10.58812828,3.40686588,2.88566230,3.16932547,1.02981292,0.78096720,860.97462168,770.41045423,475.46600207,313.46913814,161.96952432,74.74372076,22.15655254,12.17661565,3.52584672,2.55514941,2.88566230,1.05538538,1.02981292
860.97462168,770.41045423,475.46600207,313.46913814,161.96952432,74.74372076,22.15655254,12.17661565,3.52584672,2.55514941,2.88566230,1.05538538,1.02981292,842.06443564,765.40643868,487.66981753,331.39980344,162.06354442,70.78068213,21.45144786,12.65139150,4.05481301,2.64438504,2.55514941,0.96092555,1.05538538
842.06443564,765.40643868,487.66981753,331.39980344,162.06354442,70.78068213,21.45144786,12.65139150,4.05481301,2.64438504,2.55514941,0.96092555,1.05538538,836.36022708,748.59528328,484.50227568,339.90586282,171.33369838,70.82176891,20.31405577,12.24877673,4.21291337,3.04110976,2.64438504,0.85086475,0.96092555
836.36022708,748.59528328,484.50227568,339.90586282,171.33369838,70.82176891,20.31405577,12.24877673,4.21291337,3.04110976,2.64438504,0.85086475,0.96092555,850.21116983,743.52424187,473.86081432,337.69808615,175.73133108,74.87282619,20.32584768,11.59932584,4.07884265,3.15968503,3.04110976,0.88058022,0.85086475
850.21116983,743.52424187,473.86081432,337.69808615,175.73133108,74.87282619,20.32584768,11.59932584,4.07884265,3.15968503,3.04110976,0.88058022,0.85086475,865.61462900,755.83772998,470.65084510,330.28098758,174.58991054,76.79459168,21.48850112,11.60605902,3.86257551,3.05913199,3.15968503,1.01268955,0.88058022
865.61462900,755.83772998,470.65084510,330.28098758,174.58991054,76.79459168,21.48850112,11.60605902,3.86257551,3.05913199,3.15968503,1.01268955,0.88058022,866.90118861,769.53140518,478.44528308,328.04363904,170.75527058,76.29579091,22.04004781,12.26993414,3.86481765,2.89693163,3.05913199,1.05217511,1.01268955
866.90118861,769.53140518,478.44528308,328.04363904,170.75527058,76.29579091,22.04004781,12.26993414,3.86481765,2.89693163,3.05913199,1.05217511,1.01268955,858.93426515,770.67515667,487.11337948,333.47636231,169.59856138,74.62005324,21.89689199,12.58486730,4.08588807,2.89861324,2.89693163,1.01869095,1.05217511
1086.74957613,288.38356016,301.98774766,412.83658251,15.93464199,31.02020089,27.88909594,15.85306186,2.88613595,0.80142065,0.76006225,0.23887059,1.05595918,794.45765238,966.12037318,182.54679358,210.48546012,213.43651316,6.96343855,8.90279765,15.92467378,5.27906960,2.16460197,0.80142065,0.25310073,0.23887059
794.45765238,966.12037318,182.54679358,210.48546012,213.43651316,6.96343855,8.90279765,15.92467378,5.27906960,2.16460197,0.80142065,0.25310073,0.23887059,663.23341039,706.27285297,611.55419622,127.23511513,108.82098288,93.27175625,1.99850686,5.08349746,5.30291637,3.95930220,2.16460197,0.26687308,0.25310073
663.23341039,706.27285297,611.55419622,127.23511513,108.82098288,93.27175625,1.99850686,5.08349746,5.30291637,3.95930220,2.16460197,0.26687308,0.25310073,691.97731112,589.61450183,447.07071593,426.25327477,65.78055452,47.55476952,26.76899404,1.14114742,1.69280465,3.97718728,3.95930220,0.72081245,0.26687308
691.97731112,589.61450183,447.07071593,426.25327477,65.78055452,47.55476952,26.76899404,1.14114742,1.69280465,3.97718728,3.95930220,0.72081245,0.26687308,769.97185834,615.16782959,373.22597966,311.60828900,220.37294305,28.74610233,13.64821885,15.28509560,0.38000209,1.26960349,3.97718728,1.31844763,0.72081245
769.97185834,615.16782959,373.22597966,311.60828900,220.37294305,28.74610233,13.64821885,15.28509560,0.38000209,1.26960349,3.97718728,1.31844763,0.72081245,869.06968738,684.50498206,389.40123613,260.13850782,161.10148541,96.30297611,8.25013137,7.79313296,5.08993683,0.28500157,1.26960349,1.32440336,1.31844763
869.06968738,684.50498206,389.40123613,260.13850782,161.10148541,96.30297611,8.25013137,7.79313296,5.08993683,0.28500157,1.26960349,1.32440336,1.31844763,858.73804637,772.60295208,433.29165364,271.41266158,134.49160854,70.40134913,27.63895414,4.71082501,2.59511328,3.81745263,0.28500157,0.42277796,1.32440336
858.73804637,772.60295208,433.29165364,271.41266158,134.49160854,70.40134913,27.63895414,4.71082501,2.59511328,3.81745263,0.28500157,0.42277796,1.32440336,774.40294107,763.41812323,489.05766867,302.00428259,140.32034604,58.77283293,20.20518720,15.78184282,1.56870473,1.94633496,3.81745263,0.09490552,0.42277796
774.40294107,763.41812323,489.05766867,302.00428259,140.32034604,58.77283293,20.20518720,15.78184282,1.56870473,1.94633496,3.81745263,0.09490552,0.42277796,775.73635806,688.44421462,483.24367200,340.87319506,156.13621410,61.31999122,16.86780305,11.53716189,5.25535366,1.17652855,1.94633496,1.27121172,0.09490552
775.73635806,688.44421462,483.24367200,340.87319506,156.13621410,61.31999122,16.86780305,11.53716189,5.25535366,1.17652855,1.94633496,1.27121172,0.09490552,812.64971610,689.62962231,435.78518785,336.82083939,176.23144185,68.23152556,17.59883748,9.63151554,3.84187491,3.94151524,1.17652855,0.64812954,1.27121172
812.64971610,689.62962231,435.78518785,336.82083939,176.23144185,68.23152556,17.59883748,9.63151554,3.84187491,3.94151524,1.17652855,0.64812954,1.27121172,862.75624486,722.44559761,436.53555092,303.74227593,174.13637396,77.01314009,19.58244784,10.04893620,3.20729468,2.88140618,3.94151524,0.39178401,0.64812954
862.75624486,722.44559761,436.53555092,303.74227593,174.13637396,77.01314009,19.58244784,10.04893620,3.20729468,2.88140618,3.94151524,0.39178401,0.64812954,867.87650858,766.99030168,457.30806329,304.26527899,157.03475666,76.09759542,22.10277121,11.18157771,3.34629575,2.40547101,2.88140618,1.31252458,0.39178401
867.87650858,766.99030168,457.30806329,304.26527899,157.03475666,76.09759542,22.10277121,11.18157771,3.34629575,2.40547101,2.88140618,1.31252458,0.39178401,833.30012719,771.54221613,485.50486096,318.74372011,157.30514924,68.62418866,21.84000989,12.62068236,3.72346538,2.50972182,2.40547101,0.95950826,1.31252458
833.30012719,771.54221613,485.50486096,318.74372011,157.30514924,68.62418866,21.84000989,12.62068236,3.72346538,2.50972182,2.40547101,0.95950826,1.31252458,825.08121333,740.80381307,488.38622281,338.39688809,164.79050330,68.74235022,19.69514215,12.47064564,4.20268723,2.79259903,2.50972182,0.80102185,0.95950826
825.08121333,740.80381307,488.38622281,338.39688809,164.79050330,68.74235022,19.69514215,12.47064564,4.20268723,2.79259903,2.50972182,0.80102185,0.95950826,838.97721148,733.49719865,468.92881368,340.40519730,174.95119114,72.01344994,19.72905451,11.24592616,4.15272500,3.15201542,2.79259903,0.83573736,0.80102185
838.97721148,733.49719865,468.92881368,340.40519730,174.95119114,72.01344994,19.72905451,11.24592616,4.15272500,3.15201542,2.79259903,0.83573736,0.80102185,859.88722845,745.85074101,464.30372675,326.84338313,175.98948700,76.45367053,20.66786013,11.26529013,3.74489341,3.11454375,3.15201542,0.92993548,0.83573736
859.88722845,745.85074101,464.30372675,326.84338313,175.98948700,76.45367053,20.66786013,11.26529013,3.74489341,3.11454375,3.15201542,0.92993548,0.83573736,867.63611300,764.43974609,472.12351906,323.61969754,168.97802908,76.90740582,21.94220344,11.80134814,3.75134161,2.80867006,3.11454375,1.04962113,0.92993548
867.63611300,764.43974609,472.12351906,323.61969754,168.97802908,76.90740582,21.94220344,11.80134814,3.75134161,2.80867006,3.11454375,1.04962113,0.92993548,857.96765819,771.32850446,483.89035927,329.07009278,167.31138363,73.84339871,22.07242547,12.52899817,3.92984893,2.81350621,2.80867006,1.03714307,1.04962113
857.96765819,771.32850446,483.89035927,329.07009278,167.31138363,73.84339871,22.07242547,12.52899817,3.92984893,2.81350621,2.80867006,1.03714307,1.04962113,848.81131565,762.73324813,488.25094332,337.27158041,170.12923797,73.11507465,21.19305543,12.60335494,4.17215639,2.94738670,2.81350621,0.93528713,1.03714307
848.81131565,762.73324813,488.25094332,337.27158041,170.12923797,73.11507465,21.19305543,12.60335494,4.17215639,2.94738670,2.81350621,0.93528713,1.03714307,852.24538082,754.59325961,482.81014607,340.31090749,174.36940707,74.34647699,20.98402642,12.10123465,4.19691720,3.12911729,2.94738670,0.93689757,0.93528713
852.24538082,754.59325961,482.81014607,340.31090749,174.36940707,74.34647699,20.98402642,12.10123465,4.19691720,3.12911729,2.94738670,0.93689757,0.93528713,861.79841829,757.64614355,477.65753333,336.51867181,175.94073917,76.19943089,21.33743890,11.98187909,4.02971114,3.14768790,3.12911729,0.98147977,0.93689757
891.02535602,687.71584281,716.63044626,199.27192830,78.77619739,8.01801179,16.61242877,10.41899949,0.70844920,2.13451070,2.04470504,0.60112141,0.09459044,525.26969505,792.12154150,435.32412850,499.49142104,103.02358693,34.42519826,2.30116938,9.48569683,3.46952683,0.53133690,2.13451070,0.68088678,0.60112141
525.26969505,792.12154150,435.32412850,499.49142104,103.02358693,34.42519826,2.30116938,9.48569683,3.46952683,0.53133690,2.13451070,0.68088678,0.60112141,656.78785594,466.96475890,501.41293577,303.42091756,258.23706468,45.02130749,9.88003190,1.31396772,3.15873704,2.60214512,0.53133690,0.71079206,0.68088678
656.78785594,466.96475890,501.41293577,303.42091756,258.23706468,45.02130749,9.88003190,1.31396772,3.15873704,2.60214512,0.53133690,0.71079206,0.68088678,878.70423664,583.88440393,295.58869238,349.48481623,156.86861438,112.84959726,12.92111525,5.64149821,0.43755125,2.36905278,2.60214512,0.17693519,0.71079206
878.70423664,583.88440393,295.58869238,349.48481623,156.86861438,112.84959726,12.92111525,5.64149821,0.43755125,2.36905278,2.60214512,0.17693519,0.71079206,962.58258125,781.16806637,369.59882769,206.02531859,180.68364999,68.55158448,32.38783441,7.37795681,1.87861891,0.32816344,2.36905278,0.86651433,0.17693519
962.58258125,781.16806637,369.59882769,206.02531859,180.68364999,68.55158448,32.38783441,7.37795681,1.87861891,0.32816344,2.36905278,0.86651433,0.17693519,815.30027886,855.73591473,494.47938601,257.61038290,106.51508971,78.95875505,19.67430475,18.49345345,2.45685962,1.40896418,0.32816344,0.78889458,0.86651433
815.30027886,855.73591473,494.47938601,257.61038290,106.51508971,78.95875505,19.67430475,18.49345345,2.45685962,1.40896418,0.32816344,0.78889458,0.86651433,731.66210826,724.80194791,541.68083403,344.65213205,133.18456796,46.54709420,22.66116270,11.23402801,6.15832000,1.84264471,1.40896418,0.10927842,0.78889458
731.66210826,724.80194791,541.68083403,344.65213205,133.18456796,46.54709420,22.66116270,11.23402801,6.15832000,1.84264471,1.40896418,0.10927842,0.78889458,754.59625516,650.44761424,458.79963302,377.55154132,178.18515227,58.20165620,13.35901604,12.93952390,3.74093133,4.61874000,1.84264471,0.46918507,0.10927842
754.59625516,650.44761424,458.79963302,377.55154132,178.18515227,58.20165620,13.35901604,12.93952390,3.74093133,4.61874000,1.84264471,0.46918507,0.10927842,856.71368169,670.83607084,411.73333982,319.78334422,195.19414686,77.86691154,16.70387533,7.62799816,4.30886146,2.80569850,4.61874000,0.61360069,0.46918507
856.71368169,670.83607084,411.73333982,319.78334422,195.19414686,77.86691154,16.70387533,7.62799816,4.30886146,2.80569850,4.61874000,0.61360069,0.46918507,914.07144969,761.61846302,424.63923284,286.97813785,165.32798896,85.29984218,22.34780361,9.53791281,2.54012339,3.23164609,2.80569850,1.53804042,0.61360069
914.07144969,761.61846302,424.63923284,286.97813785,165.32798896,85.29984218,22.34780361,9.53791281,2.54012339,3.23164609,2.80569850,1.53804042,0.61360069,866.08731325,812.60951877,482.10448709,295.97354529,148.36769727,72.24833118,24.48105471,12.76059586,3.17612497,1.90509254,3.23164609,0.93429760,1.53804042
866.08731325,812.60951877,482.10448709,295.97354529,148.36769727,72.24833118,24.48105471,12.76059586,3.17612497,1.90509254,3.23164609,0.93429760,1.53804042,815.42961239,769.95162148,514.38182538,336.02682750,153.01832291,64.83668371,20.73527105,13.97868224,4.24927842,2.38209372,1.90509254,1.07613815,0.93429760
815.42961239,769.95162148,514.38182538,336.02682750,153.01832291,64.83668371,20.73527105,13.97868224,4.24927842,2.38209372,1.90509254,1.07613815,0.93429760,807.07612801,724.91692541,487.37937640,358.52413229,173.72586982,66.86900711,18.60812822,11.83983977,4.65490118,3.18695882,2.38209372,0.63439582,1.07613815
807.07612801,724.91692541,487.37937640,358.52413229,173.72586982,66.86900711,18.60812822,11.83983977,4.65490118,3.18695882,2.38209372,0.63439582,1.07613815,850.96722570,717.49067780,458.87241379,339.70342535,185.35697640,75.91820511,19.19140504,10.62524122,3.94266664,3.49117589,3.18695882,0.79323721,0.63439582
850.96722570,717.49067780,458.87241379,339.70342535,185.35697640,75.91820511,19.19140504,10.62524122,3.94266664,3.49117589,3.18695882,0.79323721,0.63439582,883.12259754,756.50986365,454.17159905,319.83407241,175.62667091,81.00099868,21.78852487,10.95829228,3.53820532,2.95699998,3.49117589,1.06125729,0.79323721
883.12259754,756.50986365,454.17159905,319.83407241,175.62667091,81.00099868,21.78852487,10.95829228,3.53820532,2.95699998,3.49117589,1.06125729,0.79323721,876.24311078,785.09598921,478.87074369,316.55760454,165.35421544,76.74885519,23.24728662,12.44124770,3.64911133,2.65365399,2.95699998,1.16256157,1.06125729
876.24311078,785.09598921,478.87074369,316.55760454,165.35421544,76.74885519,23.24728662,12.44124770,3.64911133,2.65365399,2.95699998,1.16256157,1.06125729,849.22471497,778.98012548,496.96576117,333.77290835,163.66028155,72.25979215,22.02692144,13.27420066,4.14293548,2.73683350,2.65365399,0.98468099,1.16256157
849.22471497,778.98012548,496.96576117,333.77290835,163.66028155,72.25979215,22.02692144,13.27420066,4.14293548,2.73683350,2.65365399,0.98468099,1.16256157,840.09149628,754.96077160,493.09441943,346.38513553,172.56059362,71.51954304,20.73856035,12.57737214,4.42030882,3.10720161,2.73683350,0.88366678,0.98468099
840.09149628,754.96077160,493.09441943,346.38513553,172.56059362,71.51954304,20.73856035,12.57737214,4.42030882,3.10720161,2.73683350,0.88366678,0.98468099,853.75698626,746.84134019,477.89016843,343.68681034,179.08111507,75.40897941,20.52610885,11.84171796,4.18826492,3.31523162,3.10720161,0.91136555,0.88366678
853.75698626,746.84134019,477.89016843,343.68681034,179.08111507,75.40897941,20.52610885,11.84171796,4.18826492,3.31523162,3.10720161,0.91136555,0.88366678,871.92016077,758.98996079,472.75056834,333.08944739,177.68608095,78.25844729,21.64237709,11.72040815,3.94329208,3.14119869,3.31523162,1.03469814,0.91136555
871.92016077,758.98996079,472.75056834,333.08944739,177.68608095,78.25844729,21.64237709,11.72040815,3.94329208,3.14119869,3.31523162,1.03469814,0.91136555,874.19496560,775.13702292,480.44064518,329.50714613,172.20724430,77.64881737,22.46017437,12.35779732,3.90289592,2.95746906,3.14119869,1.10397213,1.03469814
329.33480144,63.79414257,13.44626024,283.97785742,235.90925074,94.79750689,25.43159210,9.79616338,5.95150774,2.70827615,4.28982589,1.42666033,1.76705624,965.70830472,292.77863848,40.38169224,9.37204339,146.81655229,103.09234257,27.20688448,14.52143909,3.26212241,4.46363080,2.70827615,1.42851202,1.42666033
965.70830472,292.77863848,40.38169224,9.37204339,146.81655229,103.09234257,27.20688448,14.52143909,3.26212241,4.46363080,2.70827615,1.42851202,1.42666033,592.37217433,858.51468290,185.32887816,28.14603949,4.84534643,64.15883335,29.58750232,15.53513104,4.83563922,2.44659181,4.46363080,0.90185596,1.42851202
592.37217433,858.51468290,185.32887816,28.14603949,4.84534643,64.15883335,29.58750232,15.53513104,4.83563922,2.44659181,4.46363080,0.90185596,1.42851202,645.08129371,526.61886298,543.43979427,129.17422807,14.55150242,2.11741639,18.41358517,16.89446382,5.17319864,3.62672941,2.44659181,1.48638906,0.90185596
645.08129371,526.61886298,543.43979427,129.17422807,14.55150242,2.11741639,18.41358517,16.89446382,5.17319864,3.62672941,2.44659181,1.48638906,0.90185596,569.95240232,573.47727011,333.34974027,378.77753661,66.78307591,6.35900656,0.60769850,10.51415713,5.62585645,3.87989898,3.62672941,0.81471507,1.48638906
569.95240232,573.47727011,333.34974027,378.77753661,66.78307591,6.35900656,0.60769850,10.51415713,5.62585645,3.87989898,3.62672941,0.81471507,1.48638906,684.86000006,506.68768566,363.01111198,232.34476897,195.82798643,29.18420417,1.82503488,0.34699585,3.50121433,4.21939234,3.87989898,1.20770089,0.81471507
684.86000006,506.68768566,363.01111198,232.34476897,195.82798643,29.18420417,1.82503488,0.34699585,3.50121433,4.21939234,3.87989898,1.20770089,0.81471507,797.06790771,608.84054005,320.73330502,253.01874505,120.12224556,85.57683007,8.37586660,1.04209492,0.11554962,2.62591074,4.21939234,1.29200636,1.20770089
797.06790771,608.84054005,320.73330502,253.01874505,120.12224556,85.57683007,8.37586660,1.04209492,0.11554962,2.62591074,4.21939234,1.29200636,1.20770089,823.22571704,708.59336996,385.39606185,223.55111360,130.81069119,52.49342131,24.56055023,4.78261983,0.34701761,0.08666221,2.62591074,1.40505765,1.29200636
823.22571704,708.59336996,385.39606185,223.55111360,130.81069119,52.49342131,24.56055023,4.78261983,0.34701761,0.08666221,2.62591074,1.40505765,1.29200636,739.30016753,731.84766245,448.53960318,268.62105511,115.57592573,57.16427205,15.06561192,14.02407418,1.59261240,0.26026321,0.08666221,0.87442828,1.40505765
739.30016753,731.84766245,448.53960318,268.62105511,115.57592573,57.16427205,15.06561192,14.02407418,1.59261240,0.26026321,0.08666221,0.87442828,1.40505765,715.18464077,657.23784894,463.25957033,312.63210342,138.87708549,50.50667954,16.40614608,8.60246440,4.67001670,1.19445930,0.26026321,0.02885852,0.87442828
715.18464077,657.23784894,463.25957033,312.63210342,138.87708549,50.50667954,16.40614608,8.60246440,4.67001670,1.19445930,0.26026321,0.02885852,0.87442828,750.04659586,635.79914564,416.03155838,322.89192052,161.63079747,60.68928636,14.49541703,9.36790941,2.86462065,3.50251253,1.19445930,0.08666765,0.02885852
750.04659586,635.79914564,416.03155838,322.89192052,161.63079747,60.68928636,14.49541703,9.36790941,2.86462065,3.50251253,1.19445930,0.08666765,0.02885852,816.68345951,666.79142372,402.46085919,289.97399619,166.93512291,70.63265849,17.41782519,8.27688312,3.11951383,2.14846548,3.50251253,0.39775495,0.08666765
816.68345951,666.79142372,402.46085919,289.97399619,166.93512291,70.63265849,17.41782519,8.27688312,3.11951383,2.14846548,3.50251253,0.39775495,0.08666765,848.23479477,726.03159551,422.07897122,280.51521886,149.91655603,72.95064871,20.27157299,9.94557818,2.75620208,2.33963538,2.14846548,1.16633667,0.39775495
848.23479477,726.03159551,422.07897122,280.51521886,149.91655603,72.95064871,20.27157299,9.94557818,2.75620208,2.33963538,2.14846548,1.16633667,0.39775495,820.70243893,754.08073255,459.57799996,294.18904294,145.02636815,65.51353498,20.93683618,11.57506818,3.31187753,2.06715156,2.33963538,0.71543901,1.16633667
820.70243893,754.08073255,459.57799996,294.18904294,145.02636815,65.51353498,20.93683618,11.57506818,3.31187753,2.06715156,2.33963538,0.71543901,1.16633667,800.97155272,729.60446821,477.33310371,320.32586597,152.09573520,63.37652288,18.80238454,11.95493346,3.85449770,2.48390815,2.06715156,0.77909858,0.71543901
800.97155272,729.60446821,477.33310371,320.32586597,152.09573520,63.37652288,18.80238454,11.95493346,3.85449770,2.48390815,2.06715156,0.77909858,0.71543901,806.90217804,712.06371036,461.83962838,332.70117328,165.60847271,66.46583628,18.18906207,10.73616157,3.98099284,2.89087328,2.48390815,0.68836147,0.77909858
806.90217804,712.06371036,461.83962838,332.70117328,165.60847271,66.46583628,18.18906207,10.73616157,3.98099284,2.89087328,2.48390815,0.68836147,0.77909858,838.11490771,717.33603628,450.73632866,321.90222098,172.00650659,72.37090257,19.07569501,10.38595444,3.57514180,2.98574463,2.89087328,0.82714141,0.68836147
838.11490771,717.33603628,450.73632866,321.90222098,172.00650659,72.37090257,19.07569501,10.38595444,3.57514180,2.98574463,2.89087328,0.82714141,0.68836147,857.07166155,745.08415295,454.07371096,314.16322108,166.42344825,75.16684338,20.77044904,10.89222185,3.45852283,2.68135635,2.98574463,0.96266080,0.82714141
857.07166155,745.08415295,454.07371096,314.16322108,166.42344825,75.16684338,20.77044904,10.89222185,3.45852283,2.68135635,2.98574463,0.96266080,0.82714141,851.76080232,761.93670712,471.63826882,316.48937654,162.42238530,72.72704688,21.57288405,11.85992640,3.62710988,2.59389212,2.68135635,0.99425296,0.96266080
851.76080232,761.93670712,471.63826882,316.48937654,162.42238530,72.72704688,21.57288405,11.85992640,3.62710988,2.59389212,2.68135635,0.99425296,0.96266080,838.36923558,757.21535326,482.30593560,328.73187337,163.62500767,70.97858237,20.87266246,12.31811679,3.94935549,2.72033241,2.59389212,0.89289167,0.99425296
838.36923558,757.21535326,482.30593560,328.73187337,163.62500767,70.97858237,20.87266246,12.31811679,3.94935549,2.72033241,2.59389212,0.89289167,0.99425296,838.26323865,745.31025043,479.31731862,336.16723712,169.95437853,71.50412835,20.37085314,11.91829026,4.10193289,2.96201662,2.72033241,0.86376608,0.89289167
451.69279976,1059.21722809,662.04444459,438.74534212,101.76928430,118.35415084,4.09752998,3.37148458,4.86757176,1.64447852,3.97841440,1.07157137,1.21845342,683.32737528,401.55489899,670.48450538,461.44497788,226.83134188,44.47317724,33.96764129,2.33968962,1.12270436,3.65067882,1.64447852,1.32481199,1.07157137
683.32737528,401.55489899,670.48450538,461.44497788,226.83134188,44.47317724,33.96764129,2.33968962,1.12270436,3.65067882,1.64447852,1.32481199,1.07157137,947.77406173,607.47803662,254.18425106,467.32770025,238.56705356,99.12529640,12.76380187,19.39552318,0.77911664,0.84202827,3.65067882,0.54761135,1.32481199
947.77406173,607.47803662,254.18425106,467.32770025,238.56705356,99.12529640,12.76380187,19.39552318,0.77911664,0.84202827,3.65067882,0.54761135,1.32481199,1094.23766712,842.57114088,384.53359718,177.16642299,241.60842103,104.25380241,28.44896007,7.28813087,6.45870922,0.58433748,0.84202827,1.21567605,0.54761135
1094.23766712,842.57114088,384.53359718,177.16642299,241.60842103,104.25380241,28.44896007,7.28813087,6.45870922,0.58433748,0.84202827,1.21567605,0.54761135,910.99061985,972.77728607,533.34753218,268.01991724,91.59504068,105.58287999,29.92084129,16.24435620,2.42694758,4.84403191,0.58433748,0.28039541,1.21567605
910.99061985,972.77728607,533.34753218,268.01991724,91.59504068,105.58287999,29.92084129,16.24435620,2.42694758,4.84403191,0.58433748,0.28039541,1.21567605,760.49630122,809.87066105,615.76802208,371.74322993,138.56629721,40.02703278,30.30228656,17.08480038,5.40937061,1.82021068,4.84403191,0.19458438,0.28039541
760.49630122,809.87066105,615.76802208,371.74322993,138.56629721,40.02703278,30.30228656,17.08480038,5.40937061,1.82021068,4.84403191,0.19458438,0.28039541,766.92019985,676.08121178,512.64812844,429.19031139,192.19124987,60.55347188,11.48775841,17.30260562,5.68923853,4.05702796,1.82021068,1.61306263,0.19458438
766.92019985,676.08121178,512.64812844,429.19031139,192.19124987,60.55347188,11.48775841,17.30260562,5.68923853,4.05702796,1.82021068,1.61306263,0.19458438,884.93711343,681.79205766,427.95940706,357.31574552,221.89139099,83.98757619,17.37884643,6.55951005,5.76176767,4.26692889,4.05702796,0.60613016,1.61306263
884.93711343,681.79205766,427.95940706,357.31574552,221.89139099,83.98757619,17.37884643,6.55951005,5.76176767,4.26692889,4.05702796,0.60613016,1.61306263,967.17710115,786.70909383,431.57437250,298.28770672,184.73224044,96.96653786,24.10443437,9.92332131,2.18431685,4.32132575,4.26692889,1.35099031,0.60613016
967.17710115,786.70909383,431.57437250,298.28770672,184.73224044,96.96653786,24.10443437,9.92332131,2.18431685,4.32132575,4.26692889,1.35099031,0.60613016,914.11683732,859.82044292,497.98685640,300.80733763,154.21474437,80.72798907,27.82939637,13.76363202,3.30446600,1.63823764,4.32132575,1.42088732,1.35099031
914.11683732,859.82044292,497.98685640,300.80733763,154.21474437,80.72798907,27.82939637,13.76363202,3.30446600,1.63823764,4.32132575,1.42088732,1.35099031,836.07532268,812.64986837,544.26634037,347.09683891,155.51739356,67.39184329,23.16893286,15.89058533,4.58328946,2.47834950,1.63823764,1.43900148,1.42088732
836.07532268,812.64986837,544.26634037,347.09683891,155.51739356,67.39184329,23.16893286,15.89058533,4.58328946,2.47834950,1.63823764,1.43900148,1.42088732,814.69114954,743.27096187,514.40736668,379.35363924,179.44906572,67.96110098,19.34145902,13.22946066,5.29156491,3.43746710,2.47834950,0.54553313,1.43900148
814.69114954,743.27096187,514.40736668,379.35363924,179.44906572,67.96110098,19.34145902,13.22946066,5.29156491,3.43746710,2.47834950,0.54553313,1.43900148,861.96405919,724.26043194,470.49051886,358.54193458,196.12583149,78.41924172,19.50483598,11.04397310,4.40541040,3.96867368,3.43746710,0.82529038,0.54553313
861.96405919,724.26043194,470.49051886,358.54193458,196.12583149,78.41924172,19.50483598,11.04397310,4.40541040,3.96867368,3.43746710,0.82529038,0.54553313,901.49617417,766.28604862,458.45685342,327.93189165,185.36618018,85.70698836,22.50632237,11.13726135,3.67764304,3.30405780,3.96867368,1.14467654,0.82529038
901.49617417,766.28604862,458.45685342,327.93189165,185.36618018,85.70698836,22.50632237,11.13726135,3.67764304,3.30405780,3.96867368,1.14467654,0.82529038,898.90434129,801.43009883,485.05906878,319.54442683,169.54078798,81.00502074,24.59790566,12.85111008,3.70870803,2.75823228,3.30405780,1.32156834,1.14467654
898.90434129,801.43009883,485.05906878,319.54442683,169.54078798,81.00502074,24.59790566,12.85111008,3.70870803,2.75823228,3.30405780,1.32156834,1.14467654,863.73522633,799.12595941,507.30525256,338.08617094,165.20446867,74.08932435,23.24844095,14.04540413,4.27941965,2.78153102,2.75823228,1.10025125,1.32156834
863.73522633,799.12595941,507.30525256,338.08617094,165.20446867,74.08932435,23.24844095,14.04540413,4.27941965,2.78153102,2.75823228,1.10025125,1.32156834,845.33936940,767.86061621,505.84673231,353.59176104,174.79055038,72.19435281,21.26363609,13.27485978,4.67711958,3.20956474,2.78153102,0.91849135,1.10025125
845.33936940,767.86061621,505.84673231,353.59176104,174.79055038,72.19435281,21.26363609,13.27485978,4.67711958,3.20956474,2.78153102,0.91849135,1.10025125,857.07321444,751.50669940,486.05577006,352.57517242,182.80694046,76.38347051,20.71977926,12.14153621,4.42052831,3.50783968,3.20956474,0.92624983,0.91849135
857.07321444,751.50669940,486.05577006,352.57517242,182.80694046,76.38347051,20.71977926,12.14153621,4.42052831,3.50783968,3.20956474,0.92624983,0.91849135,879.00242948,761.93808764,475.70374072,338.78087173,182.28136414,79.88663298,21.92205604,11.83099396,4.04313156,3.31539623,3.50783968,1.06878506,0.92624983
879.00242948,761.93808764,475.70374072,338.78087173,182.28136414,79.88663298,21.92205604,11.83099396,4.04313156,3.31539623,3.50783968,1.06878506,0.92624983,884.30213770,781.43315981,482.30680948,331.56550728,175.14971068,79.65695613,22.92746366,12.51749400,3.93972099,3.03234867,3.31539623,1.16811061,1.06878506
884.30213770,781.43315981,482.30680948,331.56550728,175.14971068,79.65695613,22.92746366,12.51749400,3.93972099,3.03234867,3.31539623,1.16811061,1.06878506,871.34422417,786.14460041,494.64719016,336.16784621,171.41936726,76.54042357,22.86154641,13.09158175,4.16832550,2.95479074,3.03234867,1.10402694,1.16811061
931.17665844,561.21523301,52.55984981,126.26281399,258.80332994,18.44941210,30.41667662,16.49391824,3.12537007,3.51212440,2.35611887,0.90051340,0.92001773,956.49608124,827.81604935,355.24924250,36.63421531,65.27787483,113.09705518,5.29498127,17.36792235,5.49247478,2.34402756,3.51212440,0.78458758,0.90051340
956.49608124,827.81604935,355.24924250,36.63421531,65.27787483,113.09705518,5.29498127,17.36792235,5.49247478,2.34402756,3.51212440,0.78458758,0.90051340,752.33442951,850.32501622,524.00755924,247.60872202,18.93988932,28.52643130,32.45885484,3.02343431,5.78351814,4.11935608,2.34402756,1.16953742,0.78458758
752.33442951,850.32501622,524.00755924,247.60872202,18.93988932,28.52643130,32.45885484,3.02343431,5.78351814,4.11935608,2.34402756,1.16953742,0.78458758,579.34384485,668.82530784,538.25573527,365.23326879,128.01370928,8.27673163,8.18708578,18.53400611,1.00680362,4.33763861,4.11935608,0.78056118,1.16953742
579.34384485,668.82530784,538.25573527,365.23326879,128.01370928,8.27673163,8.18708578,18.53400611,1.00680362,4.33763861,4.11935608,0.78056118,1.16953742,718.64599915,515.03667807,423.36641986,375.16424748,188.82559996,55.94199096,2.37542198,4.67482598,6.17182404,0.75510272,4.33763861,1.37174558,0.78056118
718.64599915,515.03667807,423.36641986,375.16424748,188.82559996,55.94199096,2.37542198,4.67482598,6.17182404,0.75510272,4.33763861,1.37174558,0.78056118,892.89819499,638.87629325,326.01821722,295.08639464,193.95991595,82.51678718,16.05535140,1.35636595,1.55671705,4.62886803,0.75510272,1.44443366,1.37174558
892.89819499,638.87629325,326.01821722,295.08639464,193.95991595,82.51678718,16.05535140,1.35636595,1.55671705,4.62886803,0.75510272,1.44443366,1.37174558,911.82851805,793.78649534,404.40869363,227.23469740,152.55966603,84.76048327,23.68231792,9.16760565,0.45166986,1.16753779,4.62886803,0.25144921,1.44443366
911.82851805,793.78649534,404.40869363,227.23469740,152.55966603,84.76048327,23.68231792,9.16760565,0.45166986,1.16753779,4.62886803,0.25144921,1.44443366,824.30060220,810.61555254,502.46685155,281.87285946,117.48033856,66.66857406,24.32625870,13.52260353,3.05281268,0.33875240,1.16753779,1.54141305,0.25144921
824.30060220,810.61555254,502.46685155,281.87285946,117.48033856,66.66857406,24.32625870,13.52260353,3.05281268,0.33875240,1.16753779,1.54141305,0.25144921,734.63921633,732.80323536,513.11964476,350.21939553,145.72826834,51.33890795,19.13388075,13.89029372,4.50302698,2.28960951,0.33875240,0.38879008,1.54141305
734.63921633,732.80323536,513.11964476,350.21939553,145.72826834,51.33890795,19.13388075,13.89029372,4.50302698,2.28960951,0.33875240,0.38879008,1.54141305,776.78620674,653.09426331,463.86444798,357.64439240,181.06342749,63.68325326,14.73426658,10.92544591,4.62546781,3.37727023,2.28960951,0.11280455,0.38879008
776.78620674,653.09426331,463.86444798,357.64439240,181.06342749,63.68325326,14.73426658,10.92544591,4.62546781,3.37727023,2.28960951,0.11280455,0.38879008,859.24748245,690.56293779,413.40866868,323.31352024,184.90215087,79.12471781,18.27709369,8.41326622,3.63817349,3.46910086,3.37727023,0.76243997,0.11280455
859.24748245,690.56293779,413.40866868,323.31352024,184.90215087,79.12471781,18.27709369,8.41326622,3.63817349,3.46910086,3.37727023,0.76243997,0.11280455,892.46373029,763.87101190,437.12633962,288.14584207,167.15308997,80.80223993,22.70879401,10.43622050,2.80161765,2.72863012,3.46910086,1.12463099,0.76243997
892.46373029,763.87101190,437.12633962,288.14584207,167.15308997,80.80223993,22.70879401,10.43622050,2.80161765,2.72863012,3.46910086,1.12463099,0.76243997,860.99829811,793.40025623,483.53035053,304.67705872,148.97140035,73.04590031,23.19024286,12.96672138,3.47526142,2.10121324,2.72863012,1.15521058,1.12463099
860.99829811,793.40025623,483.53035053,304.67705872,148.97140035,73.04590031,23.19024286,12.96672138,3.47526142,2.10121324,2.72863012,1.15521058,1.12463099,818.96541796,765.42748702,502.22236219,337.02065432,157.51803936,65.10050195,20.96417339,13.24162867,4.31791822,2.60644607,2.10121324,0.90863383,1.15521058
818.96541796,765.42748702,502.22236219,337.02065432,157.51803936,65.10050195,20.96417339,13.24162867,4.31791822,2.60644607,2.10121324,0.90863383,1.15521058,818.62246916,728.06025656,484.51559928,350.04898645,174.23967828,68.83538320,18.68384406,11.97054301,4.40946235,3.23843866,2.60644607,0.69970401,0.90863383
818.62246916,728.06025656,484.51559928,350.04898645,174.23967828,68.83538320,18.68384406,11.97054301,4.40946235,3.23843866,2.60644607,0.69970401,0.90863383,853.37012907,727.75537508,460.86214241,337.70737270,180.97532599,76.14273941,19.75575498,10.66847496,3.98619082,3.30709676,3.23843866,0.86794654,0.69970401
853.37012907,727.75537508,460.86214241,337.70737270,180.97532599,76.14273941,19.75575498,10.66847496,3.98619082,3.30709676,3.23843866,0.86794654,0.69970401,877.47257922,758.64604475,460.66915243,321.22091326,174.59471169,79.08621746,21.85296621,11.28053609,3.55260216,2.98964312,3.30709676,1.07840008,0.86794654
877.47257922,758.64604475,460.66915243,321.22091326,174.59471169,79.08621746,21.85296621,11.28053609,3.55260216,2.98964312,3.30709676,1.07840008,0.86794654,870.73997593,780.07312293,480.22294632,321.08639924,166.07121215,76.29788901,22.69774441,12.47804371,3.75641852,2.66445162,2.98964312,1.10126322,1.07840008
870.73997593,780.07312293,480.22294632,321.08639924,166.07121215,76.29788901,22.69774441,12.47804371,3.75641852,2.66445162,2.98964312,1.10126322,1.07840008,850.53340037,774.08783861,493.78628681,334.71539359,166.00166841,72.57311971,21.89749414,12.96041206,4.15518855,2.81731389,2.66445162,0.99555116,1.10126322
850.53340037,774.08783861,493.78628681,334.71539359,166.00166841,72.57311971,21.89749414,12.96041206,4.15518855,2.81731389,2.66445162,0.99555116,1.10126322,843.94266388,756.12419293,489.99760184,344.16904191,173.04785849,72.54272909,20.82848536,12.50346916,4.31581722,3.11639142,2.81731389,0.88726239,0.99555116
843.94266388,756.12419293,489.99760184,344.16904191,173.04785849,72.54272909,20.82848536,12.50346916,4.31581722,3.11639142,2.81731389,0.88726239,0.99555116,856.31504358,750.26502819,478.62661412,341.52832848,177.93539467,75.62191416,20.81976325,11.89306514,4.16365523,3.23686291,3.11639142,0.93816553,0.88726239
1046.92521635,744.77939084,382.24088447,306.81816991,186.45105969,54.57295340,14.76923184,12.23905457,0.05906506,4.83543693,1.07361229,0.25899527,1.99173041,822.47924603,930.71651734,471.44535440,266.42189648,158.62499385,81.47911309,15.66243762,8.43323138,4.07560517,0.04429880,4.83543693,0.35751289,0.25899527
822.47924603,930.71651734,471.44535440,266.42189648,158.62499385,81.47911309,15.66243762,8.43323138,4.07560517,0.04429880,4.83543693,0.35751289,0.25899527,733.81497640,731.18404972,589.14355548,328.59741202,137.74012048,69.31912231,23.38450546,8.94325188,2.80826605,3.05670388,0.04429880,1.61020050,0.35751289
733.81497640,731.18404972,589.14355548,328.59741202,137.74012048,69.31912231,23.38450546,8.94325188,2.80826605,3.05670388,0.04429880,1.61020050,0.35751289,765.68663380,652.36151402,462.83950347,410.63305817,169.88486201,60.19243265,19.89458810,13.35255262,2.97810288,2.10619954,3.05670388,0.01475150,1.61020050
765.68663380,652.36151402,462.83950347,410.63305817,169.88486201,60.19243265,19.89458810,13.35255262,2.97810288,2.10619954,3.05670388,0.01475150,1.61020050,880.88152335,680.69541745,412.94483838,322.59913392,212.29729107,74.23968470,17.27522817,11.35980981,4.44640002,2.23357716,2.10619954,1.01788239,0.01475150
880.88152335,680.69541745,412.94483838,322.59913392,212.29729107,74.23968470,17.27522817,11.35980981,4.44640002,2.23357716,2.10619954,1.01788239,0.01475150,905.21099870,783.10367426,430.88019924,287.82255235,166.78375224,92.77391620,21.30678951,9.86415529,3.78281667,3.33480002,2.23357716,0.70136445,1.01788239
905.21099870,783.10367426,430.88019924,287.82255235,166.78375224,92.77391620,21.30678951,9.86415529,3.78281667,3.33480002,2.23357716,0.70136445,1.01788239,866.73067578,804.73257785,495.70462581,300.32349887,148.80425956,72.88449973,26.62611395,12.16617681,3.28476371,2.83711250,3.33480002,0.74378119,0.70136445
866.73067578,804.73257785,495.70462581,300.32349887,148.80425956,72.88449973,26.62611395,12.16617681,3.28476371,2.83711250,3.33480002,0.74378119,0.70136445,815.88112442,770.52357077,509.39572178,345.50612419,155.26724892,65.02746143,20.91785142,15.20351106,4.05133688,2.46357278,2.83711250,1.11048841,0.74378119
815.88112442,770.52357077,509.39572178,345.50612419,155.26724892,65.02746143,20.91785142,15.20351106,4.05133688,2.46357278,2.83711250,1.11048841,0.74378119,822.46616881,725.31831961,487.74142030,355.04881808,178.62666620,67.85178778,18.66288143,11.94409316,5.06276918,3.03850266,2.46357278,0.94475846,1.11048841
822.46616881,725.31831961,487.74142030,355.04881808,178.62666620,67.85178778,18.66288143,11.94409316,5.06276918,3.03850266,2.46357278,0.94475846,1.11048841,862.15198589,731.17242408,459.12649631,339.95576995,183.56023895,78.05985313,19.47346309,10.65650530,3.97738302,3.79707689,3.03850266,0.82036974,0.94475846
862.15198589,731.17242408,459.12649631,339.95576995,183.56023895,78.05985313,19.47346309,10.65650530,3.97738302,3.79707689,3.03850266,0.82036974,0.94475846,885.75637904,766.45311546,462.83214444,320.01116793,175.75713306,80.21582442,22.40317785,11.11934743,3.54861626,2.98303727,3.79707689,1.01182139,0.82036974
885.75637904,766.45311546,462.83214444,320.01116793,175.75713306,80.21582442,22.40317785,11.11934743,3.54861626,2.98303727,3.79707689,1.01182139,0.82036974,873.26414680,787.43742097,485.16482208,322.59400467,165.44577382,76.80586715,23.02194161,12.79221455,3.70274269,2.66146220,2.98303727,1.26442660,1.01182139
873.26414680,787.43742097,485.16482208,322.59400467,165.44577382,76.80586715,23.02194161,12.79221455,3.70274269,2.66146220,2.98303727,1.26442660,1.01182139,849.32418170,776.33182651,498.44788747,338.15988099,166.78110042,72.29980316,22.04328387,13.14552866,4.25980745,2.77705702,2.66146220,0.99335141,1.26442660
849.32418170,776.33182651,498.44788747,338.15988099,166.78110042,72.29980316,22.04328387,13.14552866,4.25980745,2.77705702,2.66146220,0.99335141,1.26442660,845.83513227,755.04919753,491.41804618,347.41817757,174.82865847,72.88334088,20.75004351,12.58671509,4.37746104,3.19485558,2.77705702,0.88626691,0.99335141
845.83513227,755.04919753,491.41804618,347.41817757,174.82865847,72.88334088,20.75004351,12.58671509,4.37746104,3.19485558,2.77705702,0.88626691,0.99335141,859.38063307,751.94743259,477.94614204,342.51837819,179.61519780,76.40012375,20.91751883,11.84827484,4.19137613,3.28309578,3.19485558,0.92475999,0.88626691
859.38063307,751.94743259,477.94614204,342.51837819,179.61519780,76.40012375,20.91751883,11.84827484,4.19137613,3.28309578,3.19485558,0.92475999,0.88626691,873.50262441,763.98938280,475.98272483,333.12846100,177.08200152,78.49184144,21.92683552,11.94390325,3.94547552,3.14353209,3.28309578,1.06388691,0.92475999
873.50262441,763.98938280,475.98272483,333.12846100,177.08200152,78.49184144,21.92683552,11.94390325,3.94547552,3.14353209,3.28309578,1.06388691,0.92475999,872.93496954,776.54383310,483.60527931,331.75995921,172.22741434,77.38483467,22.52715849,12.52022308,3.97731978,2.95910664,3.14353209,1.09327090,1.06388691
872.93496954,776.54383310,483.60527931,331.75995921,172.22741434,77.38483467,22.52715849,12.52022308,3.97731978,2.95910664,3.14353209,1.09327090,1.06388691,863.22035348,776.03918792,491.55224635,337.07287968,171.51989891,75.26338007,22.20944755,12.86300750,4.16923429,2.98298984,2.95910664,1.04679619,1.09327090
863.22035348,776.03918792,491.55224635,337.07287968,171.51989891,75.26338007,22.20944755,12.86300750,4.16923429,2.98298984,2.95910664,1.04679619,1.09327090,857.66714933,767.40289425,491.23280595,342.61191571,174.26667880,74.95419582,21.60059008,12.68159455,4.28338150,3.12692571,2.98298984,0.98538251,1.04679619
857.66714933,767.40289425,491.23280595,342.61191571,174.26667880,74.95419582,21.60059008,12.68159455,4.28338150,3.12692571,2.98298984,0.98538251,1.04679619,861.92615498,762.46609576,485.76603206,342.38926575,177.13036042,76.15453863,21.51185420,12.33393693,4.22297099,3.21253612,3.12692571,0.99333562,0.98538251
861.92615498,762.46609576,485.76603206,342.38926575,177.13036042,76.15453863,21.51185420,12.33393693,4.22297099,3.21253612,3.12692571,0.99333562,0.98538251,869.02080921,766.25235177,482.64103862,338.57892434,177.01525039,77.40596750,21.85635259,12.28326875,4.10720100,3.16722824,3.21253612,1.04126626,0.99333562
170.23197822,228.80824734,335.29309742,257.67572686,39.90015775,82.16841269,23.99807839,7.85645027,5.31579281,0.32131861,2.61564659,1.71324206,0.13099403,835.93169488,151.33622864,144.83562057,233.69928890,133.21835079,17.43636894,23.58233444,13.70290276,2.61619794,3.98684461,0.32131861,0.87101031,1.71324206
835.93169488,151.33622864,144.83562057,233.69928890,133.21835079,17.43636894,23.58233444,13.70290276,2.61619794,3.98684461,0.32131861,0.87101031,1.71324206,586.08717544,743.14327675,95.79583273,100.95042754,120.82253236,58.21641929,5.00423788,13.46551297,4.56306662,1.96214845,3.98684461,0.10699910,0.87101031
586.08717544,743.14327675,95.79583273,100.95042754,120.82253236,58.21641929,5.00423788,13.46551297,4.56306662,1.96214845,3.98684461,0.10699910,0.87101031,707.64170061,521.03149896,470.40969418,66.76969541,52.19137104,52.79944664,16.70811234,2.85741983,4.48401582,3.42229996,1.96214845,1.32761926,0.10699910
707.64170061,521.03149896,470.40969418,66.76969541,52.19137104,52.79944664,16.70811234,2.85741983,4.48401582,3.42229996,1.96214845,1.32761926,0.10699910,609.32070284,629.09347184,329.81293884,327.87555685,34.51993253,22.80762914,15.15344119,9.54033214,0.95152080,3.36301186,3.42229996,0.65339544,1.32761926
609.32070284,629.09347184,329.81293884,327.87555685,34.51993253,22.80762914,15.15344119,9.54033214,0.95152080,3.36301186,3.42229996,0.65339544,1.32761926,651.87941863,541.68610482,398.21616767,229.87961837,169.51166289,15.08521051,6.54578956,8.65261492,3.17693060,0.71364060,3.36301186,1.13962589,0.65339544
651.87941863,541.68610482,398.21616767,229.87961837,169.51166289,15.08521051,6.54578956,8.65261492,3.17693060,0.71364060,3.36301186,1.13962589,0.65339544,729.67416709,579.52080316,342.88730435,277.55666887,118.84776270,74.07659668,4.32945542,3.73764584,2.88132077,2.38269795,0.71364060,1.11988295,1.13962589
729.67416709,579.52080316,342.88730435,277.55666887,118.84776270,74.07659668,4.32945542,3.73764584,2.88132077,2.38269795,0.71364060,1.11988295,1.13962589,782.62449214,648.68033454,366.83666840,238.99245113,143.49679781,51.93647230,21.25998325,2.47211904,1.24463607,2.16099058,2.38269795,0.23764232,1.11988295
782.62449214,648.68033454,366.83666840,238.99245113,143.49679781,51.93647230,21.25998325,2.47211904,1.24463607,2.16099058,2.38269795,0.23764232,1.11988295,762.82787145,695.75317351,410.61465176,255.68515788,123.55909724,62.70810064,14.90576755,12.13945043,0.82321564,0.93347705,2.16099058,0.79343842,0.23764232
762.82787145,695.75317351,410.61465176,255.68515788,123.55909724,62.70810064,14.90576755,12.13945043,0.82321564,0.93347705,2.16099058,0.79343842,0.23764232,746.64476857,678.15397772,440.41175883,286.19841228,132.18922662,53.99532549,17.99722488,8.51119327,4.04243699,0.61741173,0.93347705,0.71960986,0.79343842
746.64476857,678.15397772,440.41175883,286.19841228,132.18922662,53.99532549,17.99722488,8.51119327,4.04243699,0.61741173,0.93347705,0.71960986,0.79343842,751.24722830,663.76719926,429.27146790,306.96699591,147.96457915,57.76669203,15.49665842,10.27641541,2.83422736,3.03182775,0.61741173,0.31084786,0.71960986
751.24722830,663.76719926,429.27146790,306.96699591,147.96457915,57.76669203,15.49665842,10.27641541,2.83422736,3.03182775,0.61741173,0.31084786,0.71960986,790.00280858,667.85878596,420.16463713,299.20221312,158.70193688,64.66052109,16.57904061,8.84859196,3.42204633,2.12567052,3.03182775,0.20559811,0.31084786
790.00280858,667.85878596,420.16463713,299.20221312,158.70193688,64.66052109,16.57904061,8.84859196,3.42204633,2.12567052,3.03182775,0.20559811,0.31084786,823.14948003,702.31249682,422.75461151,292.85475208,154.68754419,69.35274642,18.55756955,9.46663219,2.94658112,2.56653475,2.12567052,1.00959864,0.20559811
823.14948003,702.31249682,422.75461151,292.85475208,154.68754419,69.35274642,18.55756955,9.46663219,2.94658112,2.56653475,2.12567052,1.00959864,0.20559811,820.89988837,731.77988774,444.56381049,294.65996422,151.40590683,67.59845681,19.90423822,10.59637221,3.15238852,2.20993584,2.56653475,0.70784828,1.00959864
820.89988837,731.77988774,444.56381049,294.65996422,151.40590683,67.59845681,19.90423822,10.59637221,3.15238852,2.20993584,2.56653475,0.70784828,1.00959864,816.49395379,729.78000076,463.21666894,309.86097591,152.33920150,66.16438128,19.40075710,11.36532002,3.52859195,2.36429139,2.20993584,0.85465607,0.70784828
816.49395379,729.78000076,463.21666894,309.86097591,152.33920150,66.16438128,19.40075710,11.36532002,3.52859195,2.36429139,2.20993584,0.85465607,0.70784828,812.61609153,725.86312492,461.95074048,322.86201825,160.19812455,66.57223106,18.98917743,11.07783231,3.78465157,2.64644396,2.36429139,0.73590864,0.85465607
812.61609153,725.86312492,461.95074048,322.86201825,160.19812455,66.57223106,18.98917743,11.07783231,3.78465157,2.64644396,2.36429139,0.73590864,0.85465607,827.52629188,722.41570537,459.47135808,321.97966611,166.91966344,70.00658043,19.10623031,10.84282031,3.68891816,2.83848868,2.64644396,0.78730903,0.73590864
827.52629188,722.41570537,459.47135808,321.97966611,166.91966344,70.00658043,19.10623031,10.84282031,3.68891816,2.83848868,2.64644396,0.78730903,0.73590864,843.35579274,735.67087348,457.28914150,320.25153658,166.46348738,72.94389292,20.09188858,10.90965751,3.61065916,2.76668862,2.83848868,0.88126584,0.78730903
843.35579274,735.67087348,457.28914150,320.25153658,166.46348738,72.94389292,20.09188858,10.90965751,3.61065916,2.76668862,2.83848868,0.88126584,0.78730903,848.64279851,749.74329975,465.67966291,318.73053163,165.57004441,72.74454399,20.93489727,11.47246838,3.63291595,2.70799437,2.76668862,0.94521673,0.88126584
848.64279851,749.74329975,465.67966291,318.73053163,165.57004441,72.74454399,20.93489727,11.47246838,3.63291595,2.70799437,2.76668862,0.94521673,0.88126584,844.71037727,754.44344788,474.58750874,324.57872505,164.78368485,72.35410941,20.87768412,11.95382634,3.82033197,2.72468696,2.70799437,0.92130731,0.94521673
844.71037727,754.44344788,474.58750874,324.57872505,164.78368485,72.35410941,20.87768412,11.95382634,3.82033197,2.72468696,2.70799437,0.92130731,0.94521673,842.83820280,750.94752540,477.56270251,330.78749359,167.80720085,72.01047028,20.76562940,11.92115763,3.98062417,2.86524898,2.72468696,0.90176213,0.92130731
44.25244350,581.06102115,178.16262832,150.18179800,24.64366461,99.55159988,11.70511590,14.97786971,1.46175567,2.94260981,0.44598196,1.88150061,1.62682367,749.73977937,39.34042227,367.81162639,124.17935194,77.64398957,10.76928144,28.57130917,6.68362118,4.98763061,1.09631675,2.94260981,0.14851199,1.88150061
749.73977937,39.34042227,367.81162639,124.17935194,77.64398957,10.76928144,28.57130917,6.68362118,4.98763061,1.09631675,2.94260981,0.14851199,1.88150061,417.52539312,666.51866386,24.90248730,256.36470359,64.20072495,33.93042344,3.09078377,16.31421753,2.22564585,3.74072296,1.09631675,0.97988907,0.14851199
417.52539312,666.51866386,24.90248730,256.36470359,64.20072495,33.93042344,3.09078377,16.31421753,2.22564585,3.74072296,1.09631675,0.97988907,0.14851199,616.70448872,371.18007449,421.90631422,17.35703365,132.54055176,28.05571680,9.73803153,1.76483753,5.43263444,1.66923439,3.74072296,0.36507348,0.97988907
616.70448872,371.18007449,421.90631422,17.35703365,132.54055176,28.05571680,9.73803153,1.76483753,5.43263444,1.66923439,3.74072296,0.36507348,0.97988907,591.43665864,548.25029048,234.95698715,294.06870101,8.97358640,57.92022112,8.05199072,5.56041600,0.58769090,4.07447583,1.66923439,1.24566075,0.36507348
591.43665864,548.25029048,234.95698715,294.06870101,8.97358640,57.92022112,8.05199072,5.56041600,0.58769090,4.07447583,1.66923439,1.24566075,0.36507348,633.47161771,525.78718953,347.04243387,163.76502004,152.03351842,3.92145725,16.62310346,4.59768670,1.85161853,0.44076817,4.07447583,0.55585505,1.24566075
633.47161771,525.78718953,347.04243387,163.76502004,152.03351842,3.92145725,16.62310346,4.59768670,1.85161853,0.44076817,4.07447583,0.55585505,1.24566075,666.29349300,563.15626815,332.82329097,241.88857641,84.66651536,66.43864755,1.12545823,9.49179208,1.53102967,1.38871390,0.44076817,1.35680045,0.55585505
666.29349300,563.15626815,332.82329097,241.88857641,84.66651536,66.43864755,1.12545823,9.49179208,1.53102967,1.38871390,0.44076817,1.35680045,0.55585505,702.01758671,592.33491528,356.47791774,231.97783381,125.05639400,36.99926721,19.06789185,0.64263665,3.16076676,1.14827225,1.38871390,0.14677580,1.35680045
702.01758671,592.33491528,356.47791774,231.97783381,125.05639400,36.99926721,19.06789185,0.64263665,3.16076676,1.14827225,1.38871390,0.14677580,1.35680045,702.19984369,624.09363458,374.94800137,248.46510866,119.93254008,54.64964418,10.61878969,10.88776624,0.21399800,2.37057507,1.14827225,0.46244173,0.14677580
702.19984369,624.09363458,374.94800137,248.46510866,119.93254008,54.64964418,10.61878969,10.88776624,0.21399800,2.37057507,1.14827225,0.46244173,0.14677580,726.19062640,624.25566104,395.05127069,261.33875696,128.45646118,52.41052001,15.68444788,6.06332891,3.62562616,0.16049850,2.37057507,0.38237466,0.46244173
726.19062640,624.25566104,395.05127069,261.33875696,128.45646118,52.41052001,15.68444788,6.06332891,3.62562616,0.16049850,2.37057507,0.38237466,0.46244173,746.47581888,645.58346687,395.15383344,275.35073567,135.11213735,56.13547353,15.04181924,8.95581974,2.01908853,2.71921962,0.16049850,0.78940150,0.38237466
746.47581888,645.58346687,395.15383344,275.35073567,135.11213735,56.13547353,15.04181924,8.95581974,2.01908853,2.71921962,0.16049850,0.78940150,0.38237466,761.41177173,663.61700298,408.65433453,275.42222191,142.35633034,59.04400402,16.11088090,8.58887879,2.98228797,1.51431640,2.71921962,0.05344600,0.78940150
761.41177173,663.61700298,408.65433453,275.42222191,142.35633034,59.04400402,16.11088090,8.58887879,2.98228797,1.51431640,2.71921962,0.05344600,0.78940150,786.72804314,676.89506506,420.06956289,284.83207117,142.39328873,62.20971636,16.94562915,9.19931300,2.86009664,2.23671598,1.51431640,0.90550013,0.05344600
786.72804314,676.89506506,420.06956289,284.83207117,142.39328873,62.20971636,16.94562915,9.19931300,2.86009664,2.23671598,1.51431640,0.90550013,0.05344600,785.46299441,699.40123035,428.47457619,292.78848533,147.25818079,62.22586717,17.85418860,9.67595425,3.06337123,2.14507248,2.23671598,0.50426736,0.90550013
785.46299441,699.40123035,428.47457619,292.78848533,147.25818079,62.22586717,17.85418860,9.67595425,3.06337123,2.14507248,2.23671598,0.50426736,0.90550013,801.03336222,698.27660203,442.72097881,298.64677960,151.37164692,64.35182501,17.85882388,10.19474169,3.22209276,2.29752842,2.14507248,0.74482642,0.50426736
801.03336222,698.27660203,442.72097881,298.64677960,151.37164692,64.35182501,17.85882388,10.19474169,3.22209276,2.29752842,2.14507248,0.74482642,0.50426736,807.82364688,712.11865901,442.00908909,308.57652223,154.40038505,66.14940970,18.46897378,10.19738843,3.39484898,2.41656957,2.29752842,0.71430913,0.74482642
807.82364688,712.11865901,442.00908909,308.57652223,154.40038505,66.14940970,18.46897378,10.19738843,3.39484898,2.41656957,2.29752842,0.71430913,0.74482642,818.57675726,718.15522207,450.77111115,308.08033509,159.53406199,67.47296827,18.98488058,10.54578403,3.39573035,2.54613674,2.41656957,0.76507696,0.71430913
818.57675726,718.15522207,450.77111115,308.08033509,159.53406199,67.47296827,18.98488058,10.54578403,3.39573035,2.54613674,2.41656957,0.76507696,0.71430913,826.00751292,727.71473721,454.59225557,314.18746447,159.27753324,69.71638509,19.36474189,10.84036681,3.51174608,2.54679776,2.54613674,0.80471767,0.76507696
826.00751292,727.71473721,454.59225557,314.18746447,159.27753324,69.71638509,19.36474189,10.84036681,3.51174608,2.54679776,2.54613674,0.80471767,0.76507696,831.38605139,734.32067899,460.64342865,316.85080213,162.43491913,69.60428203,20.00860252,11.05726762,3.60984215,2.63380956,2.54679776,0.84786353,0.80471767
831.38605139,734.32067899,460.64342865,316.85080213,162.43491913,69.60428203,20.00860252,11.05726762,3.60984215,2.63380956,2.54679776,0.84786353,0.80471767,834.86254804,739.10219969,464.82498980,321.06846977,163.81186470,70.98405966,19.97642894,11.42491204,3.68207012,2.70738161,2.63380956,0.84808365,0.84786353
834.86254804,739.10219969,464.82498980,321.06846977,163.81186470,70.98405966,19.97642894,11.42491204,3.68207012,2.70738161,2.63380956,0.84808365,0.84786353,839.81165962,742.19280521,467.85169240,323.98301789,165.99239887,71.58578488,20.37242512,11.40654093,3.80449571,2.76155259,2.70738161,0.87705858,0.84808365
1173.58228900,101.02956682,600.16227979,325.44487253,137.38083727,7.16034774,20.52319286,5.59068792,6.70545250,2.21267691,3.23778738,0.08374867,0.48482301,881.48712068,1043.31465492,63.95171579,418.31310902,168.25499910,60.03542589,2.05501980,11.71874313,1.86169908,5.02908938,2.21267691,1.07818320,0.08374867
881.48712068,1043.31465492,63.95171579,418.31310902,168.25499910,60.03542589,2.05501980,11.71874313,1.86169908,5.02908938,2.21267691,1.07818320,0.08374867,756.42622366,783.64205028,660.41817656,44.57434591,216.26787736,73.52743461,17.23016723,1.17341631,3.90234146,1.39627431,5.02908938,0.73682141,1.07818320
756.42622366,783.64205028,660.41817656,44.57434591,216.26787736,73.52743461,17.23016723,1.17341631,3.90234146,1.39627431,5.02908938,0.73682141,1.07818320,741.08534373,672.46291283,496.04541783,460.31146906,23.04493683,94.50906241,21.10237373,9.83842549,0.39074763,2.92675610,1.39627431,1.67468676,0.73682141
741.08534373,672.46291283,496.04541783,460.31146906,23.04493683,94.50906241,21.10237373,9.83842549,0.39074763,2.92675610,1.39627431,1.67468676,0.73682141,784.62491226,658.82487057,425.66902382,345.74365623,237.98102951,10.07063740,27.12410091,12.04945540,3.27619569,0.29306072,2.92675610,0.46495934,1.67468676
784.62491226,658.82487057,425.66902382,345.74365623,237.98102951,10.07063740,27.12410091,12.04945540,3.27619569,0.29306072,2.92675610,0.46495934,1.67468676,850.54670642,697.53154700,417.03614307,296.69130961,178.74947027,103.99770989,2.89027293,15.48786162,4.01246865,2.45714677,0.29306072,0.97460978,0.46495934
850.54670642,697.53154700,417.03614307,296.69130961,178.74947027,103.99770989,2.89027293,15.48786162,4.01246865,2.45714677,0.29306072,0.97460978,0.46495934,883.74055372,756.13602201,441.53746925,290.67419172,153.38940707,78.11351851,29.84734274,1.65034584,5.15745792,3.00935149,2.45714677,0.09758922,0.97460978
883.74055372,756.13602201,441.53746925,290.67419172,153.38940707,78.11351851,29.84734274,1.65034584,5.15745792,3.00935149,2.45714677,0.09758922,0.97460978,828.36727969,785.64535226,478.63410193,307.75161607,150.27855712,67.03117089,22.41857981,17.04283270,0.54956517,3.86809344,3.00935149,0.81822987,0.09758922
828.36727969,785.64535226,478.63410193,307.75161607,150.27855712,67.03117089,22.41857981,17.04283270,0.54956517,3.86809344,3.00935149,0.81822987,0.09758922,809.82892261,736.41851165,497.31350798,333.60796905,159.10758551,65.67172946,19.23794604,12.80100907,5.67526329,0.41217387,3.86809344,1.00211404,0.81822987
809.82892261,736.41851165,497.31350798,333.60796905,159.10758551,65.67172946,19.23794604,12.80100907,5.67526329,0.41217387,3.86809344,1.00211404,0.81822987,831.39743036,719.93791220,466.15291787,346.62751506,172.47532000,69.53001487,18.84778636,10.98486719,4.26273602,4.25644747,0.41217387,1.28807512,1.00211404
831.39743036,719.93791220,466.15291787,346.62751506,172.47532000,69.53001487,18.84778636,10.98486719,4.26273602,4.25644747,0.41217387,1.28807512,1.00211404,852.19608619,739.11231559,455.72069842,324.90858376,179.20642529,75.37171484,19.95511427,10.76208601,3.65796077,3.19705202,4.25644747,0.13725390,1.28807512
852.19608619,739.11231559,455.72069842,324.90858376,179.20642529,75.37171484,19.95511427,10.76208601,3.65796077,3.19705202,4.25644747,0.13725390,1.28807512,876.72523905,757.60232063,467.85809577,317.63732680,167.97773780,78.31320785,21.63168216,11.39437025,3.58377464,2.74347058,3.19705202,1.41739701,0.13725390
876.72523905,757.60232063,467.85809577,317.63732680,167.97773780,78.31320785,21.63168216,11.39437025,3.58377464,2.74347058,3.19705202,1.41739701,0.13725390,853.31259182,779.40873752,479.56226896,326.09709275,164.21849796,73.40627142,22.47589065,12.35169051,3.79432529,2.68783098,2.74347058,1.06461832,1.41739701
853.31259182,779.40873752,479.56226896,326.09709275,164.21849796,73.40627142,22.47589065,12.35169051,3.79432529,2.68783098,2.74347058,1.06461832,1.41739701,846.28119779,758.59489413,493.36573085,334.25490146,168.59219695,71.76348361,21.06759990,12.83373356,4.11311294,2.84574397,2.68783098,0.91357570,1.06461832
846.28119779,758.59489413,493.36573085,334.25490146,168.59219695,71.76348361,21.06759990,12.83373356,4.11311294,2.84574397,2.68783098,0.91357570,1.06461832,847.22581593,752.34398483,480.19056798,343.87591440,172.80978406,73.67479007,20.59611980,12.02959954,4.27363328,3.08483471,2.84574397,0.89504772,0.91357570
847.22581593,752.34398483,480.19056798,343.87591440,172.80978406,73.67479007,20.59611980,12.02959954,4.27363328,3.08483471,2.84574397,0.89504772,0.91357570,858.67017573,753.18375036,476.23374240,334.69282588,177.78384775,75.51787563,21.14466475,11.76038440,4.00585665,3.20522496,3.08483471,0.94763274,0.89504772
858.67017573,753.18375036,476.23374240,334.69282588,177.78384775,75.51787563,21.14466475,11.76038440,4.00585665,3.20522496,3.08483471,0.94763274,0.89504772,867.61521769,763.35778622,476.76531398,331.93491845,173.03619098,77.69154146,21.67363031,12.07360357,3.91620801,3.00439249,3.20522496,1.02724996,0.94763274
867.61521769,763.35778622,476.76531398,331.93491845,173.03619098,77.69154146,21.67363031,12.07360357,3.91620801,3.00439249,3.20522496,1.02724996,0.94763274,866.22069112,771.30992852,483.20547868,332.30542384,171.61035284,75.61681546,22.29747240,12.37564291,4.02050999,2.93715600,3.00439249,1.06733991,1.02724996
866.22069112,771.30992852,483.20547868,332.30542384,171.61035284,75.61681546,22.29747240,12.37564291,4.02050999,2.93715600,3.00439249,1.06733991,1.02724996,859.01154593,770.07019440,488.23918476,336.79421864,171.80190413,74.99372419,21.70202604,12.73185674,4.12108909,3.01538249,2.93715600,1.00046270,1.06733991
859.01154593,770.07019440,488.23918476,336.79421864,171.80190413,74.99372419,21.70202604,12.73185674,4.12108909,3.01538249,2.93715600,1.00046270,1.06733991,857.89179774,763.66126433,487.45443306,340.30271177,174.12261104,75.07743210,21.52319884,12.39185687,4.23970829,3.09081682,3.01538249,0.97807295,1.00046270
857.89179774,763.66126433,487.45443306,340.30271177,174.12261104,75.07743210,21.52319884,12.39185687,4.23970829,3.09081682,3.01538249,0.97807295,1.00046270,862.16059067,762.66580819,483.39758032,339.75573984,175.93650199,76.09158102,21.54722301,12.28974654,4.12648834,3.17978122,3.09081682,1.00412237,0.97807295
804.52242373,931.43145312,279.26958399,18.50667529,210.85153989,43.33245311,4.97521404,0.64215969,3.64678443,1.03583682,4.60176520,0.69416844,1.41591067,634.31587363,715.22043469,589.59610982,194.65090004,9.56795112,92.14212293,12.43641404,2.84084722,0.21383918,2.73508832,1.03583682,1.53238781,0.69416844
634.31587363,715.22043469,589.59610982,194.65090004,9.56795112,92.14212293,12.43641404,2.84084722,0.21383918,2.73508832,1.03583682,1.53238781,0.69416844,601.23239751,563.90681165,452.73453516,410.94848855,100.63451532,4.18119464,26.44478928,7.10119242,0.94600212,0.16037938,2.73508832,0.34493366,1.53238781
601.23239751,563.90681165,452.73453516,410.94848855,100.63451532,4.18119464,26.44478928,7.10119242,0.94600212,0.16037938,2.73508832,0.34493366,1.53238781,709.90435349,534.49560138,356.95301178,315.55597101,212.46036858,43.97728320,1.20000286,15.09997468,2.36469708,0.70950159,0.16037938,0.91078441,0.34493366
709.90435349,534.49560138,356.95301178,315.55597101,212.46036858,43.97728320,1.20000286,15.09997468,2.36469708,0.70950159,0.16037938,0.91078441,0.34493366,848.91633478,631.10497025,338.33571568,248.79624921,163.14243701,92.84518107,12.62148028,0.68520163,5.02829157,1.77352281,0.70950159,0.05340633,0.91078441
848.91633478,631.10497025,338.33571568,248.79624921,163.14243701,92.84518107,12.62148028,0.68520163,5.02829157,1.77352281,0.70950159,0.05340633,0.91078441,851.59847479,754.68662162,399.48944617,235.81999383,128.62766084,71.29324497,26.64656697,7.20686524,0.22817214,3.77121868,1.77352281,0.23626403,0.05340633
851.59847479,754.68662162,399.48944617,235.81999383,128.62766084,71.29324497,26.64656697,7.20686524,0.22817214,3.77121868,1.77352281,0.23626403,0.05340633,764.73754199,757.07104409,477.71663148,278.44414398,121.91893681,56.21028779,20.46116131,15.21518974,2.39988612,0.17112911,3.77121868,0.59058309,0.23626403
764.73754199,757.07104409,477.71663148,278.44414398,121.91893681,56.21028779,20.46116131,15.21518974,2.39988612,0.17112911,3.77121868,0.59058309,0.23626403,747.45817725,679.85167483,479.22597091,332.96849214,143.95562244,53.27857539,16.13235260,11.68332311,5.06665818,1.79991459,0.17112911,1.25581582,0.59058309
747.45817725,679.85167483,479.22597091,332.96849214,143.95562244,53.27857539,16.13235260,11.68332311,5.06665818,1.79991459,0.17112911,1.25581582,0.59058309,781.62803563,664.49031958,430.34611017,334.02050172,172.14471044,62.90860701,15.29095114,9.21157333,3.89054659,3.79999364,1.79991459,0.05698599,1.25581582
781.62803563,664.49031958,430.34611017,334.02050172,172.14471044,62.90860701,15.29095114,9.21157333,3.89054659,3.79999364,1.79991459,0.05698599,1.25581582,850.58855733,694.86732367,420.62237229,299.95123879,172.68859939,75.22723846,18.05477021,8.73113310,3.06745392,2.91790995,3.79999364,0.59937156,0.05698599
850.58855733,694.86732367,420.62237229,299.95123879,172.68859939,75.22723846,18.05477021,8.73113310,3.06745392,2.91790995,3.79999364,0.59937156,0.05698599,861.47391142,756.17322746,439.85101588,293.17379349,155.07479045,75.46491793,21.59021744,10.30927379,2.90746732,2.30059044,2.91790995,1.26539788,0.59937156
861.47391142,756.17322746,439.85101588,293.17379349,155.07479045,75.46491793,21.59021744,10.30927379,2.90746732,2.30059044,2.91790995,1.26539788,0.59937156,832.22729996,765.85030726,478.65765298,306.57615807,151.57085123,67.76768343,21.65843145,12.32801416,3.43298817,2.18060049,2.30059044,0.97166401,1.26539788
832.22729996,765.85030726,478.65765298,306.57615807,151.57085123,67.76768343,21.65843145,12.32801416,3.43298817,2.18060049,2.30059044,0.97166401,1.26539788,813.92185744,739.85006967,484.78324449,333.62438413,158.49987372,66.23646199,19.44932514,12.36696436,4.10522871,2.57474113,2.18060049,0.76609662,0.97166401
813.92185744,739.85006967,484.78324449,333.62438413,158.49987372,66.23646199,19.44932514,12.36696436,4.10522871,2.57474113,2.18060049,0.76609662,0.97166401,823.57477449,723.57653126,468.32509410,337.89392141,172.48380660,69.26444482,19.00986459,11.10556466,4.11819913,3.07892154,2.57474113,0.72613996,0.76609662
823.57477449,723.57653126,468.32509410,337.89392141,172.48380660,69.26444482,19.00986459,11.10556466,4.11819913,3.07892154,2.57474113,0.72613996,0.76609662,850.10033469,732.15797452,458.02394429,326.42259059,174.69115737,75.37542348,19.87889566,10.85463268,3.69815303,3.08864935,3.07892154,0.85738880,0.72613996
850.10033469,732.15797452,458.02394429,326.42259059,174.69115737,75.37542348,19.87889566,10.85463268,3.69815303,3.08864935,3.07892154,0.85738880,0.72613996,865.12067127,755.73919754,463.45599787,319.24268917,168.76047933,76.34003577,21.63274654,11.35084942,3.61459268,2.77361477,3.08864935,1.02528087,0.85738880
865.12067127,755.73919754,463.45599787,319.24268917,168.76047933,76.34003577,21.63274654,11.35084942,3.61459268,2.77361477,3.08864935,1.02528087,0.85738880,857.19467300,769.09227676,478.38291204,323.02883052,165.04847030,73.74832947,21.90959027,12.35229827,3.77983286,2.71094451,2.77361477,1.02852023,1.02528087
857.19467300,769.09227676,478.38291204,323.02883052,165.04847030,73.74832947,21.90959027,12.35229827,3.77983286,2.71094451,2.77361477,1.02852023,1.02528087,845.03589803,762.04606430,486.83541119,333.43288969,167.00590538,72.12618152,21.16577056,12.51037604,4.11331533,2.83487464,2.71094451,0.92361372,1.02852023
845.03589803,762.04606430,486.83541119,333.43288969,167.00590538,72.12618152,21.16577056,12.51037604,4.11331533,2.83487464,2.71094451,0.92361372,1.02852023,845.51461288,751.23691335,482.37515870,339.32428160,172.38480397,72.98158065,20.70021410,12.08565499,4.16595522,3.08498649,2.83487464,0.90274452,0.92361372
845.51461288,751.23691335,482.37515870,339.32428160,172.38480397,72.98158065,20.70021410,12.08565499,4.16595522,3.08498649,2.83487464,0.90274452,0.92361372,856.45039331,751.66249085,475.53296615,336.21548561,175.43065359,75.33215934,20.94571365,11.81982225,4.02452311,3.12446642,3.08498649,0.94401326,0.90274452
856.45039331,751.66249085,475.53296615,336.21548561,175.43065359,75.33215934,20.94571365,11.81982225,4.02452311,3.12446642,3.08498649,0.94401326,0.90274452,865.79070816,761.38439965,475.80235671,331.44647741,173.82340606,76.66319562,21.62032973,11.96000249,3.93600081,3.01839233,3.12446642,1.02730050,0.94401326
577.67569544,397.49415577,513.70376162,456.61862958,87.50376496,63.44192024,31.70299403,18.75024995,1.88856111,4.11929727,1.72969855,1.27123346,0.71123930,988.70399708,513.55369324,251.61380060,358.05152185,236.07183149,38.23914529,18.20783111,18.10240959,6.24383323,1.41642083,4.11929727,0.57598962,1.27123346
988.70399708,513.55369324,251.61380060,358.05152185,236.07183149,38.23914529,18.20783111,18.10240959,6.24383323,1.41642083,4.11929727,0.57598962,1.27123346,1067.34250394,878.95785340,325.07948782,175.37481902,185.11263680,103.16339036,10.97463470,10.39667156,6.02810239,4.68287492,1.41642083,1.37172599,0.57598962
1067.34250394,878.95785340,325.07948782,175.37481902,185.11263680,103.16339036,10.97463470,10.39667156,6.02810239,4.68287492,1.41642083,1.37172599,0.57598962,859.73708081,948.86748601,556.38032121,226.58040301,90.66878143,80.89422228,29.60789303,6.26651641,3.46209163,4.52107680,4.68287492,0.47166814,1.37172599
859.73708081,948.86748601,556.38032121,226.58040301,90.66878143,80.89422228,29.60789303,6.26651641,3.46209163,4.52107680,4.68287492,0.47166814,1.37172599,717.25372355,764.30626484,600.63311864,387.79708388,117.14206836,39.62225749,23.21664179,16.90610692,2.08674997,2.59656872,4.52107680,1.55939735,0.47166814
717.25372355,764.30626484,600.63311864,387.79708388,117.14206836,39.62225749,23.21664179,16.90610692,2.08674997,2.59656872,4.52107680,1.55939735,0.47166814,755.10202501,637.63856024,483.80586564,418.64128369,200.49109237,51.19108387,11.37158790,13.25670246,5.62973361,1.56506247,2.59656872,1.50551857,1.55939735
755.10202501,637.63856024,483.80586564,418.64128369,200.49109237,51.19108387,11.37158790,13.25670246,5.62973361,1.56506247,2.59656872,1.50551857,1.55939735,888.93477065,671.28570024,403.62520863,337.21268835,216.43754367,87.61460736,14.69184107,6.49317669,4.41448192,4.22230020,1.56506247,0.86465738,1.50551857
888.93477065,671.28570024,403.62520863,337.21268835,216.43754367,87.61460736,14.69184107,6.49317669,4.41448192,4.22230020,1.56506247,0.86465738,1.50551857,943.43037412,790.26301111,424.92384825,281.32677041,174.33895988,94.58320658,25.14539231,8.38904125,2.16222784,3.31086144,4.22230020,0.52116580,0.86465738
943.43037412,790.26301111,424.92384825,281.32677041,174.33895988,94.58320658,25.14539231,8.38904125,2.16222784,3.31086144,4.22230020,0.52116580,0.86465738,883.37423614,838.70960260,500.23648603,296.17192223,145.44594030,76.18612547,27.14538029,14.35801901,2.79355074,1.62167088,3.31086144,1.40602597,0.52116580
883.37423614,838.70960260,500.23648603,296.17192223,145.44594030,76.18612547,27.14538029,14.35801901,2.79355074,1.62167088,3.31086144,1.40602597,0.52116580,807.02433117,785.31969593,530.90317844,348.66483076,153.12088379,63.55987591,21.86541801,15.50001215,4.78122033,2.09516305,1.62167088,1.10251686,1.40602597
807.02433117,785.31969593,530.90317844,348.66483076,153.12088379,63.55987591,21.86541801,15.50001215,4.78122033,2.09516305,1.62167088,1.10251686,1.40602597,810.36778719,717.44463041,497.10736752,370.03951537,180.25971751,66.91382622,18.24168439,12.48515368,5.16150404,3.58591525,2.09516305,0.54001640,1.10251686
810.36778719,717.44463041,497.10736752,370.03951537,180.25971751,66.91382622,18.24168439,12.48515368,5.16150404,3.58591525,2.09516305,0.54001640,1.10251686,862.15284962,720.41696281,454.14245105,346.48383516,191.31042945,78.77349655,19.20426812,10.41600178,4.15755618,3.87112803,3.58591525,0.69768930,0.54001640
862.15284962,720.41696281,454.14245105,346.48383516,191.31042945,78.77349655,19.20426812,10.41600178,4.15755618,3.87112803,3.58591525,0.69768930,0.54001640,898.10300345,766.45388331,456.02393746,316.53728838,179.13214278,83.60265767,22.60799351,10.96563710,3.46852859,3.11816713,3.87112803,1.19410978,0.69768930
898.10300345,766.45388331,456.02393746,316.53728838,179.13214278,83.60265767,22.60799351,10.96563710,3.46852859,3.11816713,3.87112803,1.19410978,0.69768930,884.88246207,798.41357006,485.16530813,317.84868441,163.64977809,78.28074639,23.99396275,12.90916429,3.65155715,2.60139645,3.11816713,1.28908564,1.19410978
884.88246207,798.41357006,485.16530813,317.84868441,163.64977809,78.28074639,23.99396275,12.90916429,3.65155715,2.60139645,3.11816713,1.28908564,1.19410978,851.43909636,786.66050878,505.39578985,338.16021977,164.32776984,71.51495303,22.46657422,13.70055273,4.29875171,2.73866787,2.60139645,1.03834966,1.28908564
851.43909636,786.66050878,505.39578985,338.16021977,164.32776984,71.51495303,22.46657422,13.70055273,4.29875171,2.73866787,2.60139645,1.03834966,1.28908564,839.94153999,756.92935666,497.95610206,352.26086553,174.82883362,71.81123542,20.52479152,12.82841388,4.56228406,3.22406378,2.73866787,0.86626502,1.03834966
839.94153999,756.92935666,497.95610206,352.26086553,174.82883362,71.81123542,20.52479152,12.82841388,4.56228406,3.22406378,2.73866787,0.86626502,1.03834966,857.11765432,746.70802905,479.13628277,347.07540313,182.11886748,76.40020029,20.60982457,11.71965596,4.27186182,3.42171304,3.22406378,0.91197640,0.86626502
857.11765432,746.70802905,479.13628277,347.07540313,182.11886748,76.40020029,20.60982457,11.71965596,4.27186182,3.42171304,3.22406378,0.91197640,0.86626502,877.86847283,761.97759469,472.66618239,333.95798909,179.43798342,79.58594509,21.92685748,11.76820983,3.90264543,3.20389637,3.42171304,1.07361324,0.91197640
877.86847283,761.97759469,472.66618239,333.95798909,179.43798342,79.58594509,21.92685748,11.76820983,3.90264543,3.20389637,3.42171304,1.07361324,0.91197640,879.23183501,780.42507234,482.33181744,329.44832913,172.65628036,78.41439875,22.84116624,12.52023562,3.91881387,2.92698408,3.20389637,1.13943044,1.07361324
879.23183501,780.42507234,482.33181744,329.44832913,172.65628036,78.41439875,22.84116624,12.52023562,3.91881387,2.92698408,3.20389637,1.13943044,1.07361324,865.18477932,781.63710132,494.00907079,336.18527675,170.32478616,75.45079452,22.50493244,13.04230592,4.16923846,2.93911040,2.92698408,1.06689749,1.13943044
865.18477932,781.63710132,494.00907079,336.18527675,170.32478616,75.45079452,22.50493244,13.04230592,4.16923846,2.93911040,2.92698408,1.06689749,1.13943044,855.63531721,769.14926881,494.77628514,344.32432234,173.80778808,74.43193155,21.65437803,12.85031642,4.34308787,3.12692885,2.93911040,0.97468570,1.06689749
632.77044548,883.46632454,93.66102400,223.45800377,169.80238566,1.79111402,18.81357824,0.08488867,3.38744599,0.67520699,1.68001935,1.81284655,1.85169619,632.05688179,562.53292603,559.23418343,65.28173373,115.52778795,74.20364253,0.51404973,10.74255317,0.02826793,2.54058450,0.67520699,0.55944644,1.81284655
632.05688179,562.53292603,559.23418343,65.28173373,115.52778795,74.20364253,0.51404973,10.74255317,0.02826793,2.54058450,0.67520699,0.55944644,1.81284655,682.84418056,561.89856791,356.08334218,389.78622585,33.75065634,50.48564333,21.29644541,0.29352239,3.57727021,0.02120095,2.54058450,0.22484393,0.55944644
682.84418056,561.89856791,356.08334218,389.78622585,33.75065634,50.48564333,21.29644541,0.29352239,3.57727021,0.02120095,2.54058450,0.22484393,0.55944644,696.02260972,607.04847652,355.68179349,248.19008950,201.51947877,14.74903682,14.48937964,12.16027033,0.09774296,2.68295266,0.02120095,0.84601464,0.22484393
696.02260972,607.04847652,355.68179349,248.19008950,201.51947877,14.74903682,14.48937964,12.16027033,0.09774296,2.68295266,0.02120095,0.84601464,0.22484393,750.75977840,618.76410004,384.26168563,247.91021006,128.31427627,88.06401222,4.23297357,8.27343577,4.04937002,0.07330722,2.68295266,0.00705992,0.84601464
750.75977840,618.76410004,384.26168563,247.91021006,128.31427627,88.06401222,4.23297357,8.27343577,4.04937002,0.07330722,2.68295266,0.00705992,0.84601464,805.69179345,667.42544300,391.67767532,267.83039489,128.16957860,56.07333873,25.27437151,2.41702791,2.75505411,3.03702751,0.07330722,0.89342323,0.00705992
805.69179345,667.42544300,391.67767532,267.83039489,128.16957860,56.07333873,25.27437151,2.41702791,2.75505411,3.03702751,0.07330722,0.89342323,0.00705992,749.18800028,716.26000437,422.48030542,272.99933970,138.46831416,56.01010585,16.09304822,14.43166613,0.80487029,2.06629058,3.03702751,0.02441130,0.89342323
749.18800028,716.26000437,422.48030542,272.99933970,138.46831416,56.01010585,16.09304822,14.43166613,0.80487029,2.06629058,3.03702751,0.02441130,0.89342323,773.49754123,666.02813225,453.39258277,294.46877288,141.14065863,60.51065329,16.07490038,9.18913053,4.80574482,0.60365272,2.06629058,1.01133016,0.02441130
773.49754123,666.02813225,453.39258277,294.46877288,141.14065863,60.51065329,16.07490038,9.18913053,4.80574482,0.60365272,2.06629058,1.01133016,0.02441130,782.37485153,687.63931415,421.59580772,316.01463019,152.24035558,61.67846782,17.36655749,9.17876812,3.05998047,3.60430862,0.60365272,0.68807476,1.01133016
782.37485153,687.63931415,421.59580772,316.01463019,152.24035558,61.67846782,17.36655749,9.17876812,3.05998047,3.60430862,0.60365272,0.68807476,1.01133016,811.24620106,695.53124301,435.27568586,293.85227798,163.37956381,66.52903539,17.70172026,9.91630433,3.05652978,2.29498535,3.60430862,0.20101636,0.68807476
811.24620106,695.53124301,435.27568586,293.85227798,163.37956381,66.52903539,17.70172026,9.91630433,3.05652978,2.29498535,3.60430862,0.20101636,0.68807476,832.70957768,721.19787274,440.27127683,303.38715304,151.92162771,71.39686938,19.09383316,10.10768227,3.30212934,2.29239734,2.29498535,1.20023477,0.20101636
832.70957768,721.19787274,440.27127683,303.38715304,151.92162771,71.39686938,19.09383316,10.10768227,3.30212934,2.29239734,2.29498535,1.20023477,0.20101636,820.12192796,740.27881456,456.51825344,306.86907995,156.85115812,66.38975131,20.49090151,10.90257873,3.36585820,2.47659701,2.29239734,0.76423012,1.20023477
820.12192796,740.27881456,456.51825344,306.86907995,156.85115812,66.38975131,20.49090151,10.90257873,3.36585820,2.47659701,2.29239734,0.76423012,1.20023477,821.39854638,729.08839395,468.59648961,318.19322265,158.65131433,68.54395610,19.05385863,11.70030476,3.63055872,2.52439365,2.47659701,0.76336831,0.76423012
821.39854638,729.08839395,468.59648961,318.19322265,158.65131433,68.54395610,19.05385863,11.70030476,3.63055872,2.52439365,2.47659701,0.76336831,0.76423012,827.16356942,730.22330773,461.51295337,326.61175326,164.50589611,69.33062436,19.67211540,10.87975328,3.89620149,2.72291904,2.52439365,0.82470680,0.76336831
827.16356942,730.22330773,461.51295337,326.61175326,164.50589611,69.33062436,19.67211540,10.87975328,3.89620149,2.72291904,2.52439365,0.82470680,0.76336831,838.66657067,735.34841321,462.23135380,321.67452850,168.85827644,71.88907660,19.89788919,11.23277789,3.62295784,2.92215111,2.72291904,0.84062308,0.82470680
838.66657067,735.34841321,462.23135380,321.67452850,168.85827644,71.88907660,19.89788919,11.23277789,3.62295784,2.92215111,2.72291904,0.84062308,0.82470680,848.66231020,745.57458132,465.47554557,322.17525360,166.30573123,73.79106680,20.63216498,11.36169473,3.74051504,2.71721838,2.92215111,0.90673204,0.84062308
848.66231020,745.57458132,465.47554557,322.17525360,166.30573123,73.79106680,20.63216498,11.36169473,3.74051504,2.71721838,2.92215111,0.90673204,0.84062308,849.36245870,754.46079376,471.94870998,324.43645526,166.56460611,72.67560455,21.17803617,11.78096621,3.78344434,2.80538628,2.71721838,0.97307632,0.90673204
849.36245870,754.46079376,471.94870998,324.43645526,166.56460611,72.67560455,21.17803617,11.78096621,3.78344434,2.80538628,2.71721838,0.97307632,0.90673204,846.18078147,755.08322578,477.57368245,328.94825085,167.73364737,72.78873287,20.85789851,12.09265865,3.92306175,2.83758326,2.80538628,0.90483372,0.97307632
846.18078147,755.08322578,477.57368245,328.94825085,167.73364737,72.78873287,20.85789851,12.09265865,3.92306175,2.83758326,2.80538628,0.90483372,0.97307632,848.46497156,752.25471473,477.96768192,332.86885667,170.06624569,73.29960390,20.89036633,11.90986005,4.02685533,2.94229631,2.83758326,0.93419363,0.90483372
848.46497156,752.25471473,477.96768192,332.86885667,170.06624569,73.29960390,20.89036633,11.90986005,4.02685533,2.94229631,2.83758326,0.93419363,0.90483372,853.25313601,754.28535971,476.17723442,333.14347430,172.09319890,74.31894937,21.03698632,11.92839918,3.96598340,3.02014150,2.94229631,0.94491523,0.93419363
853.25313601,754.28535971,476.17723442,333.14347430,172.09319890,74.31894937,21.03698632,11.92839918,3.96598340,3.02014150,2.94229631,0.94491523,0.93419363,858.44587483,758.54203791,477.46263270,331.89553239,172.23517621,75.20472792,21.32953847,12.01211919,3.97215693,2.97448755,3.02014150,0.97978467,0.94491523
747.58102642,375.35650702,702.97434297,275.90893213,56.83462886,101.69835616,10.13107525,19.46739553,5.13178626,3.85639580,4.47445661,0.14374146,0.02493445,918.66857488,664.59953249,237.60066894,489.97311705,142.64491791,24.83673281,29.18742822,5.78484397,6.48264271,3.84883969,3.85639580,1.48999405,0.14374146
918.66857488,664.59953249,237.60066894,489.97311705,142.64491791,24.83673281,29.18742822,5.78484397,6.48264271,3.84883969,3.85639580,1.48999405,0.14374146,893.23446257,816.69636307,420.69150407,165.60766625,253.31610152,62.33582913,7.12814232,16.66602151,1.92635304,4.86198203,3.84883969,1.28417980,1.48999405
893.23446257,816.69636307,420.69150407,165.60766625,253.31610152,62.33582913,7.12814232,16.66602151,1.92635304,4.86198203,3.84883969,1.28417980,1.48999405,868.19443152,794.08543722,516.96879782,293.22197833,85.61916345,110.69913636,17.89038296,4.07016926,5.54978516,1.44476478,4.86198203,1.28166362,1.28417980
868.19443152,794.08543722,516.96879782,293.22197833,85.61916345,110.69913636,17.89038296,4.07016926,5.54978516,1.44476478,4.86198203,1.28166362,1.28417980,803.73066323,771.82484962,502.65608176,360.32725208,151.59576280,37.41557443,31.77065214,10.21540867,1.35536636,4.16233887,1.44476478,1.61904002,1.28166362
803.73066323,771.82484962,502.65608176,360.32725208,151.59576280,37.41557443,31.77065214,10.21540867,1.35536636,4.16233887,1.44476478,1.61904002,1.28166362,781.84043991,714.51655961,488.56512981,350.35128899,186.28918933,66.24734834,10.73826986,18.14104237,3.40173109,1.01652477,4.16233887,0.48110667,1.61904002
781.84043991,714.51655961,488.56512981,350.35128899,186.28918933,66.24734834,10.73826986,18.14104237,3.40173109,1.01652477,4.16233887,0.48110667,1.61904002,865.49689532,695.05615108,452.28898223,340.52989548,181.13161641,81.40837574,19.01298897,6.13155209,6.04096711,2.55129832,1.01652477,1.38605884,0.48110667
865.49689532,695.05615108,452.28898223,340.52989548,181.13161641,81.40837574,19.01298897,6.13155209,6.04096711,2.55129832,1.01652477,1.38605884,0.48110667,872.65467215,769.42673994,439.97054363,315.24542062,176.05395596,79.15451637,23.36420384,10.85641670,2.04180685,4.53072533,2.55129832,0.33850275,1.38605884
872.65467215,769.42673994,439.97054363,315.24542062,176.05395596,79.15451637,23.36420384,10.85641670,2.04180685,4.53072533,2.55129832,0.33850275,1.38605884,869.38399955,775.79000354,487.04712638,306.65946891,162.98188246,76.93557876,22.71734620,13.34096039,3.61518676,1.53135513,4.53072533,0.84958234,0.33850275
869.38399955,775.79000354,487.04712638,306.65946891,162.98188246,76.93557876,22.71734620,13.34096039,3.61518676,1.53135513,4.53072533,0.84958234,0.33850275,843.10716797,772.88237560,491.07507224,339.47184709,158.54294543,71.22308263,22.08051110,12.97160468,4.44253981,2.71139007,1.53135513,1.50873154,0.84958234
843.10716797,772.88237560,491.07507224,339.47184709,158.54294543,71.22308263,22.08051110,12.97160468,4.44253981,2.71139007,1.53135513,1.50873154,0.84958234,831.25130602,749.52227232,489.23454375,342.27932535,175.50694494,69.28326715,20.44102472,12.60797184,4.31954436,3.33190486,2.71139007,0.50994126,1.50873154
831.25130602,749.52227232,489.23454375,342.27932535,175.50694494,69.28326715,20.44102472,12.60797184,4.31954436,3.33190486,2.71139007,0.50994126,1.50873154,857.91551891,738.98241105,474.44759838,340.99647700,176.95841121,76.69653494,19.88429767,11.67182511,4.19845462,3.23965827,3.33190486,0.90289289,0.50994126
857.91551891,738.98241105,474.44759838,340.99647700,176.95841121,76.69653494,19.88429767,11.67182511,4.19845462,3.23965827,3.33190486,0.90289289,0.50994126,870.64582645,762.68689631,467.77586619,330.68997607,176.29517861,77.33082570,22.01190553,11.35393397,3.88671776,3.14884097,3.23965827,1.10952432,0.90289289
870.64582645,762.68689631,467.77586619,330.68997607,176.29517861,77.33082570,22.01190553,11.35393397,3.88671776,3.14884097,3.23965827,1.10952432,0.90289289,870.28812169,774.00413971,482.78080536,326.03977874,170.96671763,77.04099305,22.19394698,12.56879806,3.78086001,2.91503832,3.14884097,1.07880620,1.10952432
870.28812169,774.00413971,482.78080536,326.03977874,170.96671763,77.04099305,22.19394698,12.56879806,3.78086001,2.91503832,3.14884097,1.07880620,1.10952432,860.66223879,773.68614018,489.94462044,336.49822134,168.56256561,74.71245560,22.11076501,12.67274372,4.18540975,2.83564501,2.91503832,1.04856404,1.07880620
860.66223879,773.68614018,489.94462044,336.49822134,168.56256561,74.71245560,22.11076501,12.67274372,4.18540975,2.83564501,2.91503832,1.04856404,1.07880620,853.30477307,765.12873028,489.74332674,341.49140044,173.96958043,73.66184117,21.44247476,12.62524682,4.22002366,3.13905731,2.83564501,0.97070776,1.04856404
853.30477307,765.12873028,489.74332674,341.49140044,173.96958043,73.66184117,21.44247476,12.62524682,4.22002366,3.13905731,2.83564501,0.97070776,1.04856404,858.37623831,758.58794326,484.32648627,341.35109874,176.55105403,76.02470665,21.14094842,12.24365309,4.20420719,3.16501774,3.13905731,0.94426979,0.97070776
858.37623831,758.58794326,484.32648627,341.35109874,176.55105403,76.02470665,21.14094842,12.24365309,4.20420719,3.16501774,3.13905731,0.94426979,0.97070776,867.90646800,763.09647586,480.18616808,337.57556093,176.47851805,77.15281061,21.81909081,12.07148155,4.07713648,3.15315539,3.16501774,1.04530609,0.94426979
867.90646800,763.09647586,480.18616808,337.57556093,176.47851805,77.15281061,21.81909081,12.07148155,4.07713648,3.15315539,3.16501774,1.04530609,0.94426979,869.90366756,771.56885005,483.04006922,334.68975915,174.52656500,77.12111239,22.14285665,12.45870085,4.01980335,3.05785236,3.15315539,1.05395091,1.04530609
869.90366756,771.56885005,483.04006922,334.68975915,174.52656500,77.12111239,22.14285665,12.45870085,4.01980335,3.05785236,3.15315539,1.05395091,1.04530609,866.25140899,773.34436046,488.40308208,336.67892824,173.03460548,76.26810891,22.13375925,12.64357114,4.14874738,3.01485252,3.05785236,1.05000075,1.05395091
866.25140899,773.34436046,488.40308208,336.67892824,173.03460548,76.26810891,22.13375925,12.64357114,4.14874738,3.01485252,3.05785236,1.05000075,1.05395091,861.96608702,770.09750259,489.52698017,340.41694821,174.06300590,75.61612260,21.88894726,12.63837653,4.21030919,3.11156054,3.01485252,1.01826484,1.05000075
1189.55835793,622.93925700,364.68735128,95.35356265,118.42977983,65.51343162,33.96028474,14.26556656,5.57229028,2.52346784,3.34575984,0.50014817,1.06259691,882.44666640,1057.51738020,394.32054968,254.18708384,49.29779189,51.75381379,18.80235487,19.39132259,4.75043366,4.17921771,2.52346784,1.11413803,0.50014817
882.44666640,1057.51738020,394.32054968,254.18708384,49.29779189,51.75381379,18.80235487,19.39132259,4.75043366,4.17921771,2.52346784,1.11413803,0.50014817,630.03810637,784.49508643,669.40850167,274.84142313,131.41472235,21.54313505,14.85334456,10.73614463,6.45731042,3.56282525,4.17921771,0.84031479,1.11413803
630.03810637,784.49508643,669.40850167,274.84142313,131.41472235,21.54313505,14.85334456,10.73614463,6.45731042,3.56282525,4.17921771,0.84031479,1.11413803,673.41227998,560.10387657,496.58538971,466.57772566,142.09301576,57.42823366,6.18287976,8.48125974,3.57513616,4.84298282,3.56282525,1.39167950,0.84031479
673.41227998,560.10387657,496.58538971,466.57772566,142.09301576,57.42823366,6.18287976,8.48125974,3.57513616,4.84298282,3.56282525,1.39167950,0.84031479,866.52721180,598.66351690,354.54575387,346.12001663,241.22068417,62.09464789,16.48190306,3.53042434,2.82425949,2.68135212,4.84298282,1.18642081,1.39167950
866.52721180,598.66351690,354.54575387,346.12001663,241.22068417,62.09464789,16.48190306,3.53042434,2.82425949,2.68135212,4.84298282,1.18642081,1.39167950,974.04935955,770.34269129,378.95400620,247.11839044,178.94404860,105.41343898,17.82116394,9.41116665,1.17563131,2.11819462,2.68135212,1.61271328,1.18642081
974.04935955,770.34269129,378.95400620,247.11839044,178.94404860,105.41343898,17.82116394,9.41116665,1.17563131,2.11819462,2.68135212,1.61271328,1.18642081,896.52052165,865.92988064,487.62692359,264.13094232,127.76020786,78.19854924,30.25365699,10.17588461,3.13391849,0.88172348,2.11819462,0.89289026,1.61271328
896.52052165,865.92988064,487.62692359,264.13094232,127.76020786,78.19854924,30.25365699,10.17588461,3.13391849,0.88172348,2.11819462,0.89289026,1.61271328,770.41180787,797.00674375,548.13361444,339.87596574,136.55569718,55.83121083,22.44298363,17.27483814,3.38856958,2.35043887,0.88172348,0.70535881,0.89289026
770.41180787,797.00674375,548.13361444,339.87596574,136.55569718,55.83121083,22.44298363,17.27483814,3.38856958,2.35043887,0.88172348,0.70535881,0.89289026,759.53985297,684.89609719,504.50526879,382.04912927,175.71587429,59.67483967,16.02355751,12.81494365,5.75252110,2.54142718,2.35043887,0.29361392,0.70535881
759.53985297,684.89609719,504.50526879,382.04912927,175.71587429,59.67483967,16.02355751,12.81494365,5.75252110,2.54142718,2.35043887,0.29361392,0.70535881,844.78424868,675.23092929,433.53922952,351.64017235,197.51939983,76.78783706,17.12667898,9.14945134,4.26737624,4.31439083,2.54142718,0.78269614,0.29361392
844.78424868,675.23092929,433.53922952,351.64017235,197.51939983,76.78783706,17.12667898,9.14945134,4.26737624,4.31439083,2.54142718,0.78269614,0.29361392,907.98146253,751.01319707,427.42117824,302.17684298,181.79796910,86.31597773,22.03810924,9.77933370,3.04676730,3.20053218,4.31439083,0.84629525,0.78269614
907.98146253,751.01319707,427.42117824,302.17684298,181.79796910,86.31597773,22.03810924,9.77933370,3.04676730,3.20053218,4.31439083,0.84629525,0.78269614,898.58087752,807.19552019,475.39135375,297.91256123,156.22542782,79.44571250,24.77268561,12.58376037,3.25651812,2.28507547,3.20053218,1.43669214,0.84629525
898.58087752,807.19552019,475.39135375,297.91256123,156.22542782,79.44571250,24.77268561,12.58376037,3.25651812,2.28507547,3.20053218,1.43669214,0.84629525,838.07402275,798.83840011,510.95476428,331.34777356,154.02079416,68.27051196,22.80091949,14.14520348,4.19039220,2.44238859,2.28507547,1.06577722,1.43669214
838.07402275,798.83840011,510.95476428,331.34777356,154.02079416,68.27051196,22.80091949,14.14520348,4.19039220,2.44238859,2.28507547,1.06577722,1.43669214,818.43304485,745.04780623,505.66470727,356.13547070,171.30679893,67.30708705,19.59363693,13.01932503,4.71035276,3.14279415,2.44238859,0.76093013,1.06577722
818.43304485,745.04780623,505.66470727,356.13547070,171.30679893,67.30708705,19.59363693,13.01932503,4.71035276,3.14279415,2.44238859,0.76093013,1.06577722,845.17260292,727.58697687,471.61526134,352.44830097,184.12203835,74.86107113,19.31713398,11.18796669,4.33543523,3.53276457,3.14279415,0.81331540,0.76093013
845.17260292,727.58697687,471.61526134,352.44830097,184.12203835,74.86107113,19.31713398,11.18796669,4.33543523,3.53276457,3.14279415,0.81331540,0.76093013,880.27074959,751.35844399,460.56255636,328.71583716,182.21577160,80.46133076,21.48512742,11.03008350,3.72559291,3.25157643,3.53276457,1.04655045,0.81331540
880.27074959,751.35844399,460.56255636,328.71583716,182.21577160,80.46133076,21.48512742,11.03008350,3.72559291,3.25157643,3.53276457,1.04655045,0.81331540,885.08460894,782.56069639,475.60989505,321.01210178,169.94608781,79.62829219,23.09240193,12.26800775,3.67301781,2.79419468,3.25157643,1.17641060,1.04655045
885.08460894,782.56069639,475.60989505,321.01210178,169.94608781,79.62829219,23.09240193,12.26800775,3.67301781,2.79419468,3.25157643,1.17641060,1.04655045,862.98363447,786.84021735,495.36092081,331.50009685,165.96325662,74.26644037,22.85331986,13.18576150,4.08524658,2.75476336,2.79419468,1.08277495,1.17641060
862.98363447,786.84021735,495.36092081,331.50009685,165.96325662,74.26644037,22.85331986,13.18576150,4.08524658,2.75476336,2.79419468,1.08277495,1.17641060,846.34028780,767.19245104,498.06985758,345.26656181,171.38555007,72.52594314,21.31446839,13.04924564,4.39085858,3.06393494,2.75476336,0.93046683,1.08277495
846.34028780,767.19245104,498.06985758,345.26656181,171.38555007,72.52594314,21.31446839,13.04924564,4.39085858,3.06393494,2.75476336,0.93046683,1.08277495,852.78502436,752.39651585,485.63282151,347.15469073,178.50281245,74.89548538,20.81494568,12.17056145,4.34539880,3.29314393,3.06393494,0.91733620,0.93046683
852.78502436,752.39651585,485.63282151,347.15469073,178.50281245,74.89548538,20.81494568,12.17056145,4.34539880,3.29314393,3.06393494,0.91733620,0.93046683,869.49378680,758.12588666,476.26699453,338.48607659,179.47897511,78.00572904,21.49500430,11.88533398,4.05279696,3.25904910,3.29314393,1.02029033,0.91733620
30.07715009,132.79858790,411.44020320,404.52763259,241.87656046,37.92093348,8.18854455,6.14304021,0.31513273,2.00828750,0.47594416,1.45634832,0.79853067,1043.98125621,26.73858643,84.06150614,286.77382163,209.14078605,105.70005692,10.88330791,4.67565894,2.04563239,0.23634955,2.00828750,0.15848941,1.45634832
1043.98125621,26.73858643,84.06150614,286.77382163,209.14078605,105.70005692,10.88330791,4.67565894,2.04563239,0.23634955,2.00828750,0.15848941,1.45634832,799.71493232,928.09933677,16.92552521,58.59086978,148.26206578,91.39452350,30.33591634,6.21436882,1.55699443,1.53422429,0.23634955,0.66875974,0.15848941
799.71493232,928.09933677,16.92552521,58.59086978,148.26206578,91.39452350,30.33591634,6.21436882,1.55699443,1.53422429,0.23634955,0.66875974,0.15848941,763.11107328,710.94657483,587.48688018,11.79709107,30.29147968,64.79052275,26.23022825,17.32180823,2.06938482,1.16774582,1.53422429,0.07870440,0.66875974
763.11107328,710.94657483,587.48688018,11.79709107,30.29147968,64.79052275,26.23022825,17.32180823,2.06938482,1.16774582,1.53422429,0.07870440,0.66875974,600.45459023,678.40574415,450.02918187,409.47835548,6.09909608,13.23737662,18.59488003,14.97746033,5.76816214,1.55203861,1.16774582,0.51089669,0.07870440
600.45459023,678.40574415,450.02918187,409.47835548,6.09909608,13.23737662,18.59488003,14.97746033,5.76816214,1.55203861,1.16774582,0.51089669,0.07870440,606.64041620,533.80413071,429.43083605,313.67033976,211.70030979,2.66530499,3.79912709,10.61767650,4.98749429,4.32612160,1.55203861,0.38885936,0.51089669
606.64041620,533.80413071,429.43083605,313.67033976,211.70030979,2.66530499,3.79912709,10.61767650,4.98749429,4.32612160,1.55203861,0.38885936,0.51089669,785.65710654,539.30333000,337.89801474,299.31329272,162.16756566,92.51303538,0.76494253,2.16930157,3.53568627,3.74062072,4.32612160,0.51682886,0.38885936
785.65710654,539.30333000,337.89801474,299.31329272,162.16756566,92.51303538,0.76494253,2.16930157,3.53568627,3.74062072,4.32612160,0.51682886,0.38885936,913.64187816,698.44916771,341.37900789,235.51491628,154.74497234,70.86722619,26.55124115,0.43678219,0.72237742,2.65176470,3.74062072,1.44059849,0.51682886
913.64187816,698.44916771,341.37900789,235.51491628,154.74497234,70.86722619,26.55124115,0.43678219,0.72237742,2.65176470,3.74062072,1.44059849,0.51682886,831.10925025,812.22762968,442.11832316,237.94116850,121.76121171,67.62355291,20.33889392,15.16075870,0.14544847,0.54178307,2.65176470,1.24562670,1.44059849
831.10925025,812.22762968,442.11832316,237.94116850,121.76121171,67.62355291,20.33889392,15.16075870,0.14544847,0.54178307,2.65176470,1.24562670,1.44059849,750.41301768,738.85612347,514.14008959,308.15647124,123.01558411,53.20964952,19.40795969,11.61350843,5.04853265,0.10908635,0.54178307,0.88303765,1.24562670
750.41301768,738.85612347,514.14008959,308.15647124,123.01558411,53.20964952,19.40795969,11.61350843,5.04853265,0.10908635,0.54178307,0.88303765,1.24562670,731.82420075,667.11717272,467.69592616,358.35564244,159.31689563,53.75781026,15.27116941,11.08194498,3.86729831,3.78639948,0.10908635,0.18041376,0.88303765
731.82420075,667.11717272,467.69592616,358.35564244,159.31689563,53.75781026,15.27116941,11.08194498,3.86729831,3.78639948,0.10908635,0.18041376,0.88303765,802.90268057,650.59171447,422.28517033,325.98406053,185.26986714,69.62148339,15.42849154,8.71983773,3.69028768,2.90047373,3.78639948,0.03632575,0.18041376
802.90268057,650.59171447,422.28517033,325.98406053,185.26986714,69.62148339,15.42849154,8.71983773,3.69028768,2.90047373,3.78639948,0.03632575,0.18041376,875.95457305,713.78048302,411.82455526,294.33276372,168.53375929,80.96293194,19.98136573,8.80966867,2.90370597,2.76771576,2.90047373,1.26087103,0.03632575
875.95457305,713.78048302,411.82455526,294.33276372,168.53375929,80.96293194,19.98136573,8.80966867,2.90370597,2.76771576,2.90047373,1.26087103,0.03632575,864.85680666,778.72361544,451.82304575,287.04171501,152.17003884,73.64925281,23.23636147,11.40935983,2.93361967,2.17777947,2.76771576,0.96585775,1.26087103
864.85680666,778.72361544,451.82304575,287.04171501,152.17003884,73.64925281,23.23636147,11.40935983,2.93361967,2.17777947,2.76771576,0.96585775,1.26087103,825.57608889,768.85770112,492.93204858,314.92066289,148.40056666,66.49830697,21.13733556,13.26796240,3.79931682,2.20021475,2.17777947,0.92164935,0.96585775
825.57608889,768.85770112,492.93204858,314.92066289,148.40056666,66.49830697,21.13733556,13.26796240,3.79931682,2.20021475,2.17777947,0.92164935,0.96585775,804.34579862,733.93714302,486.68692481,343.57363786,162.81398271,64.85104763,19.08501410,12.06941860,4.41823148,2.84948762,2.20021475,0.72520056,0.92164935
804.34579862,733.93714302,486.68692481,343.57363786,162.81398271,64.85104763,19.08501410,12.06941860,4.41823148,2.84948762,2.20021475,0.72520056,0.92164935,828.62495610,715.06341498,464.58221153,339.22078659,177.62757077,71.14971045,18.61225067,10.89754305,4.01911639,3.31367361,2.84948762,0.73267151,0.72520056
828.62495610,715.06341498,464.58221153,339.22078659,177.62757077,71.14971045,18.61225067,10.89754305,4.01911639,3.31367361,2.84948762,0.73267151,0.72520056,863.83739962,736.64758597,452.63514168,323.81380144,175.37714667,77.62324843,20.41996690,10.62759513,3.62888184,3.01433730,3.31367361,0.94887938,0.73267151
863.83739962,736.64758597,452.63514168,323.81380144,175.37714667,77.62324843,20.41996690,10.62759513,3.62888184,3.01433730,3.31367361,0.94887938,0.73267151,871.84116440,767.95144826,466.29792192,315.48669375,167.41173534,76.63981309,22.27787230,11.65980110,3.53898918,2.72166138,3.01433730,1.10345331,0.94887938
871.84116440,767.95144826,466.29792192,315.48669375,167.41173534,76.63981309,22.27787230,11.65980110,3.53898918,2.72166138,3.01433730,1.10345331,0.94887938,853.73377731,775.06679516,486.11326675,325.00965158,163.10662067,73.15892835,21.99562636,12.72066508,3.88271377,2.65424188,2.72166138,1.00377432,1.10345331
853.73377731,775.06679516,486.11326675,325.00965158,163.10662067,73.15892835,21.99562636,12.72066508,3.88271377,2.65424188,2.72166138,1.00377432,1.10345331,840.31117831,758.96932803,490.61728133,338.82094692,168.02998987,71.27759323,20.99661244,12.55950265,4.23598147,2.91203532,2.65424188,0.90631324,1.00377432
227.86764074,782.65457875,570.76820615,487.64664184,227.66759282,20.53613696,26.52276680,11.68181932,6.90653805,4.37575844,2.72217428,1.14035322,1.30303709,834.79728322,202.57433262,495.42034835,397.82543968,252.11331383,99.49073806,5.89387131,15.14449984,3.89004583,5.17990354,4.37575844,0.90648403,1.14035322
834.79728322,202.57433262,495.42034835,397.82543968,252.11331383,99.49073806,5.89387131,15.14449984,3.89004583,5.17990354,4.37575844,0.90648403,1.14035322,1270.98408005,742.13478478,128.22955255,345.30798280,205.67575232,110.17351814,28.55384182,3.36540052,5.04311845,2.91753437,5.17990354,1.45712756,0.90648403
1270.98408005,742.13478478,128.22955255,345.30798280,205.67575232,110.17351814,28.55384182,3.36540052,5.04311845,2.91753437,5.17990354,1.45712756,0.90648403,1092.67649429,1129.90484716,469.77131877,89.37599813,178.52422711,89.88030376,31.61979971,16.30424368,1.12067837,3.78233884,2.91753437,1.72490788,1.45712756
1092.67649429,1129.90484716,469.77131877,89.37599813,178.52422711,89.88030376,31.61979971,16.30424368,1.12067837,3.78233884,2.91753437,1.72490788,1.45712756,756.35370100,971.38940343,715.22976825,327.43060918,46.20739103,78.01508725,25.79564718,18.05490563,5.42931315,0.84050878,3.78233884,0.97153895,1.72490788
756.35370100,971.38940343,715.22976825,327.43060918,46.20739103,78.01508725,25.79564718,18.05490563,5.42931315,0.84050878,3.78233884,0.97153895,1.72490788,681.64167521,672.39844019,614.88949237,498.51514847,169.28162495,20.19262988,22.39033004,14.72931454,6.01228358,4.07198486,0.84050878,1.25951883,0.97153895
681.64167521,672.39844019,614.88949237,498.51514847,169.28162495,20.19262988,22.39033004,14.72931454,6.01228358,4.07198486,0.84050878,1.25951883,0.97153895,802.55676162,605.97944926,425.62821264,428.57797618,257.73233176,73.97607010,5.79528478,12.78487845,4.90486174,4.50921268,4.07198486,0.27988942,1.25951883
802.55676162,605.97944926,425.62821264,428.57797618,257.73233176,73.97607010,5.79528478,12.78487845,4.90486174,4.50921268,4.07198486,0.27988942,1.25951883,1002.27372433,713.47296108,383.58499138,296.66286421,221.57481369,112.62902898,21.23113212,3.30910761,4.25736452,3.67864631,4.50921268,1.35597096,0.27988942
1002.27372433,713.47296108,383.58499138,296.66286421,221.57481369,112.62902898,21.23113212,3.30910761,4.25736452,3.67864631,4.50921268,1.35597096,0.27988942,991.16123840,891.02134093,451.62838436,267.35873899,153.37470080,96.82819358,32.32453132,12.12297644,1.10193283,3.19302339,3.67864631,1.50156782,1.35597096
991.16123840,891.02134093,451.62838436,267.35873899,153.37470080,96.82819358,32.32453132,12.12297644,1.10193283,3.19302339,3.67864631,1.50156782,1.35597096,857.85710592,881.14234094,564.01650881,314.78498390,138.22446806,67.02474425,27.78969156,18.45730738,4.03695115,0.82644962,3.19302339,1.22498922,1.50156782
857.85710592,881.14234094,564.01650881,314.78498390,138.22446806,67.02474425,27.78969156,18.45730738,4.03695115,0.82644962,3.19302339,1.22498922,1.50156782,784.97077175,762.63496717,557.76310182,393.11950664,162.74383668,60.40409254,19.23610160,15.86791388,6.14628336,3.02771337,0.82644962,1.06327679,1.22498922
784.97077175,762.63496717,557.76310182,393.11950664,162.74383668,60.40409254,19.23610160,15.86791388,6.14628336,3.02771337,0.82644962,1.06327679,1.22498922,819.40902548,697.83901608,482.74793422,388.76088197,203.24278493,71.11905663,17.33597456,10.98381401,5.28401532,4.60971252,3.02771337,0.27520773,1.06327679
819.40902548,697.83901608,482.74793422,388.76088197,203.24278493,71.11905663,17.33597456,10.98381401,5.28401532,4.60971252,3.02771337,0.27520773,1.06327679,906.15987304,728.45462365,441.73209718,336.47531015,200.98937598,88.81709702,20.41116925,9.89884147,3.65761007,3.96301149,4.60971252,1.00822855,0.27520773
906.15987304,728.45462365,441.73209718,336.47531015,200.98937598,88.81709702,20.41116925,9.89884147,3.65761007,3.96301149,4.60971252,1.00822855,0.27520773,930.41504455,805.57612713,461.11177677,307.88727173,173.95773535,87.83235730,25.49050684,11.65477764,3.29631421,2.74320755,3.96301149,1.53503427,1.00822855
930.41504455,805.57612713,461.11177677,307.88727173,173.95773535,87.83235730,25.49050684,11.65477764,3.29631421,2.74320755,3.96301149,1.53503427,1.00822855,884.04067668,827.13897461,509.92968847,321.39490841,159.17771949,76.01953035,25.20788655,14.55507941,3.88104096,2.47223566,2.74320755,1.31968283,1.53503427
884.04067668,827.13897461,509.92968847,321.39490841,159.17771949,76.01953035,25.20788655,14.55507941,3.88104096,2.47223566,2.74320755,1.31968283,1.53503427,837.47717884,785.91216157,523.57897093,355.42099287,166.16116765,69.56066342,21.81760521,14.39370322,4.84684144,2.91078072,2.47223566,0.91348811,1.31968283
837.47717884,785.91216157,523.57897093,355.42099287,166.16116765,69.56066342,21.81760521,14.39370322,4.84684144,2.91078072,2.47223566,0.91348811,1.31968283,838.80524126,744.51721199,497.48239827,364.93454273,183.75265331,72.61243026,19.96391040,12.45785257,4.79310317,3.63513108,2.91078072,0.82325447,0.91348811
838.80524126,744.51721199,497.48239827,364.93454273,183.75265331,72.61243026,19.96391040,12.45785257,4.79310317,3.63513108,2.91078072,0.82325447,0.91348811,872.84031701,745.69785948,471.27939519,346.74523160,188.67115859,80.29990950,20.83976749,11.39939284,4.14846491,3.59482738,3.63513108,0.96928998,0.82325447
872.84031701,745.69785948,471.27939519,346.74523160,188.67115859,80.29990950,20.83976749,11.39939284,4.14846491,3.59482738,3.63513108,0.96928998,0.82325447,895.87205013,775.95504182,472.02674505,328.48173845,179.26728474,82.44929631,23.04607403,11.89950723,3.79599782,3.11134868,3.59482738,1.21049865,0.96928998
895.87205013,775.95504182,472.02674505,328.48173845,179.26728474,82.44929631,23.04607403,11.89950723,3.79599782,3.11134868,3.59482738,1.21049865,0.96928998,883.51143266,796.43025257,491.17954147,329.00264130,169.82505878,78.33980343,23.66294804,13.15930827,3.96253591,2.84699836,3.11134868,1.19707752,1.21049865
883.51143266,796.43025257,491.17954147,329.00264130,169.82505878,78.33980343,23.66294804,13.15930827,3.96253591,2.84699836,3.11134868,1.19707752,1.21049865,859.51059518,785.44166363,504.14034988,342.35214041,170.09436555,74.21355069,22.48352358,13.51154333,4.38204965,2.97190193,2.84699836,1.03607911,1.19707752
992.52475090,256.57860739,148.96277455,52.35171765,70.40296303,112.92763229,0.34133349,8.57363638,1.66412061,0.15452841,1.10258748,0.84064841,0.57020657,411.19593866,882.35450355,162.41425848,103.82705386,27.06583803,30.76609484,32.41023047,0.19490142,2.85502091,1.24809046,0.15452841,0.36716163,0.84064841
411.19593866,882.35450355,162.41425848,103.82705386,27.06583803,30.76609484,32.41023047,0.19490142,2.85502091,1.24809046,0.15452841,0.36716163,0.84064841,448.55269877,365.55318947,558.53040075,113.20273816,53.67858685,11.82777122,8.82986922,18.50624160,0.06490217,2.14126568,1.24809046,0.05145796,0.36716163
448.55269877,365.55318947,558.53040075,113.20273816,53.67858685,11.82777122,8.82986922,18.50624160,0.06490217,2.14126568,1.24809046,0.05145796,0.36716163,536.39939250,398.76334921,231.39516894,389.29568932,58.52581563,23.45754245,3.39457034,5.04185532,6.16257845,0.04867663,2.14126568,0.41561412,0.05145796
536.39939250,398.76334921,231.39516894,389.29568932,58.52581563,23.45754245,3.39457034,5.04185532,6.16257845,0.04867663,2.14126568,0.41561412,0.05145796,655.70806087,476.85905993,252.41720005,161.28243275,201.26587138,25.57578143,6.73231468,1.93829966,1.67893782,4.62193384,0.04867663,0.71304147,0.41561412
655.70806087,476.85905993,252.41720005,161.28243275,201.26587138,25.57578143,6.73231468,1.93829966,1.67893782,4.62193384,0.04867663,0.71304147,0.41561412,719.55847298,582.92446612,301.85178494,175.93478844,83.38301773,87.95318579,7.34024927,3.84415168,0.64545379,1.25920337,4.62193384,0.01620932,0.71304147
719.55847298,582.92446612,301.85178494,175.93478844,83.38301773,87.95318579,7.34024927,3.84415168,0.64545379,1.25920337,4.62193384,0.01620932,0.71304147,739.78701364,639.68748248,368.99118705,210.39069410,90.95828562,36.43837875,25.24256432,4.19128233,1.28010251,0.48409034,1.25920337,1.53910397,0.01620932
739.78701364,639.68748248,368.99118705,210.39069410,90.95828562,36.43837875,25.24256432,4.19128233,1.28010251,0.48409034,1.25920337,1.53910397,0.01620932,651.10019089,657.67065513,404.92217641,257.18685738,108.77198885,39.74877082,10.45781470,14.41350423,1.39569702,0.96007688,0.48409034,0.41931472,1.53910397
651.10019089,657.67065513,404.92217641,257.18685738,108.77198885,39.74877082,10.45781470,14.41350423,1.39569702,0.96007688,0.48409034,0.41931472,1.53910397,692.84444885,578.82806970,416.30552470,282.23075696,132.96560526,47.53335913,11.40789722,5.97141219,4.79969691,1.04677276,0.96007688,0.16120208,0.41931472
692.84444885,578.82806970,416.30552470,282.23075696,132.96560526,47.53335913,11.40789722,5.97141219,4.79969691,1.04677276,0.96007688,0.16120208,0.41931472,741.13946070,615.93871503,366.39816812,290.16495071,145.91330135,58.10596950,13.64207407,6.51390932,1.98848026,3.59977268,1.04677276,0.31970560,0.16120208
741.13946070,615.93871503,366.39816812,290.16495071,145.91330135,58.10596950,13.64207407,6.51390932,1.98848026,3.59977268,1.04677276,0.31970560,0.16120208,789.37167018,658.87298057,389.88920661,255.37952318,150.01527952,63.76411269,16.67641325,7.78962429,2.16913180,1.49136020,3.59977268,0.34857533,0.31970560
789.37167018,658.87298057,389.88920661,255.37952318,150.01527952,63.76411269,16.67641325,7.78962429,2.16913180,1.49136020,3.59977268,0.34857533,0.31970560,804.19122287,701.75141479,417.06659670,271.75277701,132.03121348,65.55667715,18.30030034,9.52223196,2.59394489,1.62684885,1.49136020,1.19872430,0.34857533
804.19122287,701.75141479,417.06659670,271.75277701,132.03121348,65.55667715,18.30030034,9.52223196,2.59394489,1.62684885,1.49136020,1.19872430,0.34857533,776.99575078,714.92599714,444.20864556,290.69541790,140.49618571,57.69764029,18.81476634,10.44947150,3.17090324,1.94545867,1.62684885,0.49662295,1.19872430
776.99575078,714.92599714,444.20864556,290.69541790,140.49618571,57.69764029,18.81476634,10.44947150,3.17090324,1.94545867,1.62684885,0.49662295,1.19872430,778.81116267,690.74922245,452.54815619,309.61342596,150.28953105,61.39683316,16.55922276,10.74323158,3.47967401,2.37817743,1.94545867,0.54174067,0.49662295
778.81116267,690.74922245,452.54815619,309.61342596,150.28953105,61.39683316,16.55922276,10.74323158,3.47967401,2.37817743,1.94545867,0.54174067,0.49662295,800.02684505,692.36312362,437.24425781,315.42606486,160.07014122,65.67652507,17.62089112,9.45531620,3.57749612,2.60975551,2.37817743,0.64783774,0.54174067
800.02684505,692.36312362,437.24425781,315.42606486,160.07014122,65.67652507,17.62089112,9.45531620,3.57749612,2.60975551,2.37817743,0.64783774,0.54174067,827.47993599,711.22386525,438.26585725,304.75924769,163.07527553,69.95065171,18.84916270,10.06152883,3.14862029,2.68312209,2.60975551,0.79193309,0.64783774
827.47993599,711.22386525,438.26585725,304.75924769,163.07527553,69.95065171,18.84916270,10.06152883,3.14862029,2.68312209,2.60975551,0.79193309,0.64783774,837.84467076,735.62966310,450.20470670,305.47130250,157.56053106,71.26389541,20.07583704,10.76287190,3.35048910,2.36146522,2.68312209,0.86904858,0.79193309
837.84467076,735.62966310,450.20470670,305.47130250,157.56053106,71.26389541,20.07583704,10.76287190,3.35048910,2.36146522,2.68312209,0.86904858,0.79193309,830.99181410,744.84391231,465.65357674,313.79268057,157.92866339,68.85395207,20.45273798,11.46330295,3.58403634,2.51286682,2.36146522,0.89347966,0.86904858
830.99181410,744.84391231,465.65357674,313.79268057,157.92866339,68.85395207,20.45273798,11.46330295,3.58403634,2.51286682,2.36146522,0.89347966,0.86904858,825.03835750,738.75172274,471.48619649,324.56054299,162.23081586,69.01482590,19.76108424,11.67851339,3.81727988,2.68802726,2.51286682,0.78636792,0.89347966
825.03835750,738.75172274,471.48619649,324.56054299,162.23081586,69.01482590,19.76108424,11.67851339,3.81727988,2.68802726,2.51286682,0.78636792,0.89347966,833.69186286,733.45909982,467.62984049,328.62587895,167.79780072,70.89486653,19.80725503,11.28357910,3.88894496,2.86295991,2.68802726,0.83678465,0.78636792
833.69186286,733.45909982,467.62984049,328.62587895,167.79780072,70.89486653,19.80725503,11.28357910,3.88894496,2.86295991,2.68802726,0.83678465,0.78636792,846.49530473,741.15206609,464.27961019,325.93799882,169.89957942,73.32763892,20.34682669,11.30994262,3.75743184,2.91670872,2.86295991,0.89511308,0.83678465
944.61801378,1007.24905157,472.60205238,359.28990133,7.82095813,76.81324806,24.06252807,2.65922196,2.09858967,1.32144789,2.30787507,0.45289920,1.52974401,588.13956692,839.76541425,637.58864964,329.40363051,185.75287899,3.41775870,22.04540219,13.73970353,0.88552091,1.57394225,1.32144789,0.76852240,0.45289920
588.13956692,839.76541425,637.58864964,329.40363051,185.75287899,3.41775870,22.04540219,13.73970353,0.88552091,1.57394225,1.32144789,0.76852240,0.45289920,641.34935044,522.85607500,531.57150722,444.39928880,170.30167697,81.17400812,0.98089675,12.58792465,4.57532127,0.66414069,1.57394225,0.44004215,0.76852240
641.34935044,522.85607500,531.57150722,444.39928880,170.30167697,81.17400812,0.98089675,12.58792465,4.57532127,0.66414069,1.57394225,0.44004215,0.76852240,884.42540614,570.15957254,330.96789547,370.50534053,229.75443231,74.42183284,23.29694033,0.56009204,4.19177891,3.43149096,0.66414069,0.52412277,0.44004215
884.42540614,570.15957254,330.96789547,370.50534053,229.75443231,74.42183284,23.29694033,0.56009204,4.19177891,3.43149096,0.66414069,0.52412277,0.44004215,971.75766350,786.25418605,360.91100942,230.68462314,191.55126106,100.40268692,21.35906602,13.30255293,0.18651065,3.14383418,3.43149096,0.22115885,0.52412277
971.75766350,786.25418605,360.91100942,230.68462314,191.55126106,100.40268692,21.35906602,13.30255293,0.18651065,3.14383418,3.43149096,0.22115885,0.52412277,903.48278720,863.89256286,497.69889977,251.55497356,119.26395017,83.70790108,28.81557115,12.19602670,4.42975013,0.13988299,3.14383418,1.14268649,0.22115885
903.48278720,863.89256286,497.69889977,251.55497356,119.26395017,83.70790108,28.81557115,12.19602670,4.42975013,0.13988299,3.14383418,1.14268649,0.22115885,768.87794560,803.19619782,546.84399229,346.89613314,130.05392133,52.11834622,24.02416761,16.45369112,4.06127689,3.32231259,0.13988299,1.04689678,1.14268649
768.87794560,803.19619782,546.84399229,346.89613314,130.05392133,52.11834622,24.02416761,16.45369112,4.06127689,3.32231259,0.13988299,1.04689678,1.14268649,758.69326851,683.53249363,508.42319322,381.15026262,179.34530083,56.83356362,14.95796537,13.71779971,5.47907914,3.04595767,3.32231259,0.04658103,1.04689678
758.69326851,683.53249363,508.42319322,381.15026262,179.34530083,56.83356362,14.95796537,13.71779971,5.47907914,3.04595767,3.32231259,0.04658103,1.04689678,855.23928120,674.47831571,432.67606847,354.37096568,197.05468578,78.37389646,16.31123276,8.54099822,4.56802730,4.10930936,3.04595767,1.10633009,0.04658103
855.23928120,674.47831571,432.67606847,354.37096568,197.05468578,78.37389646,16.31123276,8.54099822,4.56802730,4.10930936,3.04595767,1.10633009,0.04658103,911.75263286,760.30772098,426.94477384,301.57521972,183.20978925,86.11289768,22.49330829,9.31371391,2.84415241,3.42602048,4.10930936,1.01430390,1.10633009
911.75263286,760.30772098,426.94477384,301.57521972,183.20978925,86.11289768,22.49330829,9.31371391,2.84415241,3.42602048,4.10930936,1.01430390,1.10633009,899.45669789,810.54809062,481.27478738,297.58050737,155.91438860,80.06267790,24.71440164,12.84367903,3.10146673,2.13311431,3.42602048,1.36840002,1.01430390
899.45669789,810.54809062,481.27478738,297.58050737,155.91438860,80.06267790,24.71440164,12.84367903,3.10146673,2.13311431,3.42602048,1.36840002,1.01430390,838.36214232,799.61700443,513.07694136,335.44852681,153.84912231,68.13458782,22.97798856,14.11192333,4.27694512,2.32610005,2.13311431,1.14086482,1.36840002
838.36214232,799.61700443,513.07694136,335.44852681,153.84912231,68.13458782,22.97798856,14.11192333,4.27694512,2.32610005,2.13311431,1.14086482,1.36840002,816.42880538,745.30394452,506.15756380,357.61462813,173.42688836,67.23206645,19.55462670,13.12043147,4.69927047,3.20770884,2.32610005,0.71032706,1.14086482
816.42880538,745.30394452,506.15756380,357.61462813,173.42688836,67.23206645,19.55462670,13.12043147,4.69927047,3.20770884,2.32610005,0.71032706,1.14086482,846.74618042,725.80520798,471.77739688,352.79182197,184.88676274,75.78755021,19.29560307,11.16569185,4.36910368,3.52445285,3.20770884,0.77459132,0.71032706
846.74618042,725.80520798,471.77739688,352.79182197,184.88676274,75.78755021,19.29560307,11.16569185,4.36910368,3.52445285,3.20770884,0.77459132,0.71032706,882.74590904,752.75735439,459.43469665,328.82884563,182.39337196,80.79551532,21.75102691,11.01778935,3.71817539,3.27682776,3.52445285,1.06816704,0.77459132
882.74590904,752.75735439,459.43469665,328.82884563,182.39337196,80.79551532,21.75102691,11.01778935,3.71817539,3.27682776,3.52445285,1.06816704,0.77459132,885.98898235,784.76111314,476.49540533,320.22598357,170.00451319,79.70590355,23.18831290,12.41983637,3.66892385,2.78863154,3.27682776,1.17364280,1.06816704
885.98898235,784.76111314,476.49540533,320.22598357,170.00451319,79.70590355,23.18831290,12.41983637,3.66892385,2.78863154,3.27682776,1.17364280,1.06816704,863.13968069,787.64420531,496.75378462,332.11729751,165.55683350,74.29197226,22.87559432,13.24052666,4.13580551,2.75169289,2.78863154,1.09118364,1.17364280
863.13968069,787.64420531,496.75378462,332.11729751,165.55683350,74.29197226,22.87559432,13.24052666,4.13580551,2.75169289,2.78863154,1.09118364,1.17364280,845.97166888,767.33117613,498.57878196,346.23738788,171.70464281,72.34833624,21.32179604,13.06196436,4.40909538,3.10185413,2.75169289,0.92861430,1.09118364
845.97166888,767.33117613,498.57878196,346.23738788,171.70464281,72.34833624,21.32179604,13.06196436,4.40909538,3.10185413,2.75169289,0.92861430,1.09118364,853.14181367,752.06881364,485.72063449,347.50941103,179.00472953,75.03492891,20.76397250,12.17474554,4.34963413,3.30682153,3.10185413,0.91631373,0.92861430
853.14181367,752.06881364,485.72063449,347.50941103,179.00472953,75.03492891,20.76397250,12.17474554,4.34963413,3.30682153,3.10185413,0.91631373,0.92861430,870.57614901,758.44307235,476.05955903,338.54728224,179.66236550,78.22506681,21.53502460,11.85622830,4.05419026,3.26222560,3.30682153,1.03291743,0.91631373
870.57614901,758.44307235,476.05955903,338.54728224,179.66236550,78.22506681,21.53502460,11.85622830,4.05419026,3.26222560,3.30682153,1.03291743,0.91631373,877.29309708,773.94219647,480.09446480,331.81351265,175.02894492,78.51245372,22.45059417,12.29649904,3.94812402,3.04064270,3.26222560,1.10117157,1.03291743
434.98277338,535.07892322,238.33986581,181.20982382,154.47086577,56.70539740,15.79185443,17.04630630,3.85382482,3.20868641,3.85208345,1.52801085,0.35924660,929.64168730,386.69968554,338.70495840,166.12288647,93.68547892,67.50376834,16.27444906,9.01714888,5.67642000,2.89036862,3.20868641,1.28274379,1.52801085
929.64168730,386.69968554,338.70495840,166.12288647,93.68547892,67.50376834,16.27444906,9.01714888,5.67642000,2.89036862,3.20868641,1.28274379,1.52801085,859.62546407,826.45146001,244.78090094,236.07735600,85.88553231,40.94055429,19.37358151,9.29271041,3.00271058,4.25731500,2.89036862,1.06849257,1.28274379
859.62546407,826.45146001,244.78090094,236.07735600,85.88553231,40.94055429,19.37358151,9.29271041,3.00271058,4.25731500,2.89036862,1.06849257,1.28274379,704.08730270,764.20703756,523.14377419,170.61228796,122.05199305,37.53197762,11.74993908,11.06231504,3.09447257,2.25203293,4.25731500,0.96249275,1.06849257
704.08730270,764.20703756,523.14377419,170.61228796,122.05199305,37.53197762,11.74993908,11.06231504,3.09447257,2.25203293,4.25731500,0.96249275,1.06849257,667.84447256,625.93361210,483.74305477,364.63121061,88.20655287,53.33672096,10.77167758,6.70921521,3.68375091,2.32085443,2.25203293,1.41768589,0.96249275
667.84447256,625.93361210,483.74305477,364.63121061,88.20655287,53.33672096,10.77167758,6.70921521,3.68375091,2.32085443,2.25203293,1.41768589,0.96249275,742.08160211,593.71373611,396.21597646,337.16890918,188.51433588,38.54626361,15.30763892,6.15062790,2.23416867,2.76281318,2.32085443,0.74992697,1.41768589
742.08160211,593.71373611,396.21597646,337.16890918,188.51433588,38.54626361,15.30763892,6.15062790,2.23416867,2.76281318,2.32085443,0.74992697,1.41768589,841.42227013,659.71054428,375.82079496,276.16253559,174.31632604,82.38076478,11.06277765,8.74066182,2.04815909,1.67562650,2.76281318,0.77284452,0.74992697
841.42227013,659.71054428,375.82079496,276.16253559,174.31632604,82.38076478,11.06277765,8.74066182,2.04815909,1.67562650,2.76281318,0.77284452,0.74992697,865.55943997,748.02439815,417.59677453,261.94709408,142.77603090,76.17623448,23.64327949,6.31684604,2.91064039,1.53611932,1.67562650,0.92001679,0.77284452
865.55943997,748.02439815,417.59677453,261.94709408,142.77603090,76.17623448,23.64327949,6.31684604,2.91064039,1.53611932,1.67562650,0.92001679,0.77284452,795.80704281,769.48234213,473.49944403,291.06495185,135.42664764,62.39312550,21.86257930,13.50031259,2.10350973,2.18298029,1.53611932,0.55798362,0.92001679
795.80704281,769.48234213,473.49944403,291.06495185,135.42664764,62.39312550,21.86257930,13.50031259,2.10350973,2.18298029,1.53611932,0.55798362,0.92001679,768.53371076,707.47246106,487.08232257,330.02911249,150.48058010,59.18144502,17.90682702,12.48353278,4.49560409,1.57763230,2.18298029,0.51152773,0.55798362
768.53371076,707.47246106,487.08232257,330.02911249,150.48058010,59.18144502,17.90682702,12.48353278,4.49560409,1.57763230,2.18298029,0.51152773,0.55798362,798.50960754,683.22646887,447.83006785,339.49637883,170.62505116,65.76001351,16.98507472,10.22479823,4.15701642,3.37170307,1.57763230,0.72693244,0.51152773
798.50960754,683.22646887,447.83006785,339.49637883,170.62505116,65.76001351,16.98507472,10.22479823,4.15701642,3.37170307,1.57763230,0.72693244,0.51152773,845.54971180,709.87504110,432.48235479,312.13755729,175.51962786,74.56314736,18.87312388,9.69847767,3.40485781,3.11776231,3.37170307,0.52535156,0.72693244
845.54971180,709.87504110,432.48235479,312.13755729,175.51962786,74.56314736,18.87312388,9.69847767,3.40485781,3.11776231,3.37170307,0.52535156,0.72693244,869.12321988,751.69369379,449.35090102,301.44020129,161.37511712,76.70207737,21.39962329,10.77655373,3.22959306,2.55364336,3.11776231,1.12277712,0.52535156
869.12321988,751.69369379,449.35090102,301.44020129,161.37511712,76.70207737,21.39962329,10.77655373,3.22959306,2.55364336,3.11776231,1.12277712,0.52535156,844.87807150,772.65054247,475.82210817,313.19757801,155.84458407,70.52092618,22.01349621,12.21918490,3.58859239,2.42219480,2.55364336,1.03821485,1.12277712
844.87807150,772.65054247,475.82210817,313.19757801,155.84458407,70.52092618,22.01349621,12.21918490,3.58859239,2.42219480,2.55364336,1.03821485,1.12277712,825.64457392,751.09660556,489.08779339,331.64800939,161.92314783,68.10408324,20.23950581,12.56970633,4.06898857,2.69144429,2.42219480,0.85036324,1.03821485
825.64457392,751.09660556,489.08779339,331.64800939,161.92314783,68.10408324,20.23950581,12.56970633,4.06898857,2.69144429,2.42219480,0.85036324,1.03821485,831.26835932,733.99802621,475.44415132,340.89419199,171.46202086,70.76041560,19.54587189,11.55675782,4.18571221,3.05174143,2.69144429,0.80659087,0.85036324
831.26835932,733.99802621,475.44415132,340.89419199,171.46202086,70.76041560,19.54587189,11.55675782,4.18571221,3.05174143,2.69144429,0.80659087,0.85036324,852.56397834,738.99757143,464.62075059,331.38457347,176.24229726,74.92890311,20.30823928,11.16069285,3.84840035,3.13928416,3.05174143,0.89625095,0.80659087
852.56397834,738.99757143,464.62075059,331.38457347,176.24229726,74.92890311,20.30823928,11.16069285,3.84840035,3.13928416,3.05174143,0.89625095,0.80659087,866.29661838,757.92937674,467.78546272,323.84066316,171.32582448,77.01788390,21.50459519,11.59600463,3.71651072,2.88630027,3.13928416,1.01622990,0.89625095
866.29661838,757.92937674,467.78546272,323.84066316,171.32582448,77.01788390,21.50459519,11.59600463,3.71651072,2.88630027,3.13928416,1.01622990,0.89625095,861.80476363,770.13769374,479.76929548,326.04646751,167.42562286,74.86938530,22.10413268,12.27912386,3.86146954,2.78738304,2.88630027,1.04538162,1.01622990
861.80476363,770.13769374,479.76929548,326.04646751,167.42562286,74.86938530,22.10413268,12.27912386,3.86146954,2.78738304,2.88630027,1.04538162,1.01622990,850.79588037,766.14443487,487.49716014,334.39919895,168.56602370,73.16499719,21.48751358,12.62145976,4.08894824,2.89610216,2.78738304,0.96113799,1.04538162
850.79588037,766.14443487,487.49716014,334.39919895,168.56602370,73.16499719,21.48751358,12.62145976,4.08894824,2.89610216,2.78738304,0.96113799,1.04538162,849.70016221,756.35753765,484.96942727,339.78552061,172.88438586,73.66335236,20.99835419,12.26937025,4.20294610,3.06671118,2.89610216,0.92819855,0.96113799
393.55678689,659.89518547,527.97124232,10.19271202,48.14208222,36.90219384,29.04976766,10.97256787,6.32545365,2.39895239,4.16322816,1.96973635,0.65733014,646.92107255,349.87198354,417.71365241,367.99595590,5.26963212,21.03808993,10.59092963,16.58741733,3.65386510,4.74409024,2.39895239,1.38635498,1.96973635
646.92107255,349.87198354,417.71365241,367.99595590,5.26963212,21.03808993,10.59092963,16.58741733,3.65386510,4.74409024,2.39895239,1.38635498,1.96973635,758.93165469,575.11283350,221.46896558,291.14641573,190.25390920,2.30282923,6.03793181,6.04742082,5.52360997,2.74039883,4.74409024,0.79885115,1.38635498
758.93165469,575.11283350,221.46896558,291.14641573,190.25390920,2.30282923,6.03793181,6.04742082,5.52360997,2.74039883,4.74409024,0.79885115,1.38635498,801.40389071,674.69024102,364.04642361,154.36386901,150.52269693,83.14095832,0.66091199,3.44765906,2.01379113,4.14270748,2.74039883,1.57978205,0.79885115
801.40389071,674.69024102,364.04642361,154.36386901,150.52269693,83.14095832,0.66091199,3.44765906,2.01379113,4.14270748,2.74039883,1.57978205,0.79885115,778.79715853,712.44805884,427.07892256,253.74035725,79.80612028,65.77841856,23.86145504,0.37738075,1.14807047,1.51034335,4.14270748,0.91255281,1.57978205
778.79715853,712.44805884,427.07892256,253.74035725,79.80612028,65.77841856,23.86145504,0.37738075,1.14807047,1.51034335,4.14270748,0.91255281,1.57978205,722.16656068,692.35067393,450.97962124,297.67400903,131.18376470,34.87527456,18.87840613,13.62489083,0.12566779,0.86105285,1.51034335,1.37952159,0.91255281
722.16656068,692.35067393,450.97962124,297.67400903,131.18376470,34.87527456,18.87840613,13.62489083,0.12566779,0.86105285,1.51034335,1.37952159,0.91255281,725.15213894,642.00607245,438.25797660,314.33279601,153.89746267,57.32730517,10.00920380,10.77956990,4.53708865,0.09425084,0.86105285,0.50294434,1.37952159
725.15213894,642.00607245,438.25797660,314.33279601,153.89746267,57.32730517,10.00920380,10.77956990,4.53708865,0.09425084,0.86105285,0.50294434,1.37952159,790.03961308,644.66025152,406.38984386,305.46580969,162.51005554,67.25319119,16.45293658,5.71525537,3.58959678,3.40281648,0.09425084,0.28673060,0.50294434
790.03961308,644.66025152,406.38984386,305.46580969,162.51005554,67.25319119,16.45293658,5.71525537,3.58959678,3.40281648,0.09425084,0.28673060,0.50294434,817.77570352,702.34521603,408.06993921,283.25372117,157.92582361,71.01689427,19.30166587,9.39462679,1.90318004,2.69219758,3.40281648,0.03138553,0.28673060
817.77570352,702.34521603,408.06993921,283.25372117,157.92582361,71.01689427,19.30166587,9.39462679,1.90318004,2.69219758,3.40281648,0.03138553,0.28673060,827.58783469,727.00260043,444.58452175,284.42474763,146.44217384,69.01358492,20.38184866,11.02125121,3.12841072,1.42738503,2.69219758,1.13313789,0.03138553
827.58783469,727.00260043,444.58452175,284.42474763,146.44217384,69.01358492,20.38184866,11.02125121,3.12841072,1.42738503,2.69219758,1.13313789,0.03138553,804.36730293,735.72558504,460.19264607,309.87541166,147.04759452,63.99522997,19.80689887,11.63803558,3.67007665,2.34630804,1.42738503,0.89650179,1.13313789
804.36730293,735.72558504,460.19264607,309.87541166,147.04759452,63.99522997,19.80689887,11.63803558,3.67007665,2.34630804,1.42738503,0.89650179,1.13313789,804.29928949,715.08253231,465.71429533,320.75427431,160.20558783,64.25979881,18.36663100,11.30973926,3.87546585,2.75255749,2.34630804,0.47531921,0.89650179
804.29928949,715.08253231,465.71429533,320.75427431,160.20558783,64.25979881,18.36663100,11.30973926,3.87546585,2.75255749,2.34630804,0.47531921,0.89650179,824.35504628,715.02206835,452.64724295,324.60286384,165.82995982,70.00984188,18.44256226,10.48734630,3.76614317,2.90659939,2.75255749,0.78132058,0.47531921
824.35504628,715.02206835,452.64724295,324.60286384,165.82995982,70.00984188,18.44256226,10.48734630,3.76614317,2.90659939,2.75255749,0.78132058,0.47531921,842.72678616,732.85163614,452.60896927,315.49512834,167.81968061,72.46769244,20.09282462,10.53070305,3.49228632,2.82460738,2.90659939,0.91660164,0.78132058
842.72678616,732.85163614,452.60896927,315.49512834,167.81968061,72.46769244,20.09282462,10.53070305,3.49228632,2.82460738,2.90659939,0.91660164,0.78132058,849.80568285,749.18411290,463.89508568,315.46845158,163.11098135,73.33720043,20.79822773,11.47300286,3.50672412,2.61921474,2.82460738,0.96789760,0.91660164
849.80568285,749.18411290,463.89508568,315.46845158,163.11098135,73.33720043,20.79822773,11.47300286,3.50672412,2.61921474,2.82460738,0.96789760,0.91660164,843.55293519,755.47725206,474.23354346,323.33487472,163.09718947,71.27949885,21.04777652,11.87578803,3.82050995,2.63004309,2.61921474,0.94059426,0.96789760
843.55293519,755.47725206,474.23354346,323.33487472,163.09718947,71.27949885,21.04777652,11.87578803,3.82050995,2.63004309,2.61921474,0.94059426,0.96789760,838.21275810,749.91855939,478.21710055,330.54077979,167.16413023,71.27347180,20.45721617,12.01828039,3.95463742,2.86538246,2.63004309,0.87219851,0.94059426
838.21275810,749.91855939,478.21710055,330.54077979,167.16413023,71.27347180,20.45721617,12.01828039,3.95463742,2.86538246,2.63004309,0.87219851,0.94059426,844.16075904,745.17114195,474.69844809,333.31731909,170.88958315,73.05072491,20.45548641,11.68107043,4.00208737,2.96597806,2.86538246,0.87580435,0.87219851
844.16075904,745.17114195,474.69844809,333.31731909,170.88958315,73.05072491,20.45548641,11.68107043,4.00208737,2.96597806,2.86538246,0.87580435,0.87219851,854.55606244,750.45891479,471.69333286,330.86481832,172.32505397,74.67874784,20.96555805,11.68008274,3.88979645,3.00156553,2.96597806,0.95417236,0.87580435
854.55606244,750.45891479,471.69333286,330.86481832,172.32505397,74.67874784,20.96555805,11.68008274,3.88979645,3.00156553,2.96597806,0.95417236,0.87580435,859.65322486,759.70033951,475.04049306,328.77025300,171.05711107,75.30604858,21.43280063,11.97133365,3.88946755,2.91734734,3.00156553,0.98767069,0.95417236
859.65322486,759.70033951,475.04049306,328.77025300,171.05711107,75.30604858,21.43280063,11.97133365,3.88946755,2.91734734,3.00156553,0.98767069,0.95417236,858.14015549,764.23171690,480.89031491,331.10322366,169.97422080,74.75195754,21.61283594,12.23812916,3.98645410,2.91710066,2.91734734,0.99952132,0.98767069
823.53345975,25.86400057,199.90793173,481.04963455,194.82507558,70.13574589,3.27907733,9.08508556,1.06936657,3.07030316,1.99672792,0.04922769,1.45379744,1101.83783708,732.12124572,16.37191236,139.33582842,248.70266106,85.13855803,20.12895907,1.87235315,3.02533349,0.80202493,3.07030316,0.66491040,0.04922769
1101.83783708,732.12124572,16.37191236,139.33582842,248.70266106,85.13855803,20.12895907,1.87235315,3.02533349,0.80202493,3.07030316,0.66491040,0.04922769,947.04475628,979.53383717,463.43274854,11.41122292,72.03662329,108.68306289,24.43476615,11.49363563,0.62349360,2.26900012,0.80202493,1.02241095,0.66491040
947.04475628,979.53383717,463.43274854,11.41122292,72.03662329,108.68306289,24.43476615,11.49363563,0.62349360,2.26900012,0.80202493,1.02241095,0.66491040,644.99759301,841.92278833,620.04491893,323.01262573,5.89960225,31.48000438,31.19203905,13.95225147,3.82738066,0.46762020,2.26900012,0.26707430,1.02241095
644.99759301,841.92278833,620.04491893,323.01262573,5.89960225,31.48000438,31.19203905,13.95225147,3.82738066,0.46762020,2.26900012,0.26707430,1.02241095,580.93960691,573.40286019,532.93712502,432.17130849,166.99752750,2.57812618,9.03476126,17.81065430,4.64609974,2.87053550,0.46762020,0.75557704,0.26707430
580.93960691,573.40286019,532.93712502,432.17130849,166.99752750,2.57812618,9.03476126,17.81065430,4.64609974,2.87053550,0.46762020,0.75557704,0.26707430,757.11691206,516.45531054,362.96401050,371.45717614,223.43256649,72.97791952,0.73992221,5.15884868,5.93094788,3.48457481,2.87053550,0.15571753,0.75557704
757.11691206,516.45531054,362.96401050,371.45717614,223.43256649,72.97791952,0.73992221,5.15884868,5.93094788,3.48457481,2.87053550,0.15571753,0.75557704,963.69160089,673.07693483,326.91621157,252.98591532,192.04336006,97.64003156,20.94466290,0.42249558,1.71789661,4.44821091,3.48457481,0.95588832,0.15571753
963.69160089,673.07693483,326.91621157,252.98591532,192.04336006,97.64003156,20.94466290,0.42249558,1.71789661,4.44821091,3.48457481,0.95588832,0.15571753,931.49753887,856.72183319,426.05769974,227.86059947,130.79371822,83.92294835,28.02268906,11.95940252,0.14069103,1.28842246,4.44821091,1.16036341,0.95588832
931.49753887,856.72183319,426.05769974,227.86059947,130.79371822,83.92294835,28.02268906,11.95940252,0.14069103,1.28842246,4.44821091,1.16036341,0.95588832,797.67828728,828.10131206,542.30492041,296.96221672,117.80392992,57.15685486,24.08588618,16.00095545,3.98248104,0.10551827,1.28842246,1.48125423,1.16036341
797.67828728,828.10131206,542.30492041,296.96221672,117.80392992,57.15685486,24.08588618,16.00095545,3.98248104,0.10551827,1.28842246,1.48125423,1.16036341,730.95795646,709.13599740,524.18813053,377.98652953,153.52946605,51.48031738,16.40401735,13.75304101,5.32831817,2.98686078,0.10551827,0.42904468,1.48125423
730.95795646,709.13599740,524.18813053,377.98652953,153.52946605,51.48031738,16.40401735,13.75304101,5.32831817,2.98686078,0.10551827,0.42904468,1.48125423,793.92680759,649.82162329,448.88308635,365.35912698,195.41903576,67.09237666,14.77485109,9.36669390,4.57976266,3.99623862,2.98686078,0.03513758,0.42904468
793.92680759,649.82162329,448.88308635,365.35912698,195.41903576,67.09237666,14.77485109,9.36669390,4.57976266,3.99623862,2.98686078,0.03513758,0.42904468,888.46138678,705.80093195,411.33708754,312.87151119,188.89066865,85.39811863,19.25551210,8.43643997,3.11910907,3.43482199,3.99623862,0.99462464,0.03513758
888.46138678,705.80093195,411.33708754,312.87151119,188.89066865,85.39811863,19.25551210,8.43643997,3.11910907,3.43482199,3.99623862,0.99462464,0.03513758,906.81152983,789.84217284,446.77198992,286.70195002,161.75457128,82.54522220,24.50926005,10.99489741,2.80933451,2.33933180,3.43482199,1.33074746,0.99462464
906.81152983,789.84217284,446.77198992,286.70195002,161.75457128,82.54522220,24.50926005,10.99489741,2.80933451,2.33933180,3.43482199,1.33074746,0.99462464,855.32140994,806.15545002,499.97009541,311.40007698,148.22490816,70.68674765,23.69047877,13.99478749,3.66130084,2.10700088,2.33933180,1.14379572,1.33074746
855.32140994,806.15545002,499.97009541,311.40007698,148.22490816,70.68674765,23.69047877,13.99478749,3.66130084,2.10700088,2.33933180,1.14379572,1.33074746,811.51042926,760.38073344,510.29639986,348.47915650,160.99383980,64.77428487,20.28709658,13.52726338,4.66026423,2.74597563,2.10700088,0.77899749,1.14379572
811.51042926,760.38073344,510.29639986,348.47915650,160.99383980,64.77428487,20.28709658,13.52726338,4.66026423,2.74597563,2.10700088,0.77899749,1.14379572,823.12474886,721.43277162,481.32100427,355.67659070,180.16372391,70.35430799,18.59021976,11.58393214,4.50457871,3.49519817,2.74597563,0.70163129,0.77899749
823.12474886,721.43277162,481.32100427,355.67659070,180.16372391,70.35430799,18.59021976,11.58393214,4.50457871,3.49519817,2.74597563,0.70163129,0.77899749,865.32841187,731.75790173,456.66694443,335.48073997,183.88479739,78.73154735,20.19168639,10.61501548,3.85744940,3.37843403,3.49519817,0.91440988,0.70163129
865.32841187,731.75790173,456.66694443,335.48073997,183.88479739,78.73154735,20.19168639,10.61501548,3.85744940,3.37843403,3.49519817,0.91440988,0.70163129,887.17321366,769.27695815,463.20275180,318.29686027,173.44354257,80.35765646,22.59595409,11.52945293,3.53480016,2.89308705,3.37843403,1.16390099,0.91440988
887.17321366,769.27695815,463.20275180,318.29686027,173.44354257,80.35765646,22.59595409,11.52945293,3.53480016,2.89308705,3.37843403,1.16390099,0.91440988,870.78525364,788.69698695,486.95231451,322.85231800,164.55947676,75.79482810,23.06264740,12.90228978,3.83930783,2.65110012,2.89308705,1.12501853,1.16390099
870.78525364,788.69698695,486.95231451,322.85231800,164.55947676,75.79482810,23.06264740,12.90228978,3.83930783,2.65110012,2.89308705,1.12501853,1.16390099,846.78669155,774.12809048,499.24519274,339.40576321,166.91464841,71.91249134,21.75311567,13.16877167,4.29646250,2.87948087,2.65110012,0.96339799,1.12501853
846.78669155,774.12809048,499.24519274,339.40576321,166.91464841,71.91249134,21.75311567,13.16877167,4.29646250,2.87948087,2.65110012,0.96339799,1.12501853,844.13071536,752.79336879,490.02308128,347.97389934,175.47277958,72.94170135,20.63888502,12.42102904,4.38520097,3.22234687,2.87948087,0.88281634,0.96339799
1113.91586876,992.29708165,631.94492063,142.11976122,266.91779533,93.12145371,22.62949430,4.68678510,2.39256112,4.24698108,0.78869373,0.65770958,0.38391607,754.89604753,990.27120732,628.12405268,440.46560968,73.47591655,116.64307656,26.72585721,12.92144124,1.56069944,1.79442084,4.24698108,0.26263501,0.65770958
754.89604753,990.27120732,628.12405268,440.46560968,73.47591655,116.64307656,26.72585721,12.92144124,1.56069944,1.79442084,4.24698108,0.26263501,0.65770958,745.23414330,671.10258625,626.84167424,437.80246472,227.72072021,32.10897553,33.47656297,15.26046447,4.30283993,1.17052458,1.79442084,1.41424470,0.26263501
745.23414330,671.10258625,626.84167424,437.80246472,227.72072021,32.10897553,33.47656297,15.26046447,4.30283993,1.17052458,1.79442084,1.41424470,0.26263501,857.61372797,662.51315340,424.80793710,436.90864694,226.34387426,99.51395473,9.21527598,19.11511746,5.08173467,3.22712995,1.17052458,0.59754214,1.41424470
857.61372797,662.51315340,424.80793710,436.90864694,226.34387426,99.51395473,9.21527598,19.11511746,5.08173467,3.22712995,1.17052458,0.59754214,1.41424470,1001.19629525,762.41860416,419.37082610,296.09113216,225.88177047,98.91227305,28.56050501,5.26192258,6.36533411,3.81130100,3.22712995,0.38978468,0.59754214
1001.19629525,762.41860416,419.37082610,296.09113216,225.88177047,98.91227305,28.56050501,5.26192258,6.36533411,3.81130100,3.22712995,0.38978468,0.59754214,956.44368834,890.06350648,482.61097643,292.30146579,153.07911533,98.71033370,28.38782237,16.30804836,1.75222022,4.77400059,3.81130100,1.07463427,0.38978468
956.44368834,890.06350648,482.61097643,292.30146579,153.07911533,98.71033370,28.38782237,16.30804836,1.75222022,4.77400059,3.81130100,1.07463427,0.38978468,859.80413305,850.27843894,563.41019960,336.37985057,151.11985781,66.89557340,28.32986577,16.20944657,5.43058010,1.31416517,4.77400059,1.26916323,1.07463427
859.80413305,850.27843894,563.41019960,336.37985057,151.11985781,66.89557340,28.32986577,16.20944657,5.43058010,1.31416517,4.77400059,1.26916323,1.07463427,820.72211222,764.36587429,538.22625185,392.69690912,173.90838275,66.03937786,19.19902956,16.17635335,5.39774571,4.07293508,1.31416517,1.58974219,1.26916323
820.72211222,764.36587429,538.22625185,392.69690912,173.90838275,66.03937786,19.19902956,16.17635335,5.39774571,4.07293508,1.31416517,1.58974219,1.26916323,855.43472183,729.62195776,483.84359842,375.14369754,203.02430202,75.99796326,18.95330145,10.96264588,5.38672567,4.04830928,4.07293508,0.43761700,1.58974219
855.43472183,729.62195776,483.84359842,375.14369754,203.02430202,75.99796326,18.95330145,10.96264588,5.38672567,4.04830928,4.07293508,0.43761700,1.58974219,916.71183140,760.48146771,461.85069926,337.23898810,193.94929163,88.72161998,21.81141546,10.82233513,3.65056108,4.04004425,4.04830928,1.35628738,0.43761700
916.71183140,760.48146771,461.85069926,337.23898810,193.94929163,88.72161998,21.81141546,10.82233513,3.65056108,4.04004425,4.04830928,1.35628738,0.43761700,912.94654208,814.95681812,481.38476906,321.90993739,174.35255685,84.75584044,25.46310493,12.45431823,3.60383760,2.73792081,4.04004425,1.34808699,1.35628738
912.94654208,814.95681812,481.38476906,321.90993739,174.35255685,84.75584044,25.46310493,12.45431823,3.60383760,2.73792081,4.04004425,1.34808699,1.35628738,878.63230701,811.60947591,515.86766587,335.52518404,166.42743763,76.19206734,24.32492621,14.53943292,4.14728797,2.70287820,2.73792081,1.34533474,1.34808699
878.63230701,811.60947591,515.86766587,335.52518404,166.42743763,76.19206734,24.32492621,14.53943292,4.14728797,2.70287820,2.73792081,1.34533474,1.34808699,848.30485474,781.10412093,513.74879825,359.55976311,173.46652015,72.72879024,21.86712333,13.88953286,4.84163116,3.11046598,2.70287820,0.91172763,1.34533474
848.30485474,781.10412093,513.74879825,359.55976311,173.46652015,72.72879024,21.86712333,13.88953286,4.84163116,3.11046598,2.70287820,0.91172763,1.34533474,856.52335029,754.14301587,494.43890855,358.08291238,185.89239753,75.80486930,20.87316280,12.48612742,4.62521444,3.63122337,3.11046598,0.90005844,0.91172763
856.52335029,754.14301587,494.43890855,358.08291238,185.89239753,75.80486930,20.87316280,12.48612742,4.62521444,3.63122337,3.11046598,0.90005844,0.91172763,879.90953469,761.44925841,477.37252904,344.62391926,185.12886570,81.23497772,21.75599749,11.91857596,4.15788043,3.46891083,3.63122337,1.03578517,0.90005844
879.90953469,761.44925841,477.37252904,344.62391926,185.12886570,81.23497772,21.75599749,11.91857596,4.15788043,3.46891083,3.63122337,1.03578517,0.90005844,891.12156914,782.23957634,481.99738057,332.72865274,178.17056626,80.90131431,23.31443861,12.42267457,3.96888579,3.11841032,3.46891083,1.20919738,1.03578517
891.12156914,782.23957634,481.99738057,332.72865274,178.17056626,80.90131431,23.31443861,12.42267457,3.96888579,3.11841032,3.46891083,1.20919738,1.03578517,878.40568908,792.20707496,495.15765182,335.95217426,172.02071347,77.86053745,23.21867721,13.31254444,4.13675063,2.97666435,3.11841032,1.15514731,1.20919738
878.40568908,792.20707496,495.15765182,335.95217426,172.02071347,77.86053745,23.21867721,13.31254444,4.13675063,2.97666435,3.11841032,1.15514731,1.20919738,862.73568068,780.90265759,501.46707845,345.12488332,173.68727409,75.17305179,22.34597425,13.25786469,4.43307730,3.10256297,2.97666435,1.03843064,1.15514731
862.73568068,780.90265759,501.46707845,345.12488332,173.68727409,75.17305179,22.34597425,13.25786469,4.43307730,3.10256297,2.97666435,1.03843064,1.15514731,860.37432453,766.97202012,494.31138225,349.52255368,178.42956468,75.90133878,21.57466586,12.75955130,4.41486894,3.32480797,3.10256297,0.99122923,1.03843064
860.37432453,766.97202012,494.31138225,349.52255368,178.42956468,75.90133878,21.57466586,12.75955130,4.41486894,3.32480797,3.10256297,0.99122923,1.03843064,870.18473876,764.87277450,485.49328874,344.53503343,180.70316025,77.97371976,21.78368423,12.31913421,4.24893058,3.31115171,3.32480797,1.03315347,0.99122923
870.18473876,764.87277450,485.49328874,344.53503343,180.70316025,77.97371976,21.78368423,12.31913421,4.24893058,3.31115171,3.32480797,1.03315347,0.99122923,877.88023953,773.59423276,484.16446626,338.38882225,178.12461228,78.96728103,22.37845757,12.43848370,4.10227169,3.18669794,3.31115171,1.10716106,1.03315347
268.96598721,340.29702251,116.44206592,349.63585287,109.75165425,13.85428559,13.94817781,15.29457506,4.13412174,1.22212184,3.03606555,1.36140707,1.74271457,794.78452796,239.11076263,215.40801525,81.16011995,180.76173594,47.96147291,3.97617996,7.96440953,5.09309349,3.10059131,1.22212184,1.01100983,1.36140707
794.78452796,239.11076263,215.40801525,81.16011995,180.76173594,47.96147291,3.97617996,7.96440953,5.09309349,3.10059131,1.22212184,1.01100983,1.36140707,619.40494064,706.56344536,151.35711274,150.13938663,41.95978201,78.99287860,13.76494272,2.27039876,2.65214837,3.81982012,3.10059131,0.40696657,1.01100983
619.40494064,706.56344536,151.35711274,150.13938663,41.95978201,78.99287860,13.76494272,2.27039876,2.65214837,3.81982012,3.10059131,0.40696657,1.01100983,659.09276627,550.65099223,447.25466091,105.49590758,77.62206289,18.33642474,22.67095616,7.85978230,0.75604279,1.98911128,3.81982012,1.03249690,0.40696657
659.09276627,550.65099223,447.25466091,105.49590758,77.62206289,18.33642474,22.67095616,7.85978230,0.75604279,1.98911128,3.81982012,1.03249690,0.40696657,602.19096969,585.93346921,348.56207808,311.73649866,54.54138422,33.92084148,5.26255390,12.94511597,2.61730750,0.56703209,1.98911128,1.27200010,1.03249690
602.19096969,585.93346921,348.56207808,311.73649866,54.54138422,33.92084148,5.26255390,12.94511597,2.61730750,0.56703209,1.98911128,1.27200010,1.03249690,663.33430450,535.34777206,370.89588601,242.94776842,161.16776981,23.83458490,9.73528151,3.00491828,4.31072362,1.96298063,0.56703209,0.66237406,1.27200010
663.33430450,535.34777206,370.89588601,242.94776842,161.16776981,23.83458490,9.73528151,3.00491828,4.31072362,1.96298063,0.56703209,0.66237406,1.27200010,724.67840215,589.70419670,338.87513971,258.51443255,125.60399628,70.43031540,6.84052587,5.55884574,1.00063779,3.23304271,1.96298063,0.18882169,0.66237406
724.67840215,589.70419670,338.87513971,258.51443255,125.60399628,70.43031540,6.84052587,5.55884574,1.00063779,3.23304271,1.96298063,0.18882169,0.66237406,778.22041522,644.23909951,373.28275651,236.19597238,133.65196163,54.88894637,20.21350052,3.90594027,1.85109563,0.75047834,3.23304271,0.65367255,0.18882169
778.22041522,644.23909951,373.28275651,236.19597238,133.65196163,54.88894637,20.21350052,3.90594027,1.85109563,0.75047834,3.23304271,0.65367255,0.18882169,753.37431391,691.83794913,407.80334999,260.17808129,122.11331772,58.40590723,15.75312761,11.54190880,1.30067811,1.38832172,0.75047834,1.07660322,0.65367255
753.37431391,691.83794913,407.80334999,260.17808129,122.11331772,58.40590723,15.75312761,11.54190880,1.30067811,1.38832172,0.75047834,1.07660322,0.65367255,741.32992425,669.74976507,437.93342180,284.23893494,134.51206803,53.36351984,16.76249538,8.99503586,3.84345563,0.97550858,1.38832172,0.24990929,1.07660322
741.32992425,669.74976507,437.93342180,284.23893494,134.51206803,53.36351984,16.76249538,8.99503586,3.84345563,0.97550858,1.38832172,0.24990929,1.07660322,758.48729236,659.04230266,423.95160129,305.23959499,146.95152937,58.78177373,15.31533020,9.57138486,2.99534694,2.88259172,0.97550858,0.46231113,0.24990929
758.48729236,659.04230266,423.95160129,305.23959499,146.95152937,58.78177373,15.31533020,9.57138486,2.99534694,2.88259172,0.97550858,0.46231113,0.24990929,788.38010894,674.29520291,417.17377759,295.49426610,157.80887061,64.21781833,16.87036906,8.74505354,3.18727116,2.24651021,2.88259172,0.32484436,0.46231113
788.38010894,674.29520291,417.17377759,295.49426610,157.80887061,64.21781833,16.87036906,8.74505354,3.18727116,2.24651021,2.88259172,0.32484436,0.46231113,820.84295478,700.86991685,426.82886344,290.77012298,152.77053557,68.96247646,18.43051386,9.63298073,2.91210283,2.39045337,2.24651021,0.95990304,0.32484436
820.84295478,700.86991685,426.82886344,290.77012298,152.77053557,68.96247646,18.43051386,9.63298073,2.91210283,2.39045337,2.24651021,0.95990304,0.32484436,818.67116566,729.72938680,443.65065736,297.49971782,150.32815358,66.76072405,19.79223074,10.52382341,3.20778258,2.18407712,2.39045337,0.74808790,0.95990304
818.67116566,729.72938680,443.65065736,297.49971782,150.32815358,66.76072405,19.79223074,10.52382341,3.20778258,2.18407712,2.39045337,0.74808790,0.95990304,813.11154722,727.79866627,461.91870185,309.22450818,153.80735411,65.69340311,19.16032780,11.30136375,3.50443320,2.40583694,2.18407712,0.79602097,0.74808790
813.11154722,727.79866627,461.91870185,309.22450818,153.80735411,65.69340311,19.16032780,11.30136375,3.50443320,2.40583694,2.18407712,0.79602097,0.74808790,812.87494702,722.85616548,460.69655575,321.95733519,159.86907073,67.21381375,18.85400669,10.94054717,3.76335413,2.62832490,2.40583694,0.72729768,0.79602097
812.87494702,722.85616548,460.69655575,321.95733519,159.86907073,67.21381375,18.85400669,10.94054717,3.76335413,2.62832490,2.40583694,0.72729768,0.79602097,828.16683661,722.64582790,457.56795275,321.10549936,166.45194229,69.86278391,19.29036455,10.76563782,3.64320221,2.82251560,2.62832490,0.80114370,0.72729768
828.16683661,722.64582790,457.56795275,321.10549936,166.45194229,69.86278391,19.29036455,10.76563782,3.64320221,2.82251560,2.62832490,0.80114370,0.72729768,842.67404496,736.24031774,457.43480906,318.92486306,166.01154317,72.73949878,20.05061898,11.01479816,3.58495739,2.73240166,2.82251560,0.87523219,0.80114370
842.67404496,736.24031774,457.43480906,318.92486306,166.01154317,72.73949878,20.05061898,11.01479816,3.58495739,2.73240166,2.82251560,0.87523219,0.80114370,847.30254155,749.13722597,466.04012113,318.83206191,164.88415420,72.54704436,20.87623615,11.44890344,3.66792779,2.68871805,2.73240166,0.93989769,0.87523219
847.30254155,749.13722597,466.04012113,318.83206191,164.88415420,72.54704436,20.87623615,11.44890344,3.66792779,2.68871805,2.73240166,0.93989769,0.87523219,843.31279367,753.25195944,474.20386404,324.82996443,164.83617601,72.05437539,20.82100173,11.92033084,3.81248485,2.75094584,2.68871805,0.90988975,0.93989769
843.31279367,753.25195944,474.20386404,324.82996443,164.83617601,72.05437539,20.82100173,11.92033084,3.81248485,2.75094584,2.68871805,0.90988975,0.93989769,842.46761951,749.70507357,476.80849033,330.52009323,167.93709161,72.03340892,20.67960574,11.88879199,3.96947017,2.85936363,2.75094584,0.89534311,0.90988975
151.15646413,1116.14893666,307.94413830,315.00612538,95.47792786,48.11430428,21.34484999,1.94404194,2.62867974,3.59927599,0.16205287,1.04577841,0.24947915,571.22002794,134.37809661,706.52227690,214.63706440,162.85816682,41.72385447,13.80880533,12.18790935,0.64736597,1.97150980,3.59927599,0.05396360,1.04577841
571.22002794,134.37809661,706.52227690,214.63706440,162.85816682,41.72385447,13.80880533,12.18790935,0.64736597,1.97150980,3.59927599,0.05396360,1.04577841,915.65095285,507.81460484,85.06133515,492.44602700,110.96736229,71.16901890,11.97474623,7.88482784,4.05857381,0.48552447,1.97150980,1.19855890,0.05396360
915.65095285,507.81460484,85.06133515,492.44602700,110.96736229,71.16901890,11.97474623,7.88482784,4.05857381,0.48552447,1.97150980,1.19855890,0.05396360,949.40808891,814.01369709,321.44664486,59.28775060,254.59459596,48.49273732,20.42550842,6.83758010,2.62564767,3.04393036,0.48552447,0.65651276,1.19855890
949.40808891,814.01369709,321.44664486,59.28775060,254.59459596,48.49273732,20.42550842,6.83758010,2.62564767,3.04393036,0.48552447,0.65651276,1.19855890,787.89689522,844.02379104,515.27067026,224.04831147,30.65176706,111.25783843,13.91741561,11.66296531,2.27691417,1.96923575,3.04393036,0.16167965,0.65651276
787.89689522,844.02379104,515.27067026,224.04831147,30.65176706,111.25783843,13.91741561,11.66296531,2.27691417,1.96923575,3.04393036,0.16167965,0.65651276,691.24266960,700.44033985,534.26705973,359.14365717,115.83297703,13.39482221,31.93099963,7.94684431,3.88376745,1.70768563,1.96923575,1.01362881,0.16167965
691.24266960,700.44033985,534.26705973,359.14365717,115.83297703,13.39482221,31.93099963,7.94684431,3.88376745,1.70768563,1.96923575,1.01362881,0.16167965,696.37368534,614.51473327,443.37873513,372.38414063,185.67727076,50.61901096,3.84431397,18.23260079,2.64629916,2.91282559,1.70768563,0.65575551,1.01362881
696.37368534,614.51473327,443.37873513,372.38414063,185.67727076,50.61901096,3.84431397,18.23260079,2.64629916,2.91282559,1.70768563,0.65575551,1.01362881,856.94871132,619.07620627,388.98782616,309.03497838,192.52260071,81.14096732,14.52765615,2.19510328,6.07145606,1.98472437,2.91282559,0.56865931,0.65575551
856.94871132,619.07620627,388.98782616,309.03497838,192.52260071,81.14096732,14.52765615,2.19510328,6.07145606,1.98472437,2.91282559,0.56865931,0.65575551,907.20878004,761.82740437,391.87523857,271.12451483,159.77108382,84.13237651,23.28745762,8.29529166,0.73096939,4.55359205,1.98472437,0.96997092,0.56865931
907.20878004,761.82740437,391.87523857,271.12451483,159.77108382,84.13237651,23.28745762,8.29529166,0.73096939,4.55359205,1.98472437,0.96997092,0.56865931,847.39727508,806.50860546,482.23674696,273.13704128,140.17137417,69.81996363,24.14599206,13.29713830,2.76233212,0.54822704,4.55359205,0.66091321,0.96997092
847.39727508,806.50860546,482.23674696,273.13704128,140.17137417,69.81996363,24.14599206,13.29713830,2.76233212,0.54822704,4.55359205,0.66091321,0.96997092,793.49384282,753.33617755,510.51994725,336.11901263,141.21185034,61.25489051,20.03832956,13.78736147,4.42794705,2.07174909,0.54822704,1.51634615,0.66091321
793.49384282,753.33617755,510.51994725,336.11901263,141.21185034,61.25489051,20.03832956,13.78736147,4.42794705,2.07174909,0.54822704,1.51634615,0.66091321,783.86541139,705.41602627,476.86180039,355.83240324,173.77352953,61.70957860,17.58015358,11.44188618,4.59119137,3.32096029,2.07174909,0.18255961,1.51634615
783.86541139,705.41602627,476.86180039,355.83240324,173.77352953,61.70957860,17.58015358,11.44188618,4.59119137,3.32096029,2.07174909,0.18255961,1.51634615,846.82155570,696.85635072,446.52834463,332.37267487,183.96535247,75.93903241,17.71064906,10.03826769,3.81014810,3.44339353,3.32096029,0.68989245,0.18255961
846.82155570,696.85635072,446.52834463,332.37267487,183.96535247,75.93903241,17.71064906,10.03826769,3.81014810,3.44339353,3.32096029,0.68989245,0.18255961,880.12477729,752.82436302,441.11007001,311.23025621,171.83667291,80.39285903,21.79450230,10.11278061,3.34274314,2.85761107,3.44339353,1.10587978,0.68989245
880.12477729,752.82436302,441.11007001,311.23025621,171.83667291,80.39285903,21.79450230,10.11278061,3.34274314,2.85761107,3.44339353,1.10587978,0.68989245,869.74245209,782.43092701,476.53782179,307.45371879,160.90604246,75.09262606,23.07275054,12.44466081,3.36755594,2.50705736,2.85761107,1.14665004,1.10587978
869.74245209,782.43092701,476.53782179,307.45371879,160.90604246,75.09262606,23.07275054,12.44466081,3.36755594,2.50705736,2.85761107,1.14665004,1.10587978,839.75136015,773.20103991,495.27877680,332.14686179,158.95357262,70.31594055,21.55158368,13.17454056,4.14407205,2.52566696,2.50705736,0.95158449,1.14665004
839.75136015,773.20103991,495.27877680,332.14686179,158.95357262,70.31594055,21.55158368,13.17454056,4.14407205,2.52566696,2.50705736,0.95158449,1.14665004,830.60896427,746.53895917,489.43625826,345.20930743,171.71992754,69.46271123,20.18067494,12.30595428,4.38712201,3.10805404,2.52566696,0.83485010,0.95158449
830.60896427,746.53895917,489.43625826,345.20930743,171.71992754,69.46271123,20.18067494,12.30595428,4.38712201,3.10805404,2.52566696,0.83485010,0.95158449,848.31980331,738.41136923,472.55916116,341.13707201,178.47321194,75.04160834,19.93579812,11.52316539,4.09788278,3.29034150,3.10805404,0.84104710,0.83485010
848.31980331,738.41136923,472.55916116,341.13707201,178.47321194,75.04160834,19.93579812,11.52316539,4.09788278,3.29034150,3.10805404,0.84104710,0.83485010,870.71618638,754.15630515,467.41439672,329.37373533,176.36786623,77.99279362,21.53694159,11.38334073,3.83721407,3.07341208,3.29034150,1.03498199,0.84104710
870.71618638,754.15630515,467.41439672,329.37373533,176.36786623,77.99279362,21.53694159,11.38334073,3.83721407,3.07341208,3.29034150,1.03498199,0.84104710,872.03331179,774.06668970,477.38094116,325.78783452,170.28622116,77.07275754,22.38393177,12.29759365,3.79065246,2.87791056,3.07341208,1.09568372,1.03498199
872.03331179,774.06668970,477.38094116,325.78783452,170.28622116,77.07275754,22.38393177,12.29759365,3.79065246,2.87791056,3.07341208,1.09568372,1.03498199,859.37802720,775.23761419,489.98421458,332.73451599,168.43231045,74.41507865,22.11988141,12.78122504,4.09509869,2.84298935,2.87791056,1.02344622,1.09568372
1230.96974799,500.08856668,448.49957828,233.11669946,218.95779823,88.83201655,13.07309311,17.56678537,4.38668921,1.86835811,3.65965357,0.99759924,1.88951146,1063.74887459,1094.33210597,316.55606271,312.60420606,120.52133362,95.68455783,25.49478875,7.46473617,5.84973953,3.29001691,1.86835811,1.21866464,0.99759924
1063.74887459,1094.33210597,316.55606271,312.60420606,120.52133362,95.68455783,25.49478875,7.46473617,5.84973953,3.29001691,1.86835811,1.21866464,0.99759924,755.62743069,945.67274951,692.71222308,220.63957571,161.61637454,52.66782279,27.46146810,14.55752438,2.48575714,4.38730464,3.29001691,0.62216325,1.21866464
755.62743069,945.67274951,692.71222308,220.63957571,161.61637454,52.66782279,27.46146810,14.55752438,2.48575714,4.38730464,3.29001691,0.62216325,1.21866464,706.76318763,671.75278589,598.61085044,482.82041948,114.07066064,70.62635567,15.11566514,15.68049828,4.84765562,1.86431786,4.38730464,1.09557563,0.62216325
706.76318763,671.75278589,598.61085044,482.82041948,114.07066064,70.62635567,15.11566514,15.68049828,4.84765562,1.86431786,4.38730464,1.09557563,0.62216325,835.19197829,628.31247380,425.21951347,417.23176276,249.61815687,49.84887870,20.26976408,8.63104480,5.22160593,3.63574171,1.86431786,1.46097245,1.09557563
835.19197829,628.31247380,425.21951347,417.23176276,249.61815687,49.84887870,20.26976408,8.63104480,5.22160593,3.63574171,1.86431786,1.46097245,1.09557563,951.96200510,742.48566870,397.72179592,296.37800089,215.70882134,109.08313455,14.30662819,11.57403529,2.87413792,3.91620445,3.63574171,0.62081785,1.46097245
951.96200510,742.48566870,397.72179592,296.37800089,215.70882134,109.08313455,14.30662819,11.57403529,2.87413792,3.91620445,3.63574171,0.62081785,1.46097245,968.96474843,846.29422254,469.99342828,277.21209175,153.22742646,94.26475493,31.30685962,8.16908469,3.85415375,2.15560344,3.91620445,1.21070199,0.62081785
968.96474843,846.29422254,469.99342828,277.21209175,153.22742646,94.26475493,31.30685962,8.16908469,3.85415375,2.15560344,3.91620445,1.21070199,0.62081785,847.49734742,861.40966136,535.70424286,327.58541951,143.31865144,66.96038536,27.05398466,17.87621684,2.72030520,2.89061531,2.15560344,1.30409608,1.21070199
847.49734742,861.40966136,535.70424286,327.58541951,143.31865144,66.96038536,27.05398466,17.87621684,2.72030520,2.89061531,2.15560344,1.30409608,1.21070199,796.02899534,753.42514186,545.27231564,373.38585728,169.36166189,62.63025068,19.21763060,15.44782524,5.95278021,2.04022890,2.89061531,0.71781594,1.30409608
796.02899534,753.42514186,545.27231564,373.38585728,169.36166189,62.63025068,19.21763060,15.44782524,5.95278021,2.04022890,2.89061531,0.71781594,1.30409608,837.94122121,707.66977686,476.91811479,380.05480400,193.04048821,74.01104625,17.97488194,10.97326707,5.14412581,4.46458516,2.04022890,0.96257490,0.71781594
837.94122121,707.66977686,476.91811479,380.05480400,193.04048821,74.01104625,17.97488194,10.97326707,5.14412581,4.46458516,2.04022890,0.96257490,0.71781594,893.96032576,744.92974566,447.95496875,332.41192601,196.48833367,84.35869335,21.24117027,10.26365759,3.65409793,3.85809435,4.46458516,0.67939622,0.96257490
893.96032576,744.92974566,447.95496875,332.41192601,196.48833367,84.35869335,21.24117027,10.26365759,3.65409793,3.85809435,4.46458516,0.67939622,0.96257490,916.37691595,794.73072960,471.54052900,312.22461322,171.85696575,85.86540181,24.21094499,12.12870823,3.41779798,2.74057345,3.85809435,1.48670686,0.67939622
916.37691595,794.73072960,471.54052900,312.22461322,171.85696575,85.86540181,24.21094499,12.12870823,3.41779798,2.74057345,3.85809435,1.48670686,0.67939622,874.67071079,814.65907828,503.06455184,328.66374871,161.42012503,75.10149403,24.64337032,13.82444959,4.03885984,2.56334848,2.74057345,1.28474542,1.48670686
874.67071079,814.65907828,503.06455184,328.66374871,161.42012503,75.10149403,24.64337032,13.82444959,4.03885984,2.56334848,2.74057345,1.28474542,1.48670686,841.64515771,777.58226189,515.67919655,350.63599263,169.91915808,70.54059464,21.55412879,14.07136445,4.60354171,3.02914488,2.56334848,0.91261096,1.28474542
841.64515771,777.58226189,515.67919655,350.63599263,169.91915808,70.54059464,21.55412879,14.07136445,4.60354171,3.02914488,2.56334848,0.91261096,1.28474542,846.13366956,748.22254521,492.20957178,359.42840000,181.27880819,74.25467208,20.24515066,12.30740754,4.68576436,3.45265629,3.02914488,0.85359504,0.91261096
846.13366956,748.22254521,492.20957178,359.42840000,181.27880819,74.25467208,20.24515066,12.30740754,4.68576436,3.45265629,3.02914488,0.85359504,0.91261096,872.67508649,752.21283224,473.62487112,343.07007153,185.82448280,79.21883918,21.31109089,11.55998103,4.09836671,3.51432327,3.45265629,1.00870524,0.85359504
872.67508649,752.21283224,473.62487112,343.07007153,185.82448280,79.21883918,21.31109089,11.55998103,4.09836671,3.51432327,3.45265629,1.00870524,0.85359504,888.12947928,775.80815189,476.15072281,330.11653517,177.36722698,81.20529898,22.73580684,12.16863290,3.84947368,3.07377503,3.51432327,1.14973454,1.00870524
888.12947928,775.80815189,476.15072281,330.11653517,177.36722698,81.20529898,22.73580684,12.16863290,3.84947368,3.07377503,3.51432327,1.14973454,1.00870524,878.39792083,789.54710708,491.08656015,331.87705380,170.67024868,77.50947819,23.30592081,12.98214571,4.05215475,2.88710526,3.07377503,1.17026965,1.14973454
878.39792083,789.54710708,491.08656015,331.87705380,170.67024868,77.50947819,23.30592081,12.98214571,4.05215475,2.88710526,3.07377503,1.17026965,1.14973454,859.76354767,780.89575161,499.78331878,342.28733242,171.58043681,74.58289867,22.24522024,13.30768078,4.32305452,3.03911607,2.88710526,1.02356709,1.17026965
859.76354767,780.89575161,499.78331878,342.28733242,171.58043681,74.58289867,22.24522024,13.30768078,4.32305452,3.03911607,2.88710526,1.02356709,1.17026965,856.05390269,764.32979388,494.30701077,348.34897319,176.96255086,74.98065089,21.40529192,12.70202076,4.43145770,3.24229089,3.03911607,0.96140605,1.02356709
856.05390269,764.32979388,494.30701077,348.34897319,176.96255086,74.98065089,21.40529192,12.70202076,4.43145770,3.24229089,3.03911607,0.96140605,1.02356709,866.28375996,761.03191949,483.82075953,344.53198651,180.09641914,77.33263473,21.51944680,12.22242169,4.22977291,3.32359328,3.24229089,1.01202565,0.96140605
706.47800174,819.67956666,31.11029766,446.68137111,145.74664509,111.89561751,32.52298008,13.70528910,5.68846817,0.54518866,4.78560378,0.35801898,0.96025506,1074.15596387,628.05894354,518.85716570,21.68387747,230.93426886,63.69128390,32.11404222,18.57062162,4.56386127,4.26635113,0.54518866,1.59360606,0.35801898
1074.15596387,628.05894354,518.85716570,21.68387747,230.93426886,63.69128390,32.11404222,18.57062162,4.56386127,4.26635113,0.54518866,1.59360606,0.35801898,939.11621800,954.92465188,397.56131126,361.64344449,11.21056465,100.91827549,18.27939848,18.33711811,6.18401700,3.42289595,4.26635113,0.18154782,1.59360606
939.11621800,954.92465188,397.56131126,361.64344449,11.21056465,100.91827549,18.27939848,18.33711811,6.18401700,3.42289595,4.26635113,0.18154782,1.59360606,762.69741465,834.87431780,604.46730464,277.10023395,186.96966080,4.89901675,28.96354507,10.43753653,6.10626033,4.63801275,3.42289595,1.42069493,0.18154782
762.69741465,834.87431780,604.46730464,277.10023395,186.96966080,4.89901675,28.96354507,10.43753653,6.10626033,4.63801275,3.42289595,1.42069493,0.18154782,715.49972004,678.03800163,528.47544317,421.31371134,143.26082095,81.70574177,1.40601781,16.53818423,3.47569967,4.57969525,4.63801275,1.13982435,1.42069493
715.49972004,678.03800163,528.47544317,421.31371134,143.26082095,81.70574177,1.40601781,16.53818423,3.47569967,4.57969525,4.63801275,1.13982435,1.42069493,875.35546894,636.07925111,429.19805503,368.34738389,217.81918876,62.60497876,23.44954789,0.80283617,5.50721535,2.60677475,4.57969525,1.54445825,1.13982435
875.35546894,636.07925111,429.19805503,368.34738389,217.81918876,62.60497876,23.44954789,0.80283617,5.50721535,2.60677475,4.57969525,1.54445825,1.13982435,937.78003055,778.19101189,402.63816596,299.15104436,190.43559747,95.18698549,17.96762890,13.38969184,0.26734444,4.13041151,2.60677475,1.52503852,1.54445825
937.78003055,778.19101189,402.63816596,299.15104436,190.43559747,95.18698549,17.96762890,13.38969184,0.26734444,4.13041151,2.60677475,1.52503852,1.54445825,912.77429754,833.68644716,492.59491053,280.63880167,154.66108993,83.22035609,27.31866484,10.25951610,4.45876738,0.20050833,4.13041151,0.86805599,1.52503852
912.77429754,833.68644716,492.59491053,280.63880167,154.66108993,83.22035609,27.31866484,10.25951610,4.45876738,0.20050833,4.13041151,0.86805599,1.52503852,826.23399738,811.45635051,527.72352105,343.33865264,145.09026046,67.58689630,23.88424220,15.59895762,3.41641886,3.34407554,0.20050833,1.37542703,0.86805599
826.23399738,811.45635051,527.72352105,343.33865264,145.09026046,67.58689630,23.88424220,15.59895762,3.41641886,3.34407554,0.20050833,1.37542703,0.86805599,791.64943552,734.52202367,513.65186987,367.82329417,177.50608341,63.40444382,19.39743924,13.63790230,5.19445289,2.56231415,3.34407554,0.06676927,1.37542703
791.64943552,734.52202367,513.65186987,367.82329417,177.50608341,63.40444382,19.39743924,13.63790230,5.19445289,2.56231415,3.34407554,0.06676927,1.37542703,851.93768474,703.77634817,464.95244098,358.01535330,190.16464309,77.57015845,18.19707538,11.07593781,4.54142146,3.89583967,2.56231415,1.11357715,0.06676927
851.93768474,703.77634817,464.95244098,358.01535330,190.16464309,77.57015845,18.19707538,11.07593781,4.54142146,3.89583967,2.56231415,1.11357715,0.06676927,892.06553427,757.37260173,445.49042839,324.07185136,185.09393766,83.10194903,22.26263548,10.39053004,3.68828729,3.40606610,3.89583967,0.85325061,1.11357715
892.06553427,757.37260173,445.49042839,324.07185136,185.09393766,83.10194903,22.26263548,10.39053004,3.68828729,3.40606610,3.89583967,0.85325061,1.11357715,898.67696165,793.04625997,479.41685690,310.50682859,167.54514716,80.88605076,23.85025937,12.71196486,3.46004650,2.76621547,3.40606610,1.29731461,0.85325061
898.67696165,793.04625997,479.41685690,310.50682859,167.54514716,80.88605076,23.85025937,12.71196486,3.46004650,2.76621547,3.40606610,1.29731461,0.85325061,858.99812565,798.92381891,501.99828256,334.15354926,160.53203038,73.21722931,23.21429657,13.61849810,4.23308430,2.59503488,2.76621547,1.13422001,1.29731461
858.99812565,798.92381891,501.99828256,334.15354926,160.53203038,73.21722931,23.21429657,13.61849810,4.23308430,2.59503488,2.76621547,1.13422001,1.29731461,838.10033161,763.64933371,505.71877737,349.89280294,172.75738497,70.15249728,21.01334481,13.25536334,4.53495987,3.17481322,2.59503488,0.92114975,1.13422001
838.10033161,763.64933371,505.71877737,349.89280294,172.75738497,70.15249728,21.01334481,13.25536334,4.53495987,3.17481322,2.59503488,0.92114975,1.13422001,850.49727936,745.07119480,483.39002824,352.48598783,180.89457912,75.49497723,20.13376672,11.99861989,4.41403599,3.40121990,3.17481322,0.86414661,0.92114975
850.49727936,745.07119480,483.39002824,352.48598783,180.89457912,75.49497723,20.13376672,11.99861989,4.41403599,3.40121990,3.17481322,0.86414661,0.92114975,875.72214309,756.09208135,471.63006631,336.92284968,182.23525571,79.05093108,21.66705847,11.49638080,3.99554042,3.31052699,3.40121990,1.05721280,0.86414661
875.72214309,756.09208135,471.63006631,336.92284968,182.23525571,79.05093108,21.66705847,11.49638080,3.99554042,3.31052699,3.40121990,1.05721280,0.86414661,882.18068062,778.51698521,478.60628749,328.72615622,174.18911328,79.63680674,22.68761722,12.37189038,3.82829481,2.99665532,3.31052699,1.13260623,1.05721280
882.18068062,778.51698521,478.60628749,328.72615622,174.18911328,79.63680674,22.68761722,12.37189038,3.82829481,2.99665532,3.31052699,1.13260623,1.05721280,869.89617217,784.25862507,492.80125164,333.58858238,169.95142276,76.12064251,22.85576354,12.95462943,4.11983950,2.87122110,2.99665532,1.10240549,1.13260623
869.89617217,784.25862507,492.80125164,333.58858238,169.95142276,76.12064251,22.85576354,12.95462943,4.11983950,2.87122110,2.99665532,1.10240549,1.13260623,856.15409620,773.33769706,496.43570967,343.48247239,172.46529709,74.26877175,21.84662440,13.05064098,4.31389160,3.08987962,2.87122110,0.99788622,1.10240549
856.15409620,773.33769706,496.43570967,343.48247239,172.46529709,74.26877175,21.84662440,13.05064098,4.31389160,3.08987962,2.87122110,0.99788622,1.10240549,857.40790018,761.12099152,489.52276224,346.01568964,177.58043823,75.36733483,21.31513749,12.47442253,4.34586345,3.23541870,3.08987962,0.95611663,0.99788622
511.36416942,149.71307949,734.12248143,101.94381122,32.87738102,25.11313263,6.34059391,6.82299493,0.44498473,4.92259806,1.36887466,1.68551123,1.16298860,564.33052892,454.60274661,94.76837932,511.68336956,52.70495040,14.36741550,7.20746907,3.62047912,2.27205731,0.33373855,4.92259806,0.45583526,1.68551123
564.33052892,454.60274661,94.76837932,511.68336956,52.70495040,14.36741550,7.20746907,3.62047912,2.27205731,0.33373855,4.92259806,0.45583526,1.68551123,728.22046153,501.68984021,287.76353861,66.05356038,264.54030206,23.03206332,4.12344825,4.11546484,1.20561955,1.70404298,0.33373855,1.63922515,0.45583526
728.22046153,501.68984021,287.76353861,66.05356038,264.54030206,23.03206332,4.12344825,4.11546484,1.20561955,1.70404298,0.33373855,1.63922515,0.45583526,736.74036686,647.38799030,317.56966885,200.57118641,34.14969072,115.60411200,6.61020217,2.35448895,1.37044979,0.90421466,1.70404298,0.11113494,1.63922515
736.74036686,647.38799030,317.56966885,200.57118641,34.14969072,115.60411200,6.61020217,2.35448895,1.37044979,0.90421466,1.70404298,0.11113494,1.63922515,714.47304162,654.96218614,409.79659786,221.34605919,103.69530337,14.92341484,33.17838014,3.77442544,0.78404482,1.02783734,0.90421466,0.56744631,0.11113494
714.47304162,654.96218614,409.79659786,221.34605919,103.69530337,14.92341484,33.17838014,3.77442544,0.78404482,1.02783734,0.90421466,0.56744631,0.11113494,622.40284422,635.16653400,414.59106383,285.62822871,114.43591260,45.31484757,4.28302006,18.94485506,1.25688367,0.58803362,1.02783734,0.30110348,0.56744631
622.40284422,635.16653400,414.59106383,285.62822871,114.43591260,45.31484757,4.28302006,18.94485506,1.25688367,0.58803362,1.02783734,0.30110348,0.56744631,712.86622557,553.31612851,402.06041602,288.96997149,147.66979424,50.00849381,13.00536125,2.44560445,6.30863674,0.94266275,0.58803362,0.34226984,0.30110348
712.86622557,553.31612851,402.06041602,288.96997149,147.66979424,50.00849381,13.00536125,2.44560445,6.30863674,0.94266275,0.58803362,0.34226984,0.30110348,771.21806487,633.73807453,350.24910935,280.23610997,149.39747526,64.53170008,14.35243772,7.42606128,0.81438628,4.73147755,0.94266275,0.19581519,0.34226984
771.21806487,633.73807453,350.24910935,280.23610997,149.39747526,64.53170008,14.35243772,7.42606128,0.81438628,4.73147755,0.94266275,0.19581519,0.34226984,809.84814889,685.61285967,401.15620118,244.12362922,144.88206885,65.28669669,18.52059792,8.19524194,2.47287840,0.61078971,4.73147755,0.31390670,0.19581519
809.84814889,685.61285967,401.15620118,244.12362922,144.88206885,65.28669669,18.52059792,8.19524194,2.47287840,0.61078971,4.73147755,0.31390670,0.19581519,797.97176612,719.95500436,433.99294017,279.60587222,126.21191631,63.31346409,18.73728195,10.57526141,2.72901557,1.85465880,0.61078971,1.57558202,0.31390670
797.97176612,719.95500436,433.99294017,279.60587222,126.21191631,63.31346409,18.73728195,10.57526141,2.72901557,1.85465880,0.61078971,1.57558202,0.31390670,761.60058287,709.39690008,455.73151776,302.49307930,144.55623594,55.15460743,18.17096419,10.69898799,3.52156205,2.04676167,1.85465880,0.20339297,1.57558202
761.60058287,709.39690008,455.73151776,302.49307930,144.55623594,55.15460743,18.17096419,10.69898799,3.52156205,2.04676167,1.85465880,0.20339297,1.57558202,785.67456125,677.06291817,449.04823775,317.64486788,156.38892200,63.17107510,15.82937233,10.37562055,3.56276300,2.64117154,2.04676167,0.61760138,0.20339297
785.67456125,677.06291817,449.04823775,317.64486788,156.38892200,63.17107510,15.82937233,10.37562055,3.56276300,2.64117154,2.04676167,0.61760138,0.20339297,813.55368225,698.46468495,428.58082720,312.98662171,164.22239669,68.34195891,18.13009856,9.03857160,3.45508164,2.67207225,2.64117154,0.68157164,0.61760138
813.55368225,698.46468495,428.58082720,312.98662171,164.22239669,68.34195891,18.13009856,9.03857160,3.45508164,2.67207225,2.64117154,0.68157164,0.61760138,839.00498366,723.24922352,442.12814558,298.72083656,161.81408343,71.76518736,19.61414221,10.35228627,3.00984434,2.59131123,2.67207225,0.87951012,0.68157164
839.00498366,723.24922352,442.12814558,298.72083656,161.81408343,71.76518736,19.61414221,10.35228627,3.00984434,2.59131123,2.67207225,0.87951012,0.68157164,837.06605270,745.87543047,457.81675849,308.16331747,154.43867250,70.71275446,20.59660877,11.19967520,3.44731133,2.25738326,2.59131123,0.88980006,0.87951012
837.06605270,745.87543047,457.81675849,308.16331747,154.43867250,70.71275446,20.59660877,11.19967520,3.44731133,2.25738326,2.59131123,0.88980006,0.87951012,825.12496467,744.15172085,472.13914749,319.09828067,159.32043513,67.48969988,20.29456053,11.76066361,3.72949184,2.58548350,2.25738326,0.86290664,0.88980006
825.12496467,744.15172085,472.13914749,319.09828067,159.32043513,67.48969988,20.29456053,11.76066361,3.72949184,2.58548350,2.25738326,0.86290664,0.88980006,824.25852815,733.53609359,471.04803930,329.08098580,164.97381111,69.62303015,19.36954387,11.58819406,3.91630098,2.79711888,2.58548350,0.75170862,0.86290664
824.25852815,733.53609359,471.04803930,329.08098580,164.97381111,69.62303015,19.36954387,11.58819406,3.91630098,2.79711888,2.58548350,0.75170862,0.86290664,839.81618945,732.76583152,464.32834724,328.32048339,170.13486966,72.09355545,19.98180965,11.06000955,3.85886862,2.93722574,2.79711888,0.86096600,0.75170862
839.81618945,732.76583152,464.32834724,328.32048339,170.13486966,72.09355545,19.98180965,11.06000955,3.85886862,2.93722574,2.79711888,0.86096600,0.75170862,852.47725045,746.59659242,463.84077135,323.63685803,169.74168991,74.34893804,20.69085042,11.40961331,3.68298318,2.89415147,2.93722574,0.93144059,0.86096600
852.47725045,746.59659242,463.84077135,323.63685803,169.74168991,74.34893804,20.69085042,11.40961331,3.68298318,2.89415147,2.93722574,0.93144059,0.86096600,855.35866595,757.85227565,472.59564300,323.29701763,167.32025560,74.17711849,21.33814522,11.81447559,3.79940123,2.76223738,2.89415147,0.97809617,0.93144059
855.35866595,757.85227565,472.59564300,323.29701763,167.32025560,74.17711849,21.33814522,11.81447559,3.79940123,2.76223738,2.89415147,0.97809617,0.93144059,850.02757793,760.41385403,479.72049048,329.39916317,167.14455812,73.11895170,21.28883301,12.18408092,3.93422037,2.84955092,2.76223738,0.96375244,0.97809617
494.91815008,1112.15832327,392.55719609,193.58412184,230.71873298,11.50081225,34.76670183,8.76841158,5.15405803,0.04625265,0.62521255,0.11292921,0.88453987,636.79773408,439.98223542,703.99621863,273.61236567,100.08299099,100.82408631,3.30073312,19.85178675,2.91988106,3.86554352,0.04625265,0.20819578,0.11292921
636.79773408,439.98223542,703.99621863,273.61236567,100.08299099,100.82408631,3.30073312,19.85178675,2.91988106,3.86554352,0.04625265,0.20819578,0.11292921,850.16959540,566.11318560,278.50875502,490.68536438,141.45759305,43.73626706,28.93651277,1.88471861,6.61064499,2.18991079,3.86554352,0.01540213,0.20819578
850.16959540,566.11318560,278.50875502,490.68536438,141.45759305,43.73626706,28.93651277,1.88471861,6.61064499,2.18991079,3.86554352,0.01540213,0.20819578,917.29827624,755.80077031,358.34964648,194.12060225,253.68433339,61.81696816,12.55230865,16.52274879,0.62761130,4.95798374,2.18991079,1.28722599,0.01540213
917.29827624,755.80077031,358.34964648,194.12060225,253.68433339,61.81696816,12.55230865,16.52274879,0.62761130,4.95798374,2.18991079,1.28722599,0.01540213,889.09307289,815.47816757,478.42188760,249.76970360,100.36035136,110.86005369,17.74146986,7.16736824,5.50207535,0.47070847,4.95798374,0.72924029,1.28722599
889.09307289,815.47816757,478.42188760,249.76970360,100.36035136,110.86005369,17.74146986,7.16736824,5.50207535,0.47070847,4.95798374,0.72924029,1.28722599,809.36170152,790.40374180,516.19768007,333.46005566,129.13093676,43.85747355,31.81683541,10.13037929,2.38673362,4.12655651,0.47070847,1.65100859,0.72924029
809.36170152,790.40374180,516.19768007,333.46005566,129.13093676,43.85747355,31.81683541,10.13037929,2.38673362,4.12655651,0.47070847,1.65100859,0.72924029,749.43709802,719.52255265,500.32556856,359.78978301,172.39884878,56.43021936,12.58709491,18.16741302,3.37341630,1.79005022,4.12655651,0.15674592,1.65100859
749.43709802,719.52255265,500.32556856,359.78978301,172.39884878,56.43021936,12.58709491,18.16741302,3.37341630,1.79005022,4.12655651,0.15674592,1.65100859,839.98638086,666.24958014,455.45777583,348.72692129,186.01131782,75.33829692,16.19547296,7.18723119,6.04974854,2.53006223,1.79005022,1.37414332,0.15674592
839.98638086,666.24958014,455.45777583,348.72692129,186.01131782,75.33829692,16.19547296,7.18723119,6.04974854,2.53006223,1.79005022,1.37414332,0.15674592,877.39238116,746.74789259,421.73598423,317.45406975,180.29181830,81.28694589,21.62209121,9.24761506,2.39334799,4.53731140,2.53006223,0.59608672,1.37414332
877.39238116,746.74789259,421.73598423,317.45406975,180.29181830,81.28694589,21.62209121,9.24761506,2.39334799,4.53731140,2.53006223,0.59608672,1.37414332,885.38304973,780.00182685,472.69141601,293.94998101,164.12375406,78.78752460,23.32935347,12.34621408,3.07945581,1.79501099,4.53731140,0.84251072,0.59608672
885.38304973,780.00182685,472.69141601,293.94998101,164.12375406,78.78752460,23.32935347,12.34621408,3.07945581,1.79501099,4.53731140,0.84251072,0.59608672,847.63626250,787.10553121,493.74115640,329.46591696,151.97214018,71.72208053,22.61201956,13.32106083,4.11128929,2.30959186,1.79501099,1.51092470,0.84251072
847.63626250,787.10553121,493.74115640,329.46591696,151.97214018,71.72208053,22.61201956,13.32106083,4.11128929,2.30959186,1.79501099,1.51092470,0.84251072,819.39406290,753.54863737,498.23780126,344.13758601,170.33387907,66.41182526,20.58423711,12.91146317,4.43591326,3.08346697,2.30959186,0.59773866,1.51092470
819.39406290,753.54863737,498.23780126,344.13758601,170.33387907,66.41182526,20.58423711,12.91146317,4.43591326,3.08346697,2.30959186,0.59773866,1.51092470,842.86844364,728.44132192,476.99628745,347.27174748,177.91913197,74.43590515,19.06019385,11.75359939,4.29951724,3.32693494,3.08346697,0.76909409,0.59773866
842.86844364,728.44132192,476.99628745,347.27174748,177.91913197,74.43590515,19.06019385,11.75359939,4.29951724,3.32693494,3.08346697,0.76909409,0.59773866,868.83671395,749.31004639,461.10335678,332.46641235,179.53949344,77.75066067,21.36310478,10.88337069,3.91394860,3.22463793,3.32693494,1.02679450,0.76909409
868.83671395,749.31004639,461.10335678,332.46641235,179.53949344,77.75066067,21.36310478,10.88337069,3.91394860,3.22463793,3.32693494,1.02679450,0.76909409,876.68501211,772.39583870,474.31325937,321.38903967,171.88513519,78.45875864,22.31443961,12.19833283,3.62416244,2.93546145,3.22463793,1.10786934,1.02679450
876.68501211,772.39583870,474.31325937,321.38903967,171.88513519,78.45875864,22.31443961,12.19833283,3.62416244,2.93546145,3.22463793,1.10786934,1.02679450,864.34241104,779.37297576,488.92656590,330.59634178,166.15813351,75.11380408,22.51766373,12.74154502,4.06204483,2.71812183,2.93546145,1.07380443,1.10786934
864.34241104,779.37297576,488.92656590,330.59634178,166.15813351,75.11380408,22.51766373,12.74154502,4.06204483,2.71812183,2.93546145,1.07380443,1.10786934,849.94275717,768.40040342,493.34309366,340.78181643,170.91830870,72.61110434,21.55766177,12.85758599,4.24293449,3.04653362,2.71812183,0.97750866,1.07380443
849.94275717,768.40040342,493.34309366,340.78181643,170.91830870,72.61110434,21.55766177,12.85758599,4.24293449,3.04653362,2.71812183,0.97750866,1.07380443,851.81090013,755.59911112,486.39745536,343.86013628,176.18419909,74.69130090,20.83938695,12.30942487,4.28157613,3.18220087,3.04653362,0.90513457,0.97750866
851.81090013,755.59911112,486.39745536,343.86013628,176.18419909,74.69130090,20.83938695,12.30942487,4.28157613,3.18220087,3.04653362,0.90513457,0.97750866,865.17046499,757.25989022,478.29423734,339.01902639,177.77569046,76.99249500,21.43640336,11.89928995,4.09903848,3.21118210,3.18220087,1.01449570,0.90513457
865.17046499,757.25989022,478.29423734,339.01902639,177.77569046,76.99249500,21.43640336,11.89928995,4.09903848,3.21118210,3.18220087,1.01449570,0.90513457,871.98876995,769.13654338,479.34551051,333.37108343,175.27283664,77.68797673,22.09684607,12.24018632,3.96246355,3.07427886,3.21118210,1.05967289,1.01449570
871.98876995,769.13654338,479.34551051,333.37108343,175.27283664,77.68797673,22.09684607,12.24018632,3.96246355,3.07427886,3.21118210,1.05967289,1.01449570,868.71812634,775.19801649,486.86343196,334.10382082,172.35285013,76.59422961,22.29644932,12.61729910,4.07598204,2.97184766,3.07427886,1.06932364,1.05967289
725.41473228,434.46883247,345.57472193,370.91017012,84.23143359,91.72491968,8.44810646,10.62644953,3.39604609,4.48720024,2.87239363,1.90701904,1.24261361,983.85272296,644.89369700,275.01877095,240.86558118,191.76055795,36.80913648,26.32505195,4.82386879,3.53860769,2.54703457,4.48720024,0.95650708,1.90701904
983.85272296,644.89369700,275.01877095,240.86558118,191.76055795,36.80913648,26.32505195,4.82386879,3.53860769,2.54703457,4.48720024,0.95650708,1.90701904,896.20600410,874.64507071,408.21771020,191.68808336,124.52750547,83.79936382,10.56422217,15.03160466,1.60634831,2.65395577,2.54703457,1.49423768,0.95650708
896.20600410,874.64507071,408.21771020,191.68808336,124.52750547,83.79936382,10.56422217,15.03160466,1.60634831,2.65395577,2.54703457,1.49423768,0.95650708,747.22520023,796.72713765,553.65032976,284.52774401,99.10273909,54.41851989,24.05041742,6.03217086,5.00552435,1.20476123,2.65395577,0.84816251,1.49423768
747.22520023,796.72713765,553.65032976,284.52774401,99.10273909,54.41851989,24.05041742,6.03217086,5.00552435,1.20476123,2.65395577,0.84816251,1.49423768,699.21602267,664.28320301,504.32827813,385.89427984,147.10084365,43.30789698,15.61811521,13.73278835,2.00871290,3.75414326,1.20476123,0.88376727,0.84816251
699.21602267,664.28320301,504.32827813,385.89427984,147.10084365,43.30789698,15.61811521,13.73278835,2.00871290,3.75414326,1.20476123,0.88376727,0.84816251,788.96058728,621.60304415,420.49126750,351.51680986,199.50734268,64.28306868,12.42936643,8.91794378,4.57301852,1.50653467,3.75414326,0.40118549,0.88376727
788.96058728,621.60304415,420.49126750,351.51680986,199.50734268,64.28306868,12.42936643,8.91794378,4.57301852,1.50653467,3.75414326,0.40118549,0.88376727,896.44184301,701.38596209,393.47472695,293.08241345,181.73419070,87.18470875,18.44924071,7.09716823,2.96967528,3.42976389,1.50653467,1.25012971,0.40118549
896.44184301,701.38596209,393.47472695,293.08241345,181.73419070,87.18470875,18.44924071,7.09716823,2.96967528,3.42976389,1.50653467,1.25012971,0.40118549,884.11839422,796.93679843,443.97731400,274.25188468,151.52360775,79.41784133,25.02201141,10.53451645,2.36335702,2.22725646,3.42976389,0.50167605,1.25012971
884.11839422,796.93679843,443.97731400,274.25188468,151.52360775,79.41784133,25.02201141,10.53451645,2.36335702,2.22725646,3.42976389,0.50167605,1.25012971,827.30825776,785.98125246,504.46099341,309.45218786,141.78822438,66.21581659,22.79292046,14.28756852,3.50799398,1.77251777,2.22725646,1.14211138,0.50167605
827.30825776,785.98125246,504.46099341,309.45218786,141.78822438,66.21581659,22.79292046,14.28756852,3.50799398,1.77251777,2.22725646,1.14211138,0.50167605,788.55063274,735.47704115,497.52613281,351.60931240,159.98678112,61.96145405,19.00393936,13.01475758,4.75776032,2.63099548,1.77251777,0.74167640,1.14211138
788.55063274,735.47704115,497.52613281,351.60931240,159.98678112,61.96145405,19.00393936,13.01475758,4.75776032,2.63099548,1.77251777,0.74167640,1.14211138,822.10808857,701.02151250,465.55696705,346.77571457,181.78201451,69.91422335,17.78293731,10.85124938,4.33391428,3.56832024,2.63099548,0.59024842,0.74167640
822.10808857,701.02151250,465.55696705,346.77571457,181.78201451,69.91422335,17.78293731,10.85124938,4.33391428,3.56832024,2.63099548,0.59024842,0.74167640,869.63921835,730.85409074,443.74661741,324.49320603,179.28304443,79.43874034,20.06538210,10.15405721,3.61346604,3.25043571,3.56832024,0.87612150,0.59024842
869.63921835,730.85409074,443.74661741,324.49320603,179.28304443,79.43874034,20.06538210,10.15405721,3.61346604,3.25043571,3.56832024,0.87612150,0.59024842,881.73539642,773.10926511,462.63063944,309.29139234,167.76298752,78.34669042,22.79891848,11.45733318,3.38130105,2.71009953,3.25043571,1.18825064,0.87612150
881.73539642,773.10926511,462.63063944,309.29139234,167.76298752,78.34669042,22.79891848,11.45733318,3.38130105,2.71009953,3.25043571,1.18825064,0.87612150,856.74553708,783.86276742,489.37816482,322.45355569,159.90364984,73.31242555,22.48550015,13.01818245,3.81529195,2.53597579,2.71009953,1.08239509,1.18825064
856.74553708,783.86276742,489.37816482,322.45355569,159.90364984,73.31242555,22.48550015,13.01818245,3.81529195,2.53597579,2.71009953,1.08239509,1.18825064,836.33106318,761.64678247,496.18513177,341.09658088,166.70848829,69.87789498,21.04066613,12.83922059,4.33505476,2.86146896,2.53597579,0.90246314,1.08239509
836.33106318,761.64678247,496.18513177,341.09658088,166.70848829,69.87789498,21.04066613,12.83922059,4.33505476,2.86146896,2.53597579,0.90246314,1.08239509,841.35111212,743.49831516,482.12241330,345.84103685,176.34693231,72.85160938,20.05495586,12.01422036,4.27546045,3.25129107,2.86146896,0.84447994,0.90246314
841.35111212,743.49831516,482.12241330,345.84103685,176.34693231,72.85160938,20.05495586,12.01422036,4.27546045,3.25129107,2.86146896,0.84447994,0.90246314,862.62635830,747.96113868,470.63443350,336.03932207,178.79981605,77.06360942,20.90841189,11.45137980,4.00073538,3.20659534,3.25129107,0.95286916,0.84447994
862.62635830,747.96113868,470.63443350,336.03932207,178.79981605,77.06360942,20.90841189,11.45137980,4.00073538,3.20659534,3.25129107,0.95286916,0.84447994,874.13155795,766.87483253,473.45940078,328.03220015,173.73232951,78.13551961,22.11725590,11.93870319,3.81330947,3.00055154,3.20659534,1.08267993,0.95286916
874.13155795,766.87483253,473.45940078,328.03220015,173.73232951,78.13551961,22.11725590,11.93870319,3.81330947,3.00055154,3.20659534,1.08267993,0.95286916,867.20587891,777.10295502,485.43176899,330.00120234,169.59264748,75.92102800,22.42489413,12.62895312,3.97558816,2.85998210,3.00055154,1.06779625,1.08267993
867.20587891,777.10295502,485.43176899,330.00120234,169.59264748,75.92102800,22.42489413,12.62895312,3.97558816,2.85998210,3.00055154,1.06779625,1.08267993,855.84783569,770.94602635,491.90617053,338.34594299,170.61062161,74.11198695,21.78933503,12.80461455,4.20544139,2.98169112,2.85998210,0.99918366,1.06779625
855.84783569,770.94602635,491.90617053,338.34594299,170.61062161,74.11198695,21.78933503,12.80461455,4.20544139,2.98169112,2.85998210,0.99918366,1.06779625,854.33141373,760.84872593,488.00883468,342.85860086,174.92485252,74.55684164,21.27014025,12.44171030,4.26393664,3.15408104,2.98169112,0.95237404,0.99918366
1257.76805701,833.62289509,675.25646905,64.47930496,11.04077169,67.78155595,19.64776946,15.60152723,0.33737780,3.16404033,4.32213654,1.30065812,0.15819833,569.45215264,1118.15580268,527.68329259,470.65375893,33.33580067,4.82481723,19.45330656,11.21887636,5.19530857,0.25303335,3.16404033,1.43927147,1.30065812
569.45215264,1118.15580268,527.68329259,470.65375893,33.33580067,4.82481723,19.45330656,11.21887636,5.19530857,0.25303335,3.16404033,1.43927147,1.30065812,520.40910557,506.24296370,707.79262310,367.79525494,243.32799337,14.56774489,1.38472254,11.10783804,3.73588583,3.89648142,0.25303335,1.05362543,1.43927147
520.40910557,506.24296370,707.79262310,367.79525494,243.32799337,14.56774489,1.38472254,11.10783804,3.73588583,3.89648142,0.25303335,1.05362543,1.43927147,789.88387596,462.64369485,320.45179602,493.33145830,190.15014680,106.33433310,4.18094278,0.79067657,3.69891007,2.80191437,3.89648142,0.08426011,1.05362543
789.88387596,462.64369485,320.45179602,493.33145830,190.15014680,106.33433310,4.18094278,0.79067657,3.69891007,2.80191437,3.89648142,0.08426011,1.05362543,1046.04104814,702.20676573,292.85345884,223.35490183,255.05236394,83.09561415,30.51795360,2.38731833,0.26329530,2.77418255,2.80191437,1.29752831,0.08426011
1046.04104814,702.20676573,292.85345884,223.35490183,255.05236394,83.09561415,30.51795360,2.38731833,0.26329530,2.77418255,2.80191437,1.29752831,0.08426011,963.54682503,929.93049180,444.49688271,204.11886081,115.47448424,111.45788304,23.84844126,17.42575151,0.79497700,0.19747147,2.77418255,0.93303749,1.29752831
963.54682503,929.93049180,444.49688271,204.11886081,115.47448424,111.45788304,23.84844126,17.42575151,0.79497700,0.19747147,2.77418255,0.93303749,1.29752831,790.46991811,856.59312745,588.64600131,309.81432725,105.52945104,50.46234961,31.98841243,13.61745996,5.80277525,0.59623275,0.19747147,0.92380279,0.93303749
790.46991811,856.59312745,588.64600131,309.81432725,105.52945104,50.46234961,31.98841243,13.61745996,5.80277525,0.59623275,0.19747147,0.92380279,0.93303749,699.21646104,702.72775720,542.22344968,410.28626291,160.17400719,46.11637010,14.48269434,18.26538350,4.53461417,4.35208144,0.59623275,0.06575800,0.92380279
699.21646104,702.72775720,542.22344968,410.28626291,160.17400719,46.11637010,14.48269434,18.26538350,4.53461417,4.35208144,0.59623275,0.06575800,0.92380279,803.91457971,621.60343387,444.82667031,377.92974442,212.11799793,69.99604114,13.23539822,8.26961847,6.08237271,3.40096063,4.35208144,0.19854551,0.06575800
803.91457971,621.60343387,444.82667031,377.92974442,212.11799793,69.99604114,13.23539822,8.26961847,6.08237271,3.40096063,4.35208144,0.19854551,0.06575800,928.09802740,714.68006136,393.47497364,310.04418921,195.38967787,92.69556509,20.08886381,7.55741238,2.75378295,4.56177953,3.40096063,1.44924312,0.19854551
928.09802740,714.68006136,393.47497364,310.04418921,195.38967787,92.69556509,20.08886381,7.55741238,2.75378295,4.56177953,3.40096063,1.44924312,0.19854551,933.55215922,825.07914636,452.39247884,274.25205663,160.29284582,85.38528923,26.60362718,11.47074123,2.51661832,2.06533721,4.56177953,1.13251989,1.44924312
933.55215922,825.07914636,452.39247884,274.25205663,160.29284582,85.38528923,26.60362718,11.47074123,2.51661832,2.06533721,4.56177953,1.13251989,1.44924312,858.90257931,829.92786955,522.27509965,315.31755775,141.78831328,70.04797362,24.50557801,15.19067112,3.81975683,1.88746374,2.06533721,1.51907258,1.13251989
858.90257931,829.92786955,522.27509965,315.31755775,141.78831328,70.04797362,24.50557801,15.19067112,3.81975683,1.88746374,2.06533721,1.51907258,1.13251989,796.25288235,763.56439301,525.34434142,364.02574445,163.01917736,61.96149290,20.10376843,13.99268504,5.05849348,2.86481762,1.88746374,0.68775729,1.51907258
796.25288235,763.56439301,525.34434142,364.02574445,163.01917736,61.96149290,20.10376843,13.99268504,5.05849348,2.86481762,1.88746374,0.68775729,1.51907258,823.16850542,707.86881241,483.33626077,366.16500597,188.20130988,71.23938051,17.78294846,11.47925177,4.65956412,3.79387011,2.86481762,0.62852543,0.68775729
823.16850542,707.86881241,483.33626077,366.16500597,188.20130988,71.23938051,17.78294846,11.47925177,4.65956412,3.79387011,2.86481762,0.62852543,0.68775729,879.26599332,731.79680132,448.08095825,336.88537376,189.30730809,82.24397242,20.44570221,10.15406357,3.82259084,3.49467309,3.79387011,0.95398427,0.62852543
879.26599332,731.79680132,448.08095825,336.88537376,189.30730809,82.24397242,20.44570221,10.15406357,3.82259084,3.49467309,3.79387011,0.95398427,0.62852543,901.94739412,781.66746806,463.22737524,312.31242790,174.16973823,82.72729363,23.60402008,11.67449596,3.38130317,2.86694313,3.49467309,1.26335875,0.95398427
901.94739412,781.66746806,463.22737524,312.31242790,174.16973823,82.72729363,23.60402008,11.67449596,3.38130317,2.86694313,3.49467309,1.26335875,0.95398427,874.28771969,801.83123338,494.79550728,322.86948054,161.46552523,76.11217561,23.74273327,13.47789547,3.88760715,2.53597738,2.86694313,1.16372614,1.26335875
874.28771969,801.83123338,494.79550728,322.86948054,161.46552523,76.11217561,23.74273327,13.47789547,3.88760715,2.53597738,2.86694313,1.16372614,1.26335875,842.36638081,777.24178280,507.55917073,344.87246858,166.92352144,70.56043452,21.84419440,13.55710070,4.48813919,2.91570537,2.53597738,0.95469206,1.16372614
842.36638081,777.24178280,507.55917073,344.87246858,166.92352144,70.56043452,21.84419440,13.55710070,4.48813919,2.91570537,2.53597738,0.95469206,1.16372614,841.46683923,748.86371254,491.99404851,353.76874200,178.29906625,72.94557887,20.25084471,12.47303500,4.51451453,3.36610439,2.91570537,0.84448047,0.95469206
841.46683923,748.86371254,491.99404851,353.76874200,178.29906625,72.94557887,20.25084471,12.47303500,4.51451453,3.36610439,2.91570537,0.84448047,0.95469206,865.84857808,748.06402008,474.03073004,342.91985181,182.89843961,77.91669195,20.93538114,11.56323233,4.15352066,3.38588590,3.36610439,0.97092989,0.84448047
865.84857808,748.06402008,474.03073004,342.91985181,182.89843961,77.91669195,20.93538114,11.56323233,4.15352066,3.38588590,3.36610439,0.97092989,0.84448047,882.44569832,769.73938591,473.52452471,330.39941884,177.28956339,79.92661811,22.36209059,11.95410263,3.85055637,3.11514049,3.38588590,1.12091276,0.97092989
121.93191228,209.83924731,65.80513646,500.52825451,168.13893487,35.50637640,10.41840503,4.96459801,5.58086368,1.36956520,2.15521668,0.71944270,1.95345259,991.75589836,108.39747002,132.82824355,45.86618011,258.77310758,73.47671454,10.19033003,5.94890927,1.65321114,4.18564776,1.36956520,0.71768715,0.71944270
991.75589836,108.39747002,132.82824355,45.86618011,258.77310758,73.47671454,10.19033003,5.94890927,1.65321114,4.18564776,1.36956520,0.71768715,0.71944270,565.05898329,881.67099364,68.61559852,92.58128575,23.71281512,113.08384801,21.08781707,5.81867845,1.98098679,1.23990835,4.18564776,0.45606521,0.71768715
565.05898329,881.67099364,68.61559852,92.58128575,23.71281512,113.08384801,21.08781707,5.81867845,1.98098679,1.23990835,4.18564776,0.45606521,0.71768715,690.93315418,502.33743615,558.09773898,47.82507217,47.86452473,10.36250021,32.45506438,12.04114355,1.93761992,1.48574009,1.23990835,1.39382070,0.45606521
690.93315418,502.33743615,558.09773898,47.82507217,47.86452473,10.36250021,32.45506438,12.04114355,1.93761992,1.48574009,1.23990835,1.39382070,0.45606521,558.20026821,614.23957407,317.97959708,388.99412407,24.72556231,20.91679731,2.97403756,18.53184176,4.00970080,1.45321494,1.48574009,0.41288948,1.39382070
558.20026821,614.23957407,317.97959708,388.99412407,24.72556231,20.91679731,2.97403756,18.53184176,4.00970080,1.45321494,1.48574009,0.41288948,1.39382070,647.68330706,496.24003843,388.81365038,221.63177917,201.10996214,10.80507073,6.00312083,1.69817545,6.17110331,3.00727560,1.45321494,0.49475145,0.41288948
647.68330706,496.24003843,388.81365038,221.63177917,201.10996214,10.80507073,6.00312083,1.69817545,6.17110331,3.00727560,1.45321494,0.49475145,0.41288948,738.50327188,575.79045998,314.11994433,271.00311432,114.58362983,87.88505346,3.10105530,3.42778199,0.56549242,4.62832748,3.00727560,0.48392058,0.49475145
738.50327188,575.79045998,314.11994433,271.00311432,114.58362983,87.88505346,3.10105530,3.42778199,0.56549242,4.62832748,3.00727560,0.48392058,0.49475145,819.08922760,656.52940870,364.47536117,218.94160120,140.10861010,50.07304624,25.22301034,1.77070258,1.14145140,0.42411932,4.62832748,1.00142278,0.48392058
819.08922760,656.52940870,364.47536117,218.94160120,140.10861010,50.07304624,25.22301034,1.77070258,1.14145140,0.42411932,4.62832748,1.00142278,0.48392058,765.09797735,728.17032334,415.58311571,254.03932673,113.19280782,61.22746261,14.37096427,14.40233891,0.58964396,0.85608855,0.42411932,1.54123305,1.00142278
765.09797735,728.17032334,415.58311571,254.03932673,113.19280782,61.22746261,14.37096427,14.40233891,0.58964396,0.85608855,0.42411932,1.54123305,1.00142278,729.05454760,680.17210187,460.93181467,289.66143165,131.33833192,49.46525702,17.57228177,8.20582060,4.79597886,0.44223297,0.85608855,0.14123173,1.54123305
729.05454760,680.17210187,460.93181467,289.66143165,131.33833192,49.46525702,17.57228177,8.20582060,4.79597886,0.44223297,0.85608855,0.14123173,1.54123305,740.54931272,648.12949282,430.54894048,321.26947483,149.75496016,57.39485105,14.19652876,10.03377289,2.73253826,3.59698414,0.44223297,0.28507749,0.14123173
740.54931272,648.12949282,430.54894048,321.26947483,149.75496016,57.39485105,14.19652876,10.03377289,2.73253826,3.59698414,0.44223297,0.28507749,0.14123173,788.22955343,658.34833901,410.26596895,300.09261152,166.09631848,65.44291759,16.47232225,8.10621792,3.34124637,2.04940369,3.59698414,0.14726358,0.28507749
788.22955343,658.34833901,410.26596895,300.09261152,166.09631848,65.44291759,16.47232225,8.10621792,3.34124637,2.04940369,3.59698414,0.14726358,0.28507749,838.22656080,700.73607300,416.73449859,285.95538036,155.14788015,72.58409118,18.78211735,9.40569601,2.69937057,2.50593478,2.04940369,1.19779572,0.14726358
838.22656080,700.73607300,416.73449859,285.95538036,155.14788015,72.58409118,18.78211735,9.40569601,2.69937057,2.50593478,2.04940369,1.19779572,0.14726358,827.78609940,745.18341255,443.56593421,290.46394552,147.83893165,67.79962363,20.83163417,10.72458901,3.13209677,2.02452793,2.50593478,0.68245143,1.19779572
827.78609940,745.18341255,443.56593421,290.46394552,147.83893165,67.79962363,20.83163417,10.72458901,3.13209677,2.02452793,2.50593478,0.68245143,1.19779572,811.15447346,735.90184237,471.70110014,309.16545614,150.16985983,64.60561313,19.45849198,11.89486311,3.57128814,2.34907258,2.02452793,0.83447628,0.68245143
811.15447346,735.90184237,471.70110014,309.16545614,150.16985983,64.60561313,19.45849198,11.89486311,3.57128814,2.34907258,2.02452793,0.83447628,0.68245143,803.21904501,721.11632691,465.82586622,328.77566680,159.83854083,65.62422875,18.54181097,11.11079892,3.96098942,2.67846610,2.34907258,0.67416780,0.83447628
803.21904501,721.11632691,465.82586622,328.77566680,159.83854083,65.62422875,18.54181097,11.11079892,3.96098942,2.67846610,2.34907258,0.67416780,0.83447628,826.39547831,714.06173102,456.46663493,324.68062876,169.97701974,69.84944234,18.83415365,10.58737406,3.69989604,2.97074206,2.67846610,0.78224117,0.67416780
826.39547831,714.06173102,456.46663493,324.68062876,169.97701974,69.84944234,18.83415365,10.58737406,3.69989604,2.97074206,2.67846610,0.78224117,0.67416780,849.05385180,734.66558022,452.00107573,318.15724455,167.85988507,74.27995762,20.04678995,10.75430173,3.52559556,2.77492203,2.97074206,0.89192921,0.78224117
849.05385180,734.66558022,452.00107573,318.15724455,167.85988507,74.27995762,20.04678995,10.75430173,3.52559556,2.77492203,2.97074206,0.89192921,0.78224117,853.89444198,754.80887425,465.04331228,315.04474979,164.48729543,73.35476977,21.31834784,11.44671706,3.58118248,2.64419667,2.77492203,0.98925711,0.89192921
853.89444198,754.80887425,465.04331228,315.04474979,164.48729543,73.35476977,21.31834784,11.44671706,3.58118248,2.64419667,2.77492203,0.98925711,0.89192921,843.32452692,759.11215892,477.79401740,324.13518866,162.87813564,71.88094810,21.05281893,12.17277662,3.81175678,2.68588686,2.64419667,0.92404904,0.98925711
843.32452692,759.11215892,477.79401740,324.13518866,162.87813564,71.88094810,21.05281893,12.17277662,3.81175678,2.68588686,2.64419667,0.92404904,0.98925711,838.64070289,749.71550443,480.51799660,333.02243013,167.57789254,71.17774527,20.62983211,12.02115961,4.05353461,2.85881759,2.68588686,0.88051749,0.92404904
