-2.704490677639842,-0.28210056722164173,-2.6687226861715314,-0.2477133333683012,0
-2.704490677639842,-0.2477133333683012,-2.6687226861715314,-0.21332609951496115,0
-2.704490677639842,-0.21332609951496115,-2.6687226861715314,-0.1789388656616211,0
-2.668722686171532,-0.28210056722164173,-2.6329546947032214,-0.2477133333683012,0
-2.632954694703221,-0.28210056722164173,-2.597186703234911,-0.2477133333683012,0
-2.668722686171532,-0.2477133333683012,-2.6329546947032214,-0.21332609951496115,0
-2.668722686171532,-0.21332609951496115,-2.6329546947032214,-0.1789388656616211,0
-2.632954694703221,-0.2477133333683012,-2.597186703234911,-0.21332609951496115,0
-2.632954694703221,-0.21332609951496115,-2.597186703234911,-0.1789388656616211,0
2.410332102328539,-0.041389930248260404,2.446100093796849,-0.007002696394920342,1
2.410332102328539,-0.007002696394920342,2.446100093796849,0.02738453745841972,1
2.4461000937968493,-0.041389930248260404,2.48186808526516,-0.007002696394920342,1
2.4461000937968493,-0.007002696394920342,2.48186808526516,0.02738453745841972,1
2.410332102328539,0.02738453745841972,2.446100093796849,0.06177177131175978,1
2.4461000937968493,0.02738453745841972,2.48186808526516,0.06177177131175978,1
2.4818680852651593,-0.041389930248260404,2.51763607673347,-0.007002696394920342,1
2.4818680852651593,-0.007002696394920342,2.51763607673347,0.02738453745841972,1
2.4818680852651593,0.02738453745841972,2.51763607673347,0.06177177131175978,1
-1.2737710189074276,-2.6892069369554523,-1.2380030274391176,-2.654819703102112,2
-1.4168429847806692,-2.5516580015420915,-1.381074993312359,-2.5172707676887516,2
-1.4526109762489794,-2.4828835338354116,-1.416842984780669,-2.448496299982071,2
-1.4168429847806692,-2.5172707676887516,-1.381074993312359,-2.482883533835411,2
-1.4168429847806692,-2.4828835338354116,-1.381074993312359,-2.448496299982071,2
-1.4168429847806692,-2.4484962999820707,-1.381074993312359,-2.4141090661287308,2
-1.3453070018440485,-2.6204324692487715,-1.309539010375738,-2.5860452353954315,2
-1.3810749933123587,-2.5860452353954315,-1.3453070018440485,-2.5516580015420915,2
-1.3810749933123587,-2.5516580015420915,-1.3453070018440485,-2.5172707676887516,2
-1.3453070018440485,-2.5860452353954315,-1.309539010375738,-2.5516580015420915,2
-1.3453070018440485,-2.5516580015420915,-1.309539010375738,-2.5172707676887516,2
-1.3095390103757383,-2.6548197031021123,-1.2737710189074276,-2.620432469248772,2
-1.3095390103757383,-2.6204324692487715,-1.2737710189074276,-2.5860452353954315,2
-1.2737710189074276,-2.6548197031021123,-1.2380030274391176,-2.620432469248772,2
-1.2737710189074276,-2.6204324692487715,-1.2380030274391176,-2.5860452353954315,2
-1.3095390103757383,-2.5860452353954315,-1.2737710189074276,-2.5516580015420915,2
-1.3095390103757383,-2.5516580015420915,-1.2737710189074276,-2.5172707676887516,2
-1.2737710189074276,-2.5860452353954315,-1.2380030274391176,-2.5516580015420915,2
-1.2737710189074276,-2.5516580015420915,-1.2380030274391176,-2.5172707676887516,2
-1.3810749933123587,-2.5172707676887516,-1.3453070018440485,-2.482883533835411,2
-1.3810749933123587,-2.4828835338354116,-1.3453070018440485,-2.448496299982071,2
-1.3453070018440485,-2.5172707676887516,-1.309539010375738,-2.482883533835411,2
-1.3453070018440485,-2.4828835338354116,-1.309539010375738,-2.448496299982071,2
-1.3810749933123587,-2.4484962999820707,-1.3453070018440485,-2.4141090661287308,2
-1.3810749933123587,-2.4141090661287308,-1.3453070018440485,-2.379721832275391,2
-1.3453070018440485,-2.4484962999820707,-1.309539010375738,-2.4141090661287308,2
-1.3453070018440485,-2.4141090661287308,-1.309539010375738,-2.379721832275391,2
-1.3095390103757383,-2.5172707676887516,-1.2737710189074276,-2.482883533835411,2
-1.3095390103757383,-2.4828835338354116,-1.2737710189074276,-2.448496299982071,2
-1.2737710189074276,-2.5172707676887516,-1.2380030274391176,-2.482883533835411,2
-1.2737710189074276,-2.4828835338354116,-1.2380030274391176,-2.448496299982071,2
-1.3095390103757383,-2.4484962999820707,-1.2737710189074276,-2.4141090661287308,2
-1.3095390103757383,-2.4141090661287308,-1.2737710189074276,-2.379721832275391,2
-1.2737710189074276,-2.4484962999820707,-1.2380030274391176,-2.4141090661287308,2
-1.2737710189074276,-2.4141090661287308,-1.2380030274391176,-2.379721832275391,2
-1.2380030274391176,-2.6892069369554523,-1.2022350359708072,-2.654819703102112,2
-1.202235035970807,-2.7235941708087923,-1.1664670445024967,-2.6892069369554523,2
-1.202235035970807,-2.6892069369554523,-1.1664670445024967,-2.654819703102112,2
-1.1664670445024967,-2.7235941708087923,-1.1306990530341863,-2.6892069369554523,2
-1.1664670445024967,-2.6892069369554523,-1.1306990530341863,-2.654819703102112,2
-1.1306990530341865,-2.7235941708087923,-1.0949310615658758,-2.6892069369554523,2
-1.1306990530341865,-2.6892069369554523,-1.0949310615658758,-2.654819703102112,2
-1.0949310615658758,-2.7235941708087923,-1.0591630700975658,-2.6892069369554523,2
-1.0949310615658758,-2.6892069369554523,-1.0591630700975658,-2.654819703102112,2
-1.0591630700975658,-2.7235941708087923,-1.0233950786292554,-2.6892069369554523,2
-1.0591630700975658,-2.6892069369554523,-1.0233950786292554,-2.654819703102112,2
-1.0233950786292552,-2.7235941708087923,-0.9876270871609449,-2.6892069369554523,2
-1.0233950786292552,-2.6892069369554523,-0.9876270871609449,-2.654819703102112,2
-0.9876270871609449,-2.7235941708087923,-0.9518590956926345,-2.6892069369554523,2
-0.9876270871609449,-2.6892069369554523,-0.9518590956926345,-2.654819703102112,2
-1.2380030274391176,-2.6548197031021123,-1.2022350359708072,-2.620432469248772,2
-1.2380030274391176,-2.6204324692487715,-1.2022350359708072,-2.5860452353954315,2
-1.202235035970807,-2.6548197031021123,-1.1664670445024967,-2.620432469248772,2
-1.202235035970807,-2.6204324692487715,-1.1664670445024967,-2.5860452353954315,2
-1.2380030274391176,-2.5860452353954315,-1.2022350359708072,-2.5516580015420915,2
-1.2380030274391176,-2.5516580015420915,-1.2022350359708072,-2.5172707676887516,2
-1.202235035970807,-2.5860452353954315,-1.1664670445024967,-2.5516580015420915,2
-1.202235035970807,-2.5516580015420915,-1.1664670445024967,-2.5172707676887516,2
-1.1664670445024967,-2.6548197031021123,-1.1306990530341863,-2.620432469248772,2
-1.1664670445024967,-2.6204324692487715,-1.1306990530341863,-2.5860452353954315,2
-1.1306990530341865,-2.6548197031021123,-1.0949310615658758,-2.620432469248772,2
-1.1306990530341865,-2.6204324692487715,-1.0949310615658758,-2.5860452353954315,2
-1.1664670445024967,-2.5860452353954315,-1.1306990530341863,-2.5516580015420915,2
-1.1664670445024967,-2.5516580015420915,-1.1306990530341863,-2.5172707676887516,2
-1.1306990530341865,-2.5860452353954315,-1.0949310615658758,-2.5516580015420915,2
-1.1306990530341865,-2.5516580015420915,-1.0949310615658758,-2.5172707676887516,2
-1.2380030274391176,-2.5172707676887516,-1.2022350359708072,-2.482883533835411,2
-1.2380030274391176,-2.4828835338354116,-1.2022350359708072,-2.448496299982071,2
-1.202235035970807,-2.5172707676887516,-1.1664670445024967,-2.482883533835411,2
-1.202235035970807,-2.4828835338354116,-1.1664670445024967,-2.448496299982071,2
-1.2380030274391176,-2.4484962999820707,-1.2022350359708072,-2.4141090661287308,2
-1.2380030274391176,-2.4141090661287308,-1.2022350359708072,-2.379721832275391,2
-1.202235035970807,-2.4484962999820707,-1.1664670445024967,-2.4141090661287308,2
-1.202235035970807,-2.4141090661287308,-1.1664670445024967,-2.379721832275391,2
-1.1664670445024967,-2.5172707676887516,-1.1306990530341863,-2.482883533835411,2
-1.1664670445024967,-2.4828835338354116,-1.1306990530341863,-2.448496299982071,2
-1.1306990530341865,-2.5172707676887516,-1.0949310615658758,-2.482883533835411,2
-1.1306990530341865,-2.4828835338354116,-1.0949310615658758,-2.448496299982071,2
-1.1664670445024967,-2.4484962999820707,-1.1306990530341863,-2.4141090661287308,2
-1.1664670445024967,-2.4141090661287308,-1.1306990530341863,-2.379721832275391,2
-1.1306990530341865,-2.4484962999820707,-1.0949310615658758,-2.4141090661287308,2
-1.1306990530341865,-2.4141090661287308,-1.0949310615658758,-2.379721832275391,2
-1.0949310615658758,-2.6548197031021123,-1.0591630700975658,-2.620432469248772,2
-1.0949310615658758,-2.6204324692487715,-1.0591630700975658,-2.5860452353954315,2
-1.0591630700975658,-2.6548197031021123,-1.0233950786292554,-2.620432469248772,2
-1.0591630700975658,-2.6204324692487715,-1.0233950786292554,-2.5860452353954315,2
-1.0949310615658758,-2.5860452353954315,-1.0591630700975658,-2.5516580015420915,2
-1.0949310615658758,-2.5516580015420915,-1.0591630700975658,-2.5172707676887516,2
-1.0591630700975658,-2.5860452353954315,-1.0233950786292554,-2.5516580015420915,2
-1.0591630700975658,-2.5516580015420915,-1.0233950786292554,-2.5172707676887516,2
-1.0233950786292552,-2.6548197031021123,-0.9876270871609449,-2.620432469248772,2
-1.0233950786292552,-2.6204324692487715,-0.9876270871609449,-2.5860452353954315,2
-0.9876270871609449,-2.6548197031021123,-0.9518590956926345,-2.620432469248772,2
-0.9876270871609449,-2.6204324692487715,-0.9518590956926345,-2.5860452353954315,2
-1.0233950786292552,-2.5860452353954315,-0.9876270871609449,-2.5516580015420915,2
-1.0233950786292552,-2.5516580015420915,-0.9876270871609449,-2.5172707676887516,2
-0.9876270871609449,-2.5860452353954315,-0.9518590956926345,-2.5516580015420915,2
-0.9876270871609449,-2.5516580015420915,-0.9518590956926345,-2.5172707676887516,2
-1.0949310615658758,-2.5172707676887516,-1.0591630700975658,-2.482883533835411,2
-1.0949310615658758,-2.4828835338354116,-1.0591630700975658,-2.448496299982071,2
-1.0591630700975658,-2.5172707676887516,-1.0233950786292554,-2.482883533835411,2
-1.0591630700975658,-2.4828835338354116,-1.0233950786292554,-2.448496299982071,2
-1.0949310615658758,-2.4484962999820707,-1.0591630700975658,-2.4141090661287308,2
-1.0949310615658758,-2.4141090661287308,-1.0591630700975658,-2.379721832275391,2
-1.0591630700975658,-2.4484962999820707,-1.0233950786292554,-2.4141090661287308,2
-1.0591630700975658,-2.4141090661287308,-1.0233950786292554,-2.379721832275391,2
-1.0233950786292552,-2.5172707676887516,-0.9876270871609449,-2.482883533835411,2
-1.0233950786292552,-2.4828835338354116,-0.9876270871609449,-2.448496299982071,2
-0.9876270871609449,-2.5172707676887516,-0.9518590956926345,-2.482883533835411,2
-0.9876270871609449,-2.4828835338354116,-0.9518590956926345,-2.448496299982071,2
-1.0233950786292552,-2.4484962999820707,-0.9876270871609449,-2.4141090661287308,2
-1.0233950786292552,-2.4141090661287308,-0.9876270871609449,-2.379721832275391,2
-0.9876270871609449,-2.4484962999820707,-0.9518590956926345,-2.4141090661287308,2
-0.9876270871609449,-2.4141090661287308,-0.9518590956926345,-2.379721832275391,2
-0.9518590956926347,-2.7235941708087923,-0.9160911042243242,-2.6892069369554523,2
-0.9518590956926347,-2.6892069369554523,-0.9160911042243242,-2.654819703102112,2
-0.9160911042243242,-2.7235941708087923,-0.8803231127560139,-2.6892069369554523,2
-0.9160911042243242,-2.6892069369554523,-0.8803231127560139,-2.654819703102112,2
-0.8803231127560139,-2.7235941708087923,-0.8445551212877035,-2.6892069369554523,2
-0.8803231127560139,-2.6892069369554523,-0.8445551212877035,-2.654819703102112,2
-0.8445551212877033,-2.7235941708087923,-0.8087871298193932,-2.6892069369554523,2
-0.8445551212877033,-2.6892069369554523,-0.8087871298193932,-2.654819703102112,2
-0.8087871298193932,-2.7235941708087923,-0.7730191383510827,-2.6892069369554523,2
-0.8087871298193932,-2.6892069369554523,-0.7730191383510827,-2.654819703102112,2
-0.7730191383510829,-2.7235941708087923,-0.7372511468827724,-2.6892069369554523,2
-0.7730191383510829,-2.6892069369554523,-0.7372511468827724,-2.654819703102112,2
-0.7372511468827724,-2.7235941708087923,-0.7014831554144622,-2.6892069369554523,2
-0.7372511468827724,-2.6892069369554523,-0.7014831554144622,-2.654819703102112,2
-0.7014831554144622,-2.7235941708087923,-0.6657151639461518,-2.6892069369554523,2
-0.7014831554144622,-2.6892069369554523,-0.6657151639461518,-2.654819703102112,2
-0.9518590956926347,-2.6548197031021123,-0.9160911042243242,-2.620432469248772,2
-0.9518590956926347,-2.6204324692487715,-0.9160911042243242,-2.5860452353954315,2
-0.9160911042243242,-2.6548197031021123,-0.8803231127560139,-2.620432469248772,2
-0.9160911042243242,-2.6204324692487715,-0.8803231127560139,-2.5860452353954315,2
-0.9518590956926347,-2.5860452353954315,-0.9160911042243242,-2.5516580015420915,2
-0.9518590956926347,-2.5516580015420915,-0.9160911042243242,-2.5172707676887516,2
-0.9160911042243242,-2.5860452353954315,-0.8803231127560139,-2.5516580015420915,2
-0.9160911042243242,-2.5516580015420915,-0.8803231127560139,-2.5172707676887516,2
-0.8803231127560139,-2.6548197031021123,-0.8445551212877035,-2.620432469248772,2
-0.8803231127560139,-2.6204324692487715,-0.8445551212877035,-2.5860452353954315,2
-0.8445551212877033,-2.6548197031021123,-0.8087871298193932,-2.620432469248772,2
-0.8445551212877033,-2.6204324692487715,-0.8087871298193932,-2.5860452353954315,2
-0.8803231127560139,-2.5860452353954315,-0.8445551212877035,-2.5516580015420915,2
-0.8803231127560139,-2.5516580015420915,-0.8445551212877035,-2.5172707676887516,2
-0.8445551212877033,-2.5860452353954315,-0.8087871298193932,-2.5516580015420915,2
-0.8445551212877033,-2.5516580015420915,-0.8087871298193932,-2.5172707676887516,2
-0.9518590956926347,-2.5172707676887516,-0.9160911042243242,-2.482883533835411,2
-0.9518590956926347,-2.4828835338354116,-0.9160911042243242,-2.448496299982071,2
-0.9160911042243242,-2.5172707676887516,-0.8803231127560139,-2.482883533835411,2
-0.9160911042243242,-2.4828835338354116,-0.8803231127560139,-2.448496299982071,2
-0.9518590956926347,-2.4484962999820707,-0.9160911042243242,-2.4141090661287308,2
-0.9518590956926347,-2.4141090661287308,-0.9160911042243242,-2.379721832275391,2
-0.9160911042243242,-2.4484962999820707,-0.8803231127560139,-2.4141090661287308,2
-0.9160911042243242,-2.4141090661287308,-0.8803231127560139,-2.379721832275391,2
-0.8803231127560139,-2.5172707676887516,-0.8445551212877035,-2.482883533835411,2
-0.8803231127560139,-2.4828835338354116,-0.8445551212877035,-2.448496299982071,2
-0.8445551212877033,-2.5172707676887516,-0.8087871298193932,-2.482883533835411,2
-0.8445551212877033,-2.4828835338354116,-0.8087871298193932,-2.448496299982071,2
-0.8803231127560139,-2.4484962999820707,-0.8445551212877035,-2.4141090661287308,2
-0.8803231127560139,-2.4141090661287308,-0.8445551212877035,-2.379721832275391,2
-0.8445551212877033,-2.4484962999820707,-0.8087871298193932,-2.4141090661287308,2
-0.8445551212877033,-2.4141090661287308,-0.8087871298193932,-2.379721832275391,2
-0.8087871298193932,-2.6548197031021123,-0.7730191383510827,-2.620432469248772,2
-0.8087871298193932,-2.6204324692487715,-0.7730191383510827,-2.5860452353954315,2
-0.7730191383510829,-2.6548197031021123,-0.7372511468827724,-2.620432469248772,2
-0.7730191383510829,-2.6204324692487715,-0.7372511468827724,-2.5860452353954315,2
-0.8087871298193932,-2.5860452353954315,-0.7730191383510827,-2.5516580015420915,2
-0.8087871298193932,-2.5516580015420915,-0.7730191383510827,-2.5172707676887516,2
-0.7730191383510829,-2.5860452353954315,-0.7372511468827724,-2.5516580015420915,2
-0.7730191383510829,-2.5516580015420915,-0.7372511468827724,-2.5172707676887516,2
-0.7372511468827724,-2.6548197031021123,-0.7014831554144622,-2.620432469248772,2
-0.7372511468827724,-2.6204324692487715,-0.7014831554144622,-2.5860452353954315,2
-0.7014831554144622,-2.6548197031021123,-0.6657151639461518,-2.620432469248772,2
-0.7014831554144622,-2.6204324692487715,-0.6657151639461518,-2.5860452353954315,2
-0.7372511468827724,-2.5860452353954315,-0.7014831554144622,-2.5516580015420915,2
-0.7372511468827724,-2.5516580015420915,-0.7014831554144622,-2.5172707676887516,2
-0.7014831554144622,-2.5860452353954315,-0.6657151639461518,-2.5516580015420915,2
-0.7014831554144622,-2.5516580015420915,-0.6657151639461518,-2.5172707676887516,2
-0.8087871298193932,-2.5172707676887516,-0.7730191383510827,-2.482883533835411,2
-0.8087871298193932,-2.4828835338354116,-0.7730191383510827,-2.448496299982071,2
-0.7730191383510829,-2.5172707676887516,-0.7372511468827724,-2.482883533835411,2
-0.7730191383510829,-2.4828835338354116,-0.7372511468827724,-2.448496299982071,2
-0.8087871298193932,-2.4484962999820707,-0.7730191383510827,-2.4141090661287308,2
-0.8087871298193932,-2.4141090661287308,-0.7730191383510827,-2.379721832275391,2
-0.7730191383510829,-2.4484962999820707,-0.7372511468827724,-2.4141090661287308,2
-0.7730191383510829,-2.4141090661287308,-0.7372511468827724,-2.379721832275391,2
-0.7372511468827724,-2.5172707676887516,-0.7014831554144622,-2.482883533835411,2
-0.7372511468827724,-2.4828835338354116,-0.7014831554144622,-2.448496299982071,2
-0.7014831554144622,-2.5172707676887516,-0.6657151639461518,-2.482883533835411,2
-0.7014831554144622,-2.4828835338354116,-0.6657151639461518,-2.448496299982071,2
-0.7372511468827724,-2.4484962999820707,-0.7014831554144622,-2.4141090661287308,2
-0.7372511468827724,-2.4141090661287308,-0.7014831554144622,-2.379721832275391,2
-0.7014831554144622,-2.4484962999820707,-0.6657151639461518,-2.4141090661287308,2
-0.7014831554144622,-2.4141090661287308,-0.6657151639461518,-2.379721832275391,2
-0.6657151639461516,-2.6892069369554523,-0.6299471724778414,-2.654819703102112,2
-0.6299471724778414,-2.6892069369554523,-0.5941791810095309,-2.654819703102112,2
-0.5941791810095312,-2.6892069369554523,-0.5584111895412206,-2.654819703102112,2
-0.6657151639461516,-2.6548197031021123,-0.6299471724778414,-2.620432469248772,2
-0.6657151639461516,-2.6204324692487715,-0.6299471724778414,-2.5860452353954315,2
-0.6299471724778414,-2.6548197031021123,-0.5941791810095309,-2.620432469248772,2
-0.6299471724778414,-2.6204324692487715,-0.5941791810095309,-2.5860452353954315,2
-0.6657151639461516,-2.5860452353954315,-0.6299471724778414,-2.5516580015420915,2
-0.6657151639461516,-2.5516580015420915,-0.6299471724778414,-2.5172707676887516,2
-0.6299471724778414,-2.5860452353954315,-0.5941791810095309,-2.5516580015420915,2
-0.6299471724778414,-2.5516580015420915,-0.5941791810095309,-2.5172707676887516,2
-0.5941791810095312,-2.6548197031021123,-0.5584111895412206,-2.620432469248772,2
-0.5941791810095312,-2.6204324692487715,-0.5584111895412206,-2.5860452353954315,2
-0.5584111895412206,-2.6548197031021123,-0.5226431980729104,-2.620432469248772,2
-0.5584111895412206,-2.6204324692487715,-0.5226431980729104,-2.5860452353954315,2
-0.5941791810095312,-2.5860452353954315,-0.5584111895412206,-2.5516580015420915,2
-0.5941791810095312,-2.5516580015420915,-0.5584111895412206,-2.5172707676887516,2
-0.5584111895412206,-2.5860452353954315,-0.5226431980729104,-2.5516580015420915,2
-0.5584111895412206,-2.5516580015420915,-0.5226431980729104,-2.5172707676887516,2
-0.6657151639461516,-2.5172707676887516,-0.6299471724778414,-2.482883533835411,2
-0.6657151639461516,-2.4828835338354116,-0.6299471724778414,-2.448496299982071,2
-0.6299471724778414,-2.5172707676887516,-0.5941791810095309,-2.482883533835411,2
-0.6299471724778414,-2.4828835338354116,-0.5941791810095309,-2.448496299982071,2
-0.6657151639461516,-2.4484962999820707,-0.6299471724778414,-2.4141090661287308,2
-0.6657151639461516,-2.4141090661287308,-0.6299471724778414,-2.379721832275391,2
-0.6299471724778414,-2.4484962999820707,-0.5941791810095309,-2.4141090661287308,2
-0.6299471724778414,-2.4141090661287308,-0.5941791810095309,-2.379721832275391,2
-0.5941791810095312,-2.5172707676887516,-0.5584111895412206,-2.482883533835411,2
-0.5941791810095312,-2.4828835338354116,-0.5584111895412206,-2.448496299982071,2
-0.5584111895412206,-2.5172707676887516,-0.5226431980729104,-2.482883533835411,2
-0.5584111895412206,-2.4828835338354116,-0.5226431980729104,-2.448496299982071,2
-0.5941791810095312,-2.4484962999820707,-0.5584111895412206,-2.4141090661287308,2
-0.5941791810095312,-2.4141090661287308,-0.5584111895412206,-2.379721832275391,2
-0.5584111895412206,-2.4484962999820707,-0.5226431980729104,-2.4141090661287308,2
-0.5584111895412206,-2.4141090661287308,-0.5226431980729104,-2.379721832275391,2
-0.5226431980729104,-2.6548197031021123,-0.48687520660459976,-2.620432469248772,2
-0.5226431980729104,-2.6204324692487715,-0.48687520660459976,-2.5860452353954315,2
-0.48687520660459976,-2.6204324692487715,-0.4511072151362896,-2.5860452353954315,2
-0.5226431980729104,-2.5860452353954315,-0.48687520660459976,-2.5516580015420915,2
-0.5226431980729104,-2.5516580015420915,-0.48687520660459976,-2.5172707676887516,2
-0.48687520660459976,-2.5860452353954315,-0.4511072151362896,-2.5516580015420915,2
-0.48687520660459976,-2.5516580015420915,-0.4511072151362896,-2.5172707676887516,2
-0.4511072151362896,-2.6204324692487715,-0.41533922366797943,-2.5860452353954315,2
-0.4511072151362896,-2.5860452353954315,-0.41533922366797943,-2.5516580015420915,2
-0.4511072151362896,-2.5516580015420915,-0.41533922366797943,-2.5172707676887516,2
-0.41533922366797943,-2.5860452353954315,-0.3795712321996688,-2.5516580015420915,2
-0.41533922366797943,-2.5516580015420915,-0.3795712321996688,-2.5172707676887516,2
-0.5226431980729104,-2.5172707676887516,-0.48687520660459976,-2.482883533835411,2
-0.5226431980729104,-2.4828835338354116,-0.48687520660459976,-2.448496299982071,2
-0.48687520660459976,-2.5172707676887516,-0.4511072151362896,-2.482883533835411,2
-0.48687520660459976,-2.4828835338354116,-0.4511072151362896,-2.448496299982071,2
-0.5226431980729104,-2.4484962999820707,-0.48687520660459976,-2.4141090661287308,2
-0.5226431980729104,-2.4141090661287308,-0.48687520660459976,-2.379721832275391,2
-0.48687520660459976,-2.4484962999820707,-0.4511072151362896,-2.4141090661287308,2
-0.48687520660459976,-2.4141090661287308,-0.4511072151362896,-2.379721832275391,2
-0.4511072151362896,-2.5172707676887516,-0.41533922366797943,-2.482883533835411,2
-0.4511072151362896,-2.4828835338354116,-0.41533922366797943,-2.448496299982071,2
-0.41533922366797943,-2.5172707676887516,-0.3795712321996688,-2.482883533835411,2
-0.41533922366797943,-2.4828835338354116,-0.3795712321996688,-2.448496299982071,2
-0.4511072151362896,-2.4484962999820707,-0.41533922366797943,-2.4141090661287308,2
-0.4511072151362896,-2.4141090661287308,-0.41533922366797943,-2.379721832275391,2
-0.41533922366797943,-2.4484962999820707,-0.3795712321996688,-2.4141090661287308,2
-0.41533922366797943,-2.4141090661287308,-0.3795712321996688,-2.379721832275391,2
-0.3795712321996688,-2.5860452353954315,-0.3438032407313586,-2.5516580015420915,2
-0.3795712321996688,-2.5516580015420915,-0.3438032407313586,-2.5172707676887516,2
-0.3438032407313586,-2.5516580015420915,-0.308035249263048,-2.5172707676887516,2
-0.308035249263048,-2.5516580015420915,-0.2722672577947378,-2.5172707676887516,2
-0.3795712321996688,-2.5172707676887516,-0.3438032407313586,-2.482883533835411,2
-0.3795712321996688,-2.4828835338354116,-0.3438032407313586,-2.448496299982071,2
-0.3438032407313586,-2.5172707676887516,-0.308035249263048,-2.482883533835411,2
-0.3438032407313586,-2.4828835338354116,-0.308035249263048,-2.448496299982071,2
-0.3795712321996688,-2.4484962999820707,-0.3438032407313586,-2.4141090661287308,2
-0.3795712321996688,-2.4141090661287308,-0.3438032407313586,-2.379721832275391,2
-0.3438032407313586,-2.4484962999820707,-0.308035249263048,-2.4141090661287308,2
-0.3438032407313586,-2.4141090661287308,-0.308035249263048,-2.379721832275391,2
-0.308035249263048,-2.5172707676887516,-0.2722672577947378,-2.482883533835411,2
-0.308035249263048,-2.4828835338354116,-0.2722672577947378,-2.448496299982071,2
-0.2722672577947378,-2.5172707676887516,-0.23649926632642765,-2.482883533835411,2
-0.2722672577947378,-2.4828835338354116,-0.23649926632642765,-2.448496299982071,2
-0.308035249263048,-2.4484962999820707,-0.2722672577947378,-2.4141090661287308,2
-0.308035249263048,-2.4141090661287308,-0.2722672577947378,-2.379721832275391,2
-0.2722672577947378,-2.4484962999820707,-0.23649926632642765,-2.4141090661287308,2
-0.2722672577947378,-2.4141090661287308,-0.23649926632642765,-2.379721832275391,2
-0.23649926632642765,-2.5172707676887516,-0.200731274858117,-2.482883533835411,2
-0.23649926632642765,-2.4828835338354116,-0.200731274858117,-2.448496299982071,2
-0.200731274858117,-2.5172707676887516,-0.16496328338980684,-2.482883533835411,2
-0.200731274858117,-2.4828835338354116,-0.16496328338980684,-2.448496299982071,2
-0.23649926632642765,-2.4484962999820707,-0.200731274858117,-2.4141090661287308,2
-0.23649926632642765,-2.4141090661287308,-0.200731274858117,-2.379721832275391,2
-0.200731274858117,-2.4484962999820707,-0.16496328338980684,-2.4141090661287308,2
-0.200731274858117,-2.4141090661287308,-0.16496328338980684,-2.379721832275391,2
-0.16496328338980684,-2.4828835338354116,-0.1291952919214962,-2.448496299982071,2
-0.1291952919214962,-2.4828835338354116,-0.09342730045318604,-2.448496299982071,2
-0.16496328338980684,-2.4484962999820707,-0.1291952919214962,-2.4141090661287308,2
-0.16496328338980684,-2.4141090661287308,-0.1291952919214962,-2.379721832275391,2
-0.1291952919214962,-2.4484962999820707,-0.09342730045318604,-2.4141090661287308,2
-0.1291952919214962,-2.4141090661287308,-0.09342730045318604,-2.379721832275391,2
-1.3453070018440485,-2.379721832275391,-1.309539010375738,-2.345334598422051,2
-1.3453070018440485,-2.345334598422051,-1.309539010375738,-2.3109473645687104,2
-1.3453070018440485,-2.310947364568711,-1.309539010375738,-2.2765601307153704,2
-1.3095390103757383,-2.379721832275391,-1.2737710189074276,-2.345334598422051,2
-1.3095390103757383,-2.345334598422051,-1.2737710189074276,-2.3109473645687104,2
-1.2737710189074276,-2.379721832275391,-1.2380030274391176,-2.345334598422051,2
-1.2737710189074276,-2.345334598422051,-1.2380030274391176,-2.3109473645687104,2
-1.3095390103757383,-2.310947364568711,-1.2737710189074276,-2.2765601307153704,2
-1.3095390103757383,-2.27656013071537,-1.2737710189074276,-2.24217289686203,2
-1.2737710189074276,-2.310947364568711,-1.2380030274391176,-2.2765601307153704,2
-1.2737710189074276,-2.27656013071537,-1.2380030274391176,-2.24217289686203,2
-1.3095390103757383,-2.24217289686203,-1.2737710189074276,-2.20778566300869,2
-1.2737710189074276,-2.24217289686203,-1.2380030274391176,-2.20778566300869,2
-1.2737710189074276,-2.20778566300869,-1.2380030274391176,-2.17339842915535,2
-1.2380030274391176,-2.379721832275391,-1.2022350359708072,-2.345334598422051,2
-1.2380030274391176,-2.345334598422051,-1.2022350359708072,-2.3109473645687104,2
-1.202235035970807,-2.379721832275391,-1.1664670445024967,-2.345334598422051,2
-1.202235035970807,-2.345334598422051,-1.1664670445024967,-2.3109473645687104,2
-1.2380030274391176,-2.310947364568711,-1.2022350359708072,-2.2765601307153704,2
-1.2380030274391176,-2.27656013071537,-1.2022350359708072,-2.24217289686203,2
-1.202235035970807,-2.310947364568711,-1.1664670445024967,-2.2765601307153704,2
-1.202235035970807,-2.27656013071537,-1.1664670445024967,-2.24217289686203,2
-1.1664670445024967,-2.379721832275391,-1.1306990530341863,-2.345334598422051,2
-1.1664670445024967,-2.345334598422051,-1.1306990530341863,-2.3109473645687104,2
-1.1306990530341865,-2.379721832275391,-1.0949310615658758,-2.345334598422051,2
-1.1306990530341865,-2.345334598422051,-1.0949310615658758,-2.3109473645687104,2
-1.1664670445024967,-2.310947364568711,-1.1306990530341863,-2.2765601307153704,2
-1.1664670445024967,-2.27656013071537,-1.1306990530341863,-2.24217289686203,2
-1.1306990530341865,-2.310947364568711,-1.0949310615658758,-2.2765601307153704,2
-1.1306990530341865,-2.27656013071537,-1.0949310615658758,-2.24217289686203,2
-1.2380030274391176,-2.24217289686203,-1.2022350359708072,-2.20778566300869,2
-1.2380030274391176,-2.20778566300869,-1.2022350359708072,-2.17339842915535,2
-1.202235035970807,-2.24217289686203,-1.1664670445024967,-2.20778566300869,2
-1.202235035970807,-2.20778566300869,-1.1664670445024967,-2.17339842915535,2
-1.2380030274391176,-2.17339842915535,-1.2022350359708072,-2.1390111953020097,2
-1.2380030274391176,-2.13901119530201,-1.2022350359708072,-2.1046239614486697,2
-1.202235035970807,-2.17339842915535,-1.1664670445024967,-2.1390111953020097,2
-1.202235035970807,-2.13901119530201,-1.1664670445024967,-2.1046239614486697,2
-1.1664670445024967,-2.24217289686203,-1.1306990530341863,-2.20778566300869,2
-1.1664670445024967,-2.20778566300869,-1.1306990530341863,-2.17339842915535,2
-1.1306990530341865,-2.24217289686203,-1.0949310615658758,-2.20778566300869,2
-1.1306990530341865,-2.20778566300869,-1.0949310615658758,-2.17339842915535,2
-1.1664670445024967,-2.17339842915535,-1.1306990530341863,-2.1390111953020097,2
-1.1664670445024967,-2.13901119530201,-1.1306990530341863,-2.1046239614486697,2
-1.1306990530341865,-2.17339842915535,-1.0949310615658758,-2.1390111953020097,2
-1.1306990530341865,-2.13901119530201,-1.0949310615658758,-2.1046239614486697,2
-1.0949310615658758,-2.379721832275391,-1.0591630700975658,-2.345334598422051,2
-1.0949310615658758,-2.345334598422051,-1.0591630700975658,-2.3109473645687104,2
-1.0591630700975658,-2.379721832275391,-1.0233950786292554,-2.345334598422051,2
-1.0591630700975658,-2.345334598422051,-1.0233950786292554,-2.3109473645687104,2
-1.0949310615658758,-2.310947364568711,-1.0591630700975658,-2.2765601307153704,2
-1.0949310615658758,-2.27656013071537,-1.0591630700975658,-2.24217289686203,2
-1.0591630700975658,-2.310947364568711,-1.0233950786292554,-2.2765601307153704,2
-1.0591630700975658,-2.27656013071537,-1.0233950786292554,-2.24217289686203,2
-1.0233950786292552,-2.379721832275391,-0.9876270871609449,-2.345334598422051,2
-1.0233950786292552,-2.345334598422051,-0.9876270871609449,-2.3109473645687104,2
-0.9876270871609449,-2.379721832275391,-0.9518590956926345,-2.345334598422051,2
-0.9876270871609449,-2.345334598422051,-0.9518590956926345,-2.3109473645687104,2
-1.0233950786292552,-2.310947364568711,-0.9876270871609449,-2.2765601307153704,2
-1.0233950786292552,-2.27656013071537,-0.9876270871609449,-2.24217289686203,2
-0.9876270871609449,-2.310947364568711,-0.9518590956926345,-2.2765601307153704,2
-0.9876270871609449,-2.27656013071537,-0.9518590956926345,-2.24217289686203,2
-1.0949310615658758,-2.24217289686203,-1.0591630700975658,-2.20778566300869,2
-1.0949310615658758,-2.20778566300869,-1.0591630700975658,-2.17339842915535,2
-1.0591630700975658,-2.24217289686203,-1.0233950786292554,-2.20778566300869,2
-1.0591630700975658,-2.20778566300869,-1.0233950786292554,-2.17339842915535,2
-1.0949310615658758,-2.17339842915535,-1.0591630700975658,-2.1390111953020097,2
-1.0949310615658758,-2.13901119530201,-1.0591630700975658,-2.1046239614486697,2
-1.0591630700975658,-2.17339842915535,-1.0233950786292554,-2.1390111953020097,2
-1.0591630700975658,-2.13901119530201,-1.0233950786292554,-2.1046239614486697,2
-1.0233950786292552,-2.24217289686203,-0.9876270871609449,-2.20778566300869,2
-1.0233950786292552,-2.20778566300869,-0.9876270871609449,-2.17339842915535,2
-0.9876270871609449,-2.24217289686203,-0.9518590956926345,-2.20778566300869,2
-0.9876270871609449,-2.20778566300869,-0.9518590956926345,-2.17339842915535,2
-1.0233950786292552,-2.17339842915535,-0.9876270871609449,-2.1390111953020097,2
-1.0233950786292552,-2.13901119530201,-0.9876270871609449,-2.1046239614486697,2
-0.9876270871609449,-2.17339842915535,-0.9518590956926345,-2.1390111953020097,2
-0.9876270871609449,-2.13901119530201,-0.9518590956926345,-2.1046239614486697,2
-1.202235035970807,-2.1046239614486693,-1.1664670445024967,-2.0702367275953293,2
-1.202235035970807,-2.0702367275953293,-1.1664670445024967,-2.0358494937419893,2
-1.1664670445024967,-2.1046239614486693,-1.1306990530341863,-2.0702367275953293,2
-1.1664670445024967,-2.0702367275953293,-1.1306990530341863,-2.0358494937419893,2
-1.1306990530341865,-2.1046239614486693,-1.0949310615658758,-2.0702367275953293,2
-1.1306990530341865,-2.0702367275953293,-1.0949310615658758,-2.0358494937419893,2
-1.1664670445024967,-2.0358494937419893,-1.1306990530341863,-2.0014622598886493,2
-1.1306990530341865,-2.0358494937419893,-1.0949310615658758,-2.0014622598886493,2
-1.1306990530341865,-2.0014622598886493,-1.0949310615658758,-1.967075026035309,2
-1.1306990530341865,-1.9670750260353091,-1.0949310615658758,-1.932687792181969,2
-1.0949310615658758,-2.1046239614486693,-1.0591630700975658,-2.0702367275953293,2
-1.0949310615658758,-2.0702367275953293,-1.0591630700975658,-2.0358494937419893,2
-1.0591630700975658,-2.1046239614486693,-1.0233950786292554,-2.0702367275953293,2
-1.0591630700975658,-2.0702367275953293,-1.0233950786292554,-2.0358494937419893,2
-1.0949310615658758,-2.0358494937419893,-1.0591630700975658,-2.0014622598886493,2
-1.0949310615658758,-2.0014622598886493,-1.0591630700975658,-1.967075026035309,2
-1.0591630700975658,-2.0358494937419893,-1.0233950786292554,-2.0014622598886493,2
-1.0591630700975658,-2.0014622598886493,-1.0233950786292554,-1.967075026035309,2
-1.0233950786292552,-2.1046239614486693,-0.9876270871609449,-2.0702367275953293,2
-1.0233950786292552,-2.0702367275953293,-0.9876270871609449,-2.0358494937419893,2
-0.9876270871609449,-2.1046239614486693,-0.9518590956926345,-2.0702367275953293,2
-0.9876270871609449,-2.0702367275953293,-0.9518590956926345,-2.0358494937419893,2
-1.0233950786292552,-2.0358494937419893,-0.9876270871609449,-2.0014622598886493,2
-1.0233950786292552,-2.0014622598886493,-0.9876270871609449,-1.967075026035309,2
-0.9876270871609449,-2.0358494937419893,-0.9518590956926345,-2.0014622598886493,2
-0.9876270871609449,-2.0014622598886493,-0.9518590956926345,-1.967075026035309,2
-1.0949310615658758,-1.9670750260353091,-1.0591630700975658,-1.932687792181969,2
-1.0949310615658758,-1.9326877921819687,-1.0591630700975658,-1.8983005583286285,2
-1.0591630700975658,-1.9670750260353091,-1.0233950786292554,-1.932687792181969,2
-1.0591630700975658,-1.9326877921819687,-1.0233950786292554,-1.8983005583286285,2
-1.0591630700975658,-1.8983005583286285,-1.0233950786292554,-1.8639133244752886,2
-1.0591630700975658,-1.8639133244752886,-1.0233950786292554,-1.8295260906219486,2
-1.0233950786292552,-1.9670750260353091,-0.9876270871609449,-1.932687792181969,2
-1.0233950786292552,-1.9326877921819687,-0.9876270871609449,-1.8983005583286285,2
-0.9876270871609449,-1.9670750260353091,-0.9518590956926345,-1.932687792181969,2
-0.9876270871609449,-1.9326877921819687,-0.9518590956926345,-1.8983005583286285,2
-1.0233950786292552,-1.8983005583286285,-0.9876270871609449,-1.8639133244752886,2
-1.0233950786292552,-1.8639133244752886,-0.9876270871609449,-1.8295260906219486,2
-0.9876270871609449,-1.8983005583286285,-0.9518590956926345,-1.8639133244752886,2
-0.9876270871609449,-1.8639133244752886,-0.9518590956926345,-1.8295260906219486,2
-0.9518590956926347,-2.379721832275391,-0.9160911042243242,-2.345334598422051,2
-0.9518590956926347,-2.345334598422051,-0.9160911042243242,-2.3109473645687104,2
-0.9160911042243242,-2.379721832275391,-0.8803231127560139,-2.345334598422051,2
-0.9160911042243242,-2.345334598422051,-0.8803231127560139,-2.3109473645687104,2
-0.9518590956926347,-2.310947364568711,-0.9160911042243242,-2.2765601307153704,2
-0.9518590956926347,-2.27656013071537,-0.9160911042243242,-2.24217289686203,2
-0.9160911042243242,-2.310947364568711,-0.8803231127560139,-2.2765601307153704,2
-0.9160911042243242,-2.27656013071537,-0.8803231127560139,-2.24217289686203,2
-0.8803231127560139,-2.379721832275391,-0.8445551212877035,-2.345334598422051,2
-0.8803231127560139,-2.345334598422051,-0.8445551212877035,-2.3109473645687104,2
-0.8445551212877033,-2.379721832275391,-0.8087871298193932,-2.345334598422051,2
-0.8445551212877033,-2.345334598422051,-0.8087871298193932,-2.3109473645687104,2
-0.8803231127560139,-2.310947364568711,-0.8445551212877035,-2.2765601307153704,2
-0.8803231127560139,-2.27656013071537,-0.8445551212877035,-2.24217289686203,2
-0.8445551212877033,-2.310947364568711,-0.8087871298193932,-2.2765601307153704,2
-0.8445551212877033,-2.27656013071537,-0.8087871298193932,-2.24217289686203,2
-0.9518590956926347,-2.24217289686203,-0.9160911042243242,-2.20778566300869,2
-0.9518590956926347,-2.20778566300869,-0.9160911042243242,-2.17339842915535,2
-0.9160911042243242,-2.24217289686203,-0.8803231127560139,-2.20778566300869,2
-0.9160911042243242,-2.20778566300869,-0.8803231127560139,-2.17339842915535,2
-0.9518590956926347,-2.17339842915535,-0.9160911042243242,-2.1390111953020097,2
-0.9518590956926347,-2.13901119530201,-0.9160911042243242,-2.1046239614486697,2
-0.9160911042243242,-2.17339842915535,-0.8803231127560139,-2.1390111953020097,2
-0.9160911042243242,-2.13901119530201,-0.8803231127560139,-2.1046239614486697,2
-0.8803231127560139,-2.24217289686203,-0.8445551212877035,-2.20778566300869,2
-0.8803231127560139,-2.20778566300869,-0.8445551212877035,-2.17339842915535,2
-0.8445551212877033,-2.24217289686203,-0.8087871298193932,-2.20778566300869,2
-0.8445551212877033,-2.20778566300869,-0.8087871298193932,-2.17339842915535,2
-0.8803231127560139,-2.17339842915535,-0.8445551212877035,-2.1390111953020097,2
-0.8803231127560139,-2.13901119530201,-0.8445551212877035,-2.1046239614486697,2
-0.8445551212877033,-2.17339842915535,-0.8087871298193932,-2.1390111953020097,2
-0.8445551212877033,-2.13901119530201,-0.8087871298193932,-2.1046239614486697,2
-0.8087871298193932,-2.379721832275391,-0.7730191383510827,-2.345334598422051,2
-0.8087871298193932,-2.345334598422051,-0.7730191383510827,-2.3109473645687104,2
-0.7730191383510829,-2.379721832275391,-0.7372511468827724,-2.345334598422051,2
-0.7730191383510829,-2.345334598422051,-0.7372511468827724,-2.3109473645687104,2
-0.8087871298193932,-2.310947364568711,-0.7730191383510827,-2.2765601307153704,2
-0.8087871298193932,-2.27656013071537,-0.7730191383510827,-2.24217289686203,2
-0.7730191383510829,-2.310947364568711,-0.7372511468827724,-2.2765601307153704,2
-0.7730191383510829,-2.27656013071537,-0.7372511468827724,-2.24217289686203,2
-0.7372511468827724,-2.379721832275391,-0.7014831554144622,-2.345334598422051,2
-0.7372511468827724,-2.345334598422051,-0.7014831554144622,-2.3109473645687104,2
-0.7014831554144622,-2.379721832275391,-0.6657151639461518,-2.345334598422051,2
-0.7014831554144622,-2.345334598422051,-0.6657151639461518,-2.3109473645687104,2
-0.7372511468827724,-2.310947364568711,-0.7014831554144622,-2.2765601307153704,2
-0.7372511468827724,-2.27656013071537,-0.7014831554144622,-2.24217289686203,2
-0.7014831554144622,-2.310947364568711,-0.6657151639461518,-2.2765601307153704,2
-0.7014831554144622,-2.27656013071537,-0.6657151639461518,-2.24217289686203,2
-0.8087871298193932,-2.24217289686203,-0.7730191383510827,-2.20778566300869,2
-0.8087871298193932,-2.20778566300869,-0.7730191383510827,-2.17339842915535,2
-0.7730191383510829,-2.24217289686203,-0.7372511468827724,-2.20778566300869,2
-0.7730191383510829,-2.20778566300869,-0.7372511468827724,-2.17339842915535,2
-0.8087871298193932,-2.17339842915535,-0.7730191383510827,-2.1390111953020097,2
-0.8087871298193932,-2.13901119530201,-0.7730191383510827,-2.1046239614486697,2
-0.7730191383510829,-2.17339842915535,-0.7372511468827724,-2.1390111953020097,2
-0.7730191383510829,-2.13901119530201,-0.7372511468827724,-2.1046239614486697,2
-0.7372511468827724,-2.24217289686203,-0.7014831554144622,-2.20778566300869,2
-0.7372511468827724,-2.20778566300869,-0.7014831554144622,-2.17339842915535,2
-0.7014831554144622,-2.24217289686203,-0.6657151639461518,-2.20778566300869,2
-0.7014831554144622,-2.20778566300869,-0.6657151639461518,-2.17339842915535,2
-0.7372511468827724,-2.17339842915535,-0.7014831554144622,-2.1390111953020097,2
-0.7372511468827724,-2.13901119530201,-0.7014831554144622,-2.1046239614486697,2
-0.7014831554144622,-2.17339842915535,-0.6657151639461518,-2.1390111953020097,2
-0.7014831554144622,-2.13901119530201,-0.6657151639461518,-2.1046239614486697,2
-0.9518590956926347,-2.1046239614486693,-0.9160911042243242,-2.0702367275953293,2
-0.9518590956926347,-2.0702367275953293,-0.9160911042243242,-2.0358494937419893,2
-0.9160911042243242,-2.1046239614486693,-0.8803231127560139,-2.0702367275953293,2
-0.9160911042243242,-2.0702367275953293,-0.8803231127560139,-2.0358494937419893,2
-0.9518590956926347,-2.0358494937419893,-0.9160911042243242,-2.0014622598886493,2
-0.9518590956926347,-2.0014622598886493,-0.9160911042243242,-1.967075026035309,2
-0.9160911042243242,-2.0358494937419893,-0.8803231127560139,-2.0014622598886493,2
-0.9160911042243242,-2.0014622598886493,-0.8803231127560139,-1.967075026035309,2
-0.8803231127560139,-2.1046239614486693,-0.8445551212877035,-2.0702367275953293,2
-0.8803231127560139,-2.0702367275953293,-0.8445551212877035,-2.0358494937419893,2
-0.8445551212877033,-2.1046239614486693,-0.8087871298193932,-2.0702367275953293,2
-0.8445551212877033,-2.0702367275953293,-0.8087871298193932,-2.0358494937419893,2
-0.8803231127560139,-2.0358494937419893,-0.8445551212877035,-2.0014622598886493,2
-0.8803231127560139,-2.0014622598886493,-0.8445551212877035,-1.967075026035309,2
-0.8445551212877033,-2.0358494937419893,-0.8087871298193932,-2.0014622598886493,2
-0.8445551212877033,-2.0014622598886493,-0.8087871298193932,-1.967075026035309,2
-0.9518590956926347,-1.9670750260353091,-0.9160911042243242,-1.932687792181969,2
-0.9518590956926347,-1.9326877921819687,-0.9160911042243242,-1.8983005583286285,2
-0.9160911042243242,-1.9670750260353091,-0.8803231127560139,-1.932687792181969,2
-0.9160911042243242,-1.9326877921819687,-0.8803231127560139,-1.8983005583286285,2
-0.9518590956926347,-1.8983005583286285,-0.9160911042243242,-1.8639133244752886,2
-0.9518590956926347,-1.8639133244752886,-0.9160911042243242,-1.8295260906219486,2
-0.9160911042243242,-1.8983005583286285,-0.8803231127560139,-1.8639133244752886,2
-0.9160911042243242,-1.8639133244752886,-0.8803231127560139,-1.8295260906219486,2
-0.8803231127560139,-1.9670750260353091,-0.8445551212877035,-1.932687792181969,2
-0.8803231127560139,-1.9326877921819687,-0.8445551212877035,-1.8983005583286285,2
-0.8445551212877033,-1.9670750260353091,-0.8087871298193932,-1.932687792181969,2
-0.8445551212877033,-1.9326877921819687,-0.8087871298193932,-1.8983005583286285,2
-0.8803231127560139,-1.8983005583286285,-0.8445551212877035,-1.8639133244752886,2
-0.8803231127560139,-1.8639133244752886,-0.8445551212877035,-1.8295260906219486,2
-0.8445551212877033,-1.8983005583286285,-0.8087871298193932,-1.8639133244752886,2
-0.8445551212877033,-1.8639133244752886,-0.8087871298193932,-1.8295260906219486,2
-0.8087871298193932,-2.1046239614486693,-0.7730191383510827,-2.0702367275953293,2
-0.8087871298193932,-2.0702367275953293,-0.7730191383510827,-2.0358494937419893,2
-0.7730191383510829,-2.1046239614486693,-0.7372511468827724,-2.0702367275953293,2
-0.7730191383510829,-2.0702367275953293,-0.7372511468827724,-2.0358494937419893,2
-0.8087871298193932,-2.0358494937419893,-0.7730191383510827,-2.0014622598886493,2
-0.8087871298193932,-2.0014622598886493,-0.7730191383510827,-1.967075026035309,2
-0.7730191383510829,-2.0358494937419893,-0.7372511468827724,-2.0014622598886493,2
-0.7730191383510829,-2.0014622598886493,-0.7372511468827724,-1.967075026035309,2
-0.7372511468827724,-2.1046239614486693,-0.7014831554144622,-2.0702367275953293,2
-0.7372511468827724,-2.0702367275953293,-0.7014831554144622,-2.0358494937419893,2
-0.7014831554144622,-2.1046239614486693,-0.6657151639461518,-2.0702367275953293,2
-0.7014831554144622,-2.0702367275953293,-0.6657151639461518,-2.0358494937419893,2
-0.7372511468827724,-2.0358494937419893,-0.7014831554144622,-2.0014622598886493,2
-0.7372511468827724,-2.0014622598886493,-0.7014831554144622,-1.967075026035309,2
-0.7014831554144622,-2.0358494937419893,-0.6657151639461518,-2.0014622598886493,2
-0.7014831554144622,-2.0014622598886493,-0.6657151639461518,-1.967075026035309,2
-0.8087871298193932,-1.9670750260353091,-0.7730191383510827,-1.932687792181969,2
-0.8087871298193932,-1.9326877921819687,-0.7730191383510827,-1.8983005583286285,2
-0.7730191383510829,-1.9670750260353091,-0.7372511468827724,-1.932687792181969,2
-0.7730191383510829,-1.9326877921819687,-0.7372511468827724,-1.8983005583286285,2
-0.8087871298193932,-1.8983005583286285,-0.7730191383510827,-1.8639133244752886,2
-0.8087871298193932,-1.8639133244752886,-0.7730191383510827,-1.8295260906219486,2
-0.7730191383510829,-1.8983005583286285,-0.7372511468827724,-1.8639133244752886,2
-0.7730191383510829,-1.8639133244752886,-0.7372511468827724,-1.8295260906219486,2
-0.7372511468827724,-1.9670750260353091,-0.7014831554144622,-1.932687792181969,2
-0.7372511468827724,-1.9326877921819687,-0.7014831554144622,-1.8983005583286285,2
-0.7014831554144622,-1.9670750260353091,-0.6657151639461518,-1.932687792181969,2
-0.7014831554144622,-1.9326877921819687,-0.6657151639461518,-1.8983005583286285,2
-0.7372511468827724,-1.8983005583286285,-0.7014831554144622,-1.8639133244752886,2
-0.7372511468827724,-1.8639133244752886,-0.7014831554144622,-1.8295260906219486,2
-0.7014831554144622,-1.8983005583286285,-0.6657151639461518,-1.8639133244752886,2
-0.7014831554144622,-1.8639133244752886,-0.6657151639461518,-1.8295260906219486,2
-1.0233950786292552,-1.8295260906219486,-0.9876270871609449,-1.7951388567686082,2
-1.0233950786292552,-1.7951388567686084,-0.9876270871609449,-1.7607516229152682,2
-0.9876270871609449,-1.8295260906219486,-0.9518590956926345,-1.7951388567686082,2
-0.9876270871609449,-1.7951388567686084,-0.9518590956926345,-1.7607516229152682,2
-0.9876270871609449,-1.760751622915268,-0.9518590956926345,-1.7263643890619278,2
-0.9876270871609449,-1.7263643890619278,-0.9518590956926345,-1.6919771552085878,2
-0.9518590956926347,-1.8295260906219486,-0.9160911042243242,-1.7951388567686082,2
-0.9518590956926347,-1.7951388567686084,-0.9160911042243242,-1.7607516229152682,2
-0.9160911042243242,-1.8295260906219486,-0.8803231127560139,-1.7951388567686082,2
-0.9160911042243242,-1.7951388567686084,-0.8803231127560139,-1.7607516229152682,2
-0.9518590956926347,-1.760751622915268,-0.9160911042243242,-1.7263643890619278,2
-0.9518590956926347,-1.7263643890619278,-0.9160911042243242,-1.6919771552085878,2
-0.9160911042243242,-1.760751622915268,-0.8803231127560139,-1.7263643890619278,2
-0.9160911042243242,-1.7263643890619278,-0.8803231127560139,-1.6919771552085878,2
-0.8803231127560139,-1.8295260906219486,-0.8445551212877035,-1.7951388567686082,2
-0.8803231127560139,-1.7951388567686084,-0.8445551212877035,-1.7607516229152682,2
-0.8445551212877033,-1.8295260906219486,-0.8087871298193932,-1.7951388567686082,2
-0.8445551212877033,-1.7951388567686084,-0.8087871298193932,-1.7607516229152682,2
-0.8803231127560139,-1.760751622915268,-0.8445551212877035,-1.7263643890619278,2
-0.8803231127560139,-1.7263643890619278,-0.8445551212877035,-1.6919771552085878,2
-0.8445551212877033,-1.760751622915268,-0.8087871298193932,-1.7263643890619278,2
-0.8445551212877033,-1.7263643890619278,-0.8087871298193932,-1.6919771552085878,2
-0.9518590956926347,-1.6919771552085878,-0.9160911042243242,-1.6575899213552474,2
-0.9160911042243242,-1.6919771552085878,-0.8803231127560139,-1.6575899213552474,2
-0.9160911042243242,-1.6575899213552476,-0.8803231127560139,-1.6232026875019074,2
-0.9160911042243242,-1.6232026875019077,-0.8803231127560139,-1.5888154536485675,2
-0.8803231127560139,-1.6919771552085878,-0.8445551212877035,-1.6575899213552474,2
-0.8803231127560139,-1.6575899213552476,-0.8445551212877035,-1.6232026875019074,2
-0.8445551212877033,-1.6919771552085878,-0.8087871298193932,-1.6575899213552474,2
-0.8445551212877033,-1.6575899213552476,-0.8087871298193932,-1.6232026875019074,2
-0.8803231127560139,-1.6232026875019077,-0.8445551212877035,-1.5888154536485675,2
-0.8803231127560139,-1.5888154536485672,-0.8445551212877035,-1.554428219795227,2
-0.8445551212877033,-1.6232026875019077,-0.8087871298193932,-1.5888154536485675,2
-0.8445551212877033,-1.5888154536485672,-0.8087871298193932,-1.554428219795227,2
-0.8087871298193932,-1.8295260906219486,-0.7730191383510827,-1.7951388567686082,2
-0.8087871298193932,-1.7951388567686084,-0.7730191383510827,-1.7607516229152682,2
-0.7730191383510829,-1.8295260906219486,-0.7372511468827724,-1.7951388567686082,2
-0.7730191383510829,-1.7951388567686084,-0.7372511468827724,-1.7607516229152682,2
-0.8087871298193932,-1.760751622915268,-0.7730191383510827,-1.7263643890619278,2
-0.8087871298193932,-1.7263643890619278,-0.7730191383510827,-1.6919771552085878,2
-0.7730191383510829,-1.760751622915268,-0.7372511468827724,-1.7263643890619278,2
-0.7730191383510829,-1.7263643890619278,-0.7372511468827724,-1.6919771552085878,2
-0.7372511468827724,-1.8295260906219486,-0.7014831554144622,-1.7951388567686082,2
-0.7372511468827724,-1.7951388567686084,-0.7014831554144622,-1.7607516229152682,2
-0.7014831554144622,-1.8295260906219486,-0.6657151639461518,-1.7951388567686082,2
-0.7014831554144622,-1.7951388567686084,-0.6657151639461518,-1.7607516229152682,2
-0.7372511468827724,-1.760751622915268,-0.7014831554144622,-1.7263643890619278,2
-0.7372511468827724,-1.7263643890619278,-0.7014831554144622,-1.6919771552085878,2
-0.7014831554144622,-1.760751622915268,-0.6657151639461518,-1.7263643890619278,2
-0.7014831554144622,-1.7263643890619278,-0.6657151639461518,-1.6919771552085878,2
-0.8087871298193932,-1.6919771552085878,-0.7730191383510827,-1.6575899213552474,2
-0.8087871298193932,-1.6575899213552476,-0.7730191383510827,-1.6232026875019074,2
-0.7730191383510829,-1.6919771552085878,-0.7372511468827724,-1.6575899213552474,2
-0.7730191383510829,-1.6575899213552476,-0.7372511468827724,-1.6232026875019074,2
-0.8087871298193932,-1.6232026875019077,-0.7730191383510827,-1.5888154536485675,2
-0.8087871298193932,-1.5888154536485672,-0.7730191383510827,-1.554428219795227,2
-0.7730191383510829,-1.6232026875019077,-0.7372511468827724,-1.5888154536485675,2
-0.7730191383510829,-1.5888154536485672,-0.7372511468827724,-1.554428219795227,2
-0.7372511468827724,-1.6919771552085878,-0.7014831554144622,-1.6575899213552474,2
-0.7372511468827724,-1.6575899213552476,-0.7014831554144622,-1.6232026875019074,2
-0.7014831554144622,-1.6919771552085878,-0.6657151639461518,-1.6575899213552474,2
-0.7014831554144622,-1.6575899213552476,-0.6657151639461518,-1.6232026875019074,2
-0.7372511468827724,-1.6232026875019077,-0.7014831554144622,-1.5888154536485675,2
-0.7372511468827724,-1.5888154536485672,-0.7014831554144622,-1.554428219795227,2
-0.7014831554144622,-1.6232026875019077,-0.6657151639461518,-1.5888154536485675,2
-0.7014831554144622,-1.5888154536485672,-0.6657151639461518,-1.554428219795227,2
-0.8803231127560139,-1.554428219795227,-0.8445551212877035,-1.520040985941887,2
-0.8445551212877033,-1.554428219795227,-0.8087871298193932,-1.520040985941887,2
-0.8445551212877033,-1.520040985941887,-0.8087871298193932,-1.4856537520885467,2
-0.8087871298193932,-1.554428219795227,-0.7730191383510827,-1.520040985941887,2
-0.8087871298193932,-1.520040985941887,-0.7730191383510827,-1.4856537520885467,2
-0.7730191383510829,-1.554428219795227,-0.7372511468827724,-1.520040985941887,2
-0.7730191383510829,-1.520040985941887,-0.7372511468827724,-1.4856537520885467,2
-0.8087871298193932,-1.4856537520885469,-0.7730191383510827,-1.4512665182352067,2
-0.8087871298193932,-1.451266518235207,-0.7730191383510827,-1.4168792843818667,2
-0.7730191383510829,-1.4856537520885469,-0.7372511468827724,-1.4512665182352067,2
-0.7730191383510829,-1.451266518235207,-0.7372511468827724,-1.4168792843818667,2
-0.7372511468827724,-1.554428219795227,-0.7014831554144622,-1.520040985941887,2
-0.7372511468827724,-1.520040985941887,-0.7014831554144622,-1.4856537520885467,2
-0.7014831554144622,-1.554428219795227,-0.6657151639461518,-1.520040985941887,2
-0.7014831554144622,-1.520040985941887,-0.6657151639461518,-1.4856537520885467,2
-0.7372511468827724,-1.4856537520885469,-0.7014831554144622,-1.4512665182352067,2
-0.7372511468827724,-1.451266518235207,-0.7014831554144622,-1.4168792843818667,2
-0.7014831554144622,-1.4856537520885469,-0.6657151639461518,-1.4512665182352067,2
-0.7014831554144622,-1.451266518235207,-0.6657151639461518,-1.4168792843818667,2
-0.7730191383510829,-1.4168792843818665,-0.7372511468827724,-1.3824920505285263,2
-0.7730191383510829,-1.3824920505285263,-0.7372511468827724,-1.3481048166751863,2
-0.7372511468827724,-1.4168792843818665,-0.7014831554144622,-1.3824920505285263,2
-0.7372511468827724,-1.3824920505285263,-0.7014831554144622,-1.3481048166751863,2
-0.7014831554144622,-1.4168792843818665,-0.6657151639461518,-1.3824920505285263,2
-0.7014831554144622,-1.3824920505285263,-0.6657151639461518,-1.3481048166751863,2
-0.7372511468827724,-1.3481048166751863,-0.7014831554144622,-1.313717582821846,2
-0.7372511468827724,-1.3137175828218461,-0.7014831554144622,-1.279330348968506,2
-0.7014831554144622,-1.3481048166751863,-0.6657151639461518,-1.313717582821846,2
-0.7014831554144622,-1.3137175828218461,-0.6657151639461518,-1.279330348968506,2
-0.6657151639461516,-2.379721832275391,-0.6299471724778414,-2.345334598422051,2
-0.6657151639461516,-2.345334598422051,-0.6299471724778414,-2.3109473645687104,2
-0.6299471724778414,-2.379721832275391,-0.5941791810095309,-2.345334598422051,2
-0.6299471724778414,-2.345334598422051,-0.5941791810095309,-2.3109473645687104,2
-0.6657151639461516,-2.310947364568711,-0.6299471724778414,-2.2765601307153704,2
-0.6657151639461516,-2.27656013071537,-0.6299471724778414,-2.24217289686203,2
-0.6299471724778414,-2.310947364568711,-0.5941791810095309,-2.2765601307153704,2
-0.6299471724778414,-2.27656013071537,-0.5941791810095309,-2.24217289686203,2
-0.5941791810095312,-2.379721832275391,-0.5584111895412206,-2.345334598422051,2
-0.5941791810095312,-2.345334598422051,-0.5584111895412206,-2.3109473645687104,2
-0.5584111895412206,-2.379721832275391,-0.5226431980729104,-2.345334598422051,2
-0.5584111895412206,-2.345334598422051,-0.5226431980729104,-2.3109473645687104,2
-0.5941791810095312,-2.310947364568711,-0.5584111895412206,-2.2765601307153704,2
-0.5941791810095312,-2.27656013071537,-0.5584111895412206,-2.24217289686203,2
-0.5584111895412206,-2.310947364568711,-0.5226431980729104,-2.2765601307153704,2
-0.5584111895412206,-2.27656013071537,-0.5226431980729104,-2.24217289686203,2
-0.6657151639461516,-2.24217289686203,-0.6299471724778414,-2.20778566300869,2
-0.6657151639461516,-2.20778566300869,-0.6299471724778414,-2.17339842915535,2
-0.6299471724778414,-2.24217289686203,-0.5941791810095309,-2.20778566300869,2
-0.6299471724778414,-2.20778566300869,-0.5941791810095309,-2.17339842915535,2
-0.6657151639461516,-2.17339842915535,-0.6299471724778414,-2.1390111953020097,2
-0.6657151639461516,-2.13901119530201,-0.6299471724778414,-2.1046239614486697,2
-0.6299471724778414,-2.17339842915535,-0.5941791810095309,-2.1390111953020097,2
-0.6299471724778414,-2.13901119530201,-0.5941791810095309,-2.1046239614486697,2
-0.5941791810095312,-2.24217289686203,-0.5584111895412206,-2.20778566300869,2
-0.5941791810095312,-2.20778566300869,-0.5584111895412206,-2.17339842915535,2
-0.5584111895412206,-2.24217289686203,-0.5226431980729104,-2.20778566300869,2
-0.5584111895412206,-2.20778566300869,-0.5226431980729104,-2.17339842915535,2
-0.5941791810095312,-2.17339842915535,-0.5584111895412206,-2.1390111953020097,2
-0.5941791810095312,-2.13901119530201,-0.5584111895412206,-2.1046239614486697,2
-0.5584111895412206,-2.17339842915535,-0.5226431980729104,-2.1390111953020097,2
-0.5584111895412206,-2.13901119530201,-0.5226431980729104,-2.1046239614486697,2
-0.5226431980729104,-2.379721832275391,-0.48687520660459976,-2.345334598422051,2
-0.5226431980729104,-2.345334598422051,-0.48687520660459976,-2.3109473645687104,2
-0.48687520660459976,-2.379721832275391,-0.4511072151362896,-2.345334598422051,2
-0.48687520660459976,-2.345334598422051,-0.4511072151362896,-2.3109473645687104,2
-0.5226431980729104,-2.310947364568711,-0.48687520660459976,-2.2765601307153704,2
-0.5226431980729104,-2.27656013071537,-0.48687520660459976,-2.24217289686203,2
-0.48687520660459976,-2.310947364568711,-0.4511072151362896,-2.2765601307153704,2
-0.48687520660459976,-2.27656013071537,-0.4511072151362896,-2.24217289686203,2
-0.4511072151362896,-2.379721832275391,-0.41533922366797943,-2.345334598422051,2
-0.4511072151362896,-2.345334598422051,-0.41533922366797943,-2.3109473645687104,2
-0.41533922366797943,-2.379721832275391,-0.3795712321996688,-2.345334598422051,2
-0.41533922366797943,-2.345334598422051,-0.3795712321996688,-2.3109473645687104,2
-0.4511072151362896,-2.310947364568711,-0.41533922366797943,-2.2765601307153704,2
-0.4511072151362896,-2.27656013071537,-0.41533922366797943,-2.24217289686203,2
-0.41533922366797943,-2.310947364568711,-0.3795712321996688,-2.2765601307153704,2
-0.41533922366797943,-2.27656013071537,-0.3795712321996688,-2.24217289686203,2
-0.5226431980729104,-2.24217289686203,-0.48687520660459976,-2.20778566300869,2
-0.5226431980729104,-2.20778566300869,-0.48687520660459976,-2.17339842915535,2
-0.48687520660459976,-2.24217289686203,-0.4511072151362896,-2.20778566300869,2
-0.48687520660459976,-2.20778566300869,-0.4511072151362896,-2.17339842915535,2
-0.5226431980729104,-2.17339842915535,-0.48687520660459976,-2.1390111953020097,2
-0.5226431980729104,-2.13901119530201,-0.48687520660459976,-2.1046239614486697,2
-0.48687520660459976,-2.17339842915535,-0.4511072151362896,-2.1390111953020097,2
-0.48687520660459976,-2.13901119530201,-0.4511072151362896,-2.1046239614486697,2
-0.4511072151362896,-2.24217289686203,-0.41533922366797943,-2.20778566300869,2
-0.4511072151362896,-2.20778566300869,-0.41533922366797943,-2.17339842915535,2
-0.41533922366797943,-2.24217289686203,-0.3795712321996688,-2.20778566300869,2
-0.41533922366797943,-2.20778566300869,-0.3795712321996688,-2.17339842915535,2
-0.4511072151362896,-2.17339842915535,-0.41533922366797943,-2.1390111953020097,2
-0.4511072151362896,-2.13901119530201,-0.41533922366797943,-2.1046239614486697,2
-0.41533922366797943,-2.17339842915535,-0.3795712321996688,-2.1390111953020097,2
-0.41533922366797943,-2.13901119530201,-0.3795712321996688,-2.1046239614486697,2
-0.6657151639461516,-2.1046239614486693,-0.6299471724778414,-2.0702367275953293,2
-0.6657151639461516,-2.0702367275953293,-0.6299471724778414,-2.0358494937419893,2
-0.6299471724778414,-2.1046239614486693,-0.5941791810095309,-2.0702367275953293,2
-0.6299471724778414,-2.0702367275953293,-0.5941791810095309,-2.0358494937419893,2
-0.6657151639461516,-2.0358494937419893,-0.6299471724778414,-2.0014622598886493,2
-0.6657151639461516,-2.0014622598886493,-0.6299471724778414,-1.967075026035309,2
-0.6299471724778414,-2.0358494937419893,-0.5941791810095309,-2.0014622598886493,2
-0.6299471724778414,-2.0014622598886493,-0.5941791810095309,-1.967075026035309,2
-0.5941791810095312,-2.1046239614486693,-0.5584111895412206,-2.0702367275953293,2
-0.5941791810095312,-2.0702367275953293,-0.5584111895412206,-2.0358494937419893,2
-0.5584111895412206,-2.1046239614486693,-0.5226431980729104,-2.0702367275953293,2
-0.5584111895412206,-2.0702367275953293,-0.5226431980729104,-2.0358494937419893,2
-0.5941791810095312,-2.0358494937419893,-0.5584111895412206,-2.0014622598886493,2
-0.5941791810095312,-2.0014622598886493,-0.5584111895412206,-1.967075026035309,2
-0.5584111895412206,-2.0358494937419893,-0.5226431980729104,-2.0014622598886493,2
-0.5584111895412206,-2.0014622598886493,-0.5226431980729104,-1.967075026035309,2
-0.6657151639461516,-1.9670750260353091,-0.6299471724778414,-1.932687792181969,2
-0.6657151639461516,-1.9326877921819687,-0.6299471724778414,-1.8983005583286285,2
-0.6299471724778414,-1.9670750260353091,-0.5941791810095309,-1.932687792181969,2
-0.6299471724778414,-1.9326877921819687,-0.5941791810095309,-1.8983005583286285,2
-0.6657151639461516,-1.8983005583286285,-0.6299471724778414,-1.8639133244752886,2
-0.6657151639461516,-1.8639133244752886,-0.6299471724778414,-1.8295260906219486,2
-0.6299471724778414,-1.8983005583286285,-0.5941791810095309,-1.8639133244752886,2
-0.6299471724778414,-1.8639133244752886,-0.5941791810095309,-1.8295260906219486,2
-0.5941791810095312,-1.9670750260353091,-0.5584111895412206,-1.932687792181969,2
-0.5941791810095312,-1.9326877921819687,-0.5584111895412206,-1.8983005583286285,2
-0.5584111895412206,-1.9670750260353091,-0.5226431980729104,-1.932687792181969,2
-0.5584111895412206,-1.9326877921819687,-0.5226431980729104,-1.8983005583286285,2
-0.5941791810095312,-1.8983005583286285,-0.5584111895412206,-1.8639133244752886,2
-0.5941791810095312,-1.8639133244752886,-0.5584111895412206,-1.8295260906219486,2
-0.5584111895412206,-1.8983005583286285,-0.5226431980729104,-1.8639133244752886,2
-0.5584111895412206,-1.8639133244752886,-0.5226431980729104,-1.8295260906219486,2
-0.5226431980729104,-2.1046239614486693,-0.48687520660459976,-2.0702367275953293,2
-0.5226431980729104,-2.0702367275953293,-0.48687520660459976,-2.0358494937419893,2
-0.48687520660459976,-2.1046239614486693,-0.4511072151362896,-2.0702367275953293,2
-0.48687520660459976,-2.0702367275953293,-0.4511072151362896,-2.0358494937419893,2
-0.5226431980729104,-2.0358494937419893,-0.48687520660459976,-2.0014622598886493,2
-0.5226431980729104,-2.0014622598886493,-0.48687520660459976,-1.967075026035309,2
-0.48687520660459976,-2.0358494937419893,-0.4511072151362896,-2.0014622598886493,2
-0.48687520660459976,-2.0014622598886493,-0.4511072151362896,-1.967075026035309,2
-0.4511072151362896,-2.1046239614486693,-0.41533922366797943,-2.0702367275953293,2
-0.4511072151362896,-2.0702367275953293,-0.41533922366797943,-2.0358494937419893,2
-0.41533922366797943,-2.1046239614486693,-0.3795712321996688,-2.0702367275953293,2
-0.41533922366797943,-2.0702367275953293,-0.3795712321996688,-2.0358494937419893,2
-0.4511072151362896,-2.0358494937419893,-0.41533922366797943,-2.0014622598886493,2
-0.4511072151362896,-2.0014622598886493,-0.41533922366797943,-1.967075026035309,2
-0.41533922366797943,-2.0358494937419893,-0.3795712321996688,-2.0014622598886493,2
-0.41533922366797943,-2.0014622598886493,-0.3795712321996688,-1.967075026035309,2
-0.5226431980729104,-1.9670750260353091,-0.48687520660459976,-1.932687792181969,2
-0.5226431980729104,-1.9326877921819687,-0.48687520660459976,-1.8983005583286285,2
-0.48687520660459976,-1.9670750260353091,-0.4511072151362896,-1.932687792181969,2
-0.48687520660459976,-1.9326877921819687,-0.4511072151362896,-1.8983005583286285,2
-0.5226431980729104,-1.8983005583286285,-0.48687520660459976,-1.8639133244752886,2
-0.5226431980729104,-1.8639133244752886,-0.48687520660459976,-1.8295260906219486,2
-0.48687520660459976,-1.8983005583286285,-0.4511072151362896,-1.8639133244752886,2
-0.48687520660459976,-1.8639133244752886,-0.4511072151362896,-1.8295260906219486,2
-0.4511072151362896,-1.9670750260353091,-0.41533922366797943,-1.932687792181969,2
-0.4511072151362896,-1.9326877921819687,-0.41533922366797943,-1.8983005583286285,2
-0.41533922366797943,-1.9670750260353091,-0.3795712321996688,-1.932687792181969,2
-0.41533922366797943,-1.9326877921819687,-0.3795712321996688,-1.8983005583286285,2
-0.4511072151362896,-1.8983005583286285,-0.41533922366797943,-1.8639133244752886,2
-0.4511072151362896,-1.8639133244752886,-0.41533922366797943,-1.8295260906219486,2
-0.41533922366797943,-1.8983005583286285,-0.3795712321996688,-1.8639133244752886,2
-0.41533922366797943,-1.8639133244752886,-0.3795712321996688,-1.8295260906219486,2
-0.3795712321996688,-2.379721832275391,-0.3438032407313586,-2.345334598422051,2
-0.3795712321996688,-2.345334598422051,-0.3438032407313586,-2.3109473645687104,2
-0.3438032407313586,-2.379721832275391,-0.308035249263048,-2.345334598422051,2
-0.3438032407313586,-2.345334598422051,-0.308035249263048,-2.3109473645687104,2
-0.3795712321996688,-2.310947364568711,-0.3438032407313586,-2.2765601307153704,2
-0.3795712321996688,-2.27656013071537,-0.3438032407313586,-2.24217289686203,2
-0.3438032407313586,-2.310947364568711,-0.308035249263048,-2.2765601307153704,2
-0.3438032407313586,-2.27656013071537,-0.308035249263048,-2.24217289686203,2
-0.308035249263048,-2.379721832275391,-0.2722672577947378,-2.345334598422051,2
-0.308035249263048,-2.345334598422051,-0.2722672577947378,-2.3109473645687104,2
-0.2722672577947378,-2.379721832275391,-0.23649926632642765,-2.345334598422051,2
-0.2722672577947378,-2.345334598422051,-0.23649926632642765,-2.3109473645687104,2
-0.308035249263048,-2.310947364568711,-0.2722672577947378,-2.2765601307153704,2
-0.308035249263048,-2.27656013071537,-0.2722672577947378,-2.24217289686203,2
-0.2722672577947378,-2.310947364568711,-0.23649926632642765,-2.2765601307153704,2
-0.2722672577947378,-2.27656013071537,-0.23649926632642765,-2.24217289686203,2
-0.3795712321996688,-2.24217289686203,-0.3438032407313586,-2.20778566300869,2
-0.3795712321996688,-2.20778566300869,-0.3438032407313586,-2.17339842915535,2
-0.3438032407313586,-2.24217289686203,-0.308035249263048,-2.20778566300869,2
-0.3438032407313586,-2.20778566300869,-0.308035249263048,-2.17339842915535,2
-0.3795712321996688,-2.17339842915535,-0.3438032407313586,-2.1390111953020097,2
-0.3795712321996688,-2.13901119530201,-0.3438032407313586,-2.1046239614486697,2
-0.3438032407313586,-2.17339842915535,-0.308035249263048,-2.1390111953020097,2
-0.3438032407313586,-2.13901119530201,-0.308035249263048,-2.1046239614486697,2
-0.308035249263048,-2.24217289686203,-0.2722672577947378,-2.20778566300869,2
-0.308035249263048,-2.20778566300869,-0.2722672577947378,-2.17339842915535,2
-0.2722672577947378,-2.24217289686203,-0.23649926632642765,-2.20778566300869,2
-0.2722672577947378,-2.20778566300869,-0.23649926632642765,-2.17339842915535,2
-0.308035249263048,-2.17339842915535,-0.2722672577947378,-2.1390111953020097,2
-0.308035249263048,-2.13901119530201,-0.2722672577947378,-2.1046239614486697,2
-0.2722672577947378,-2.17339842915535,-0.23649926632642765,-2.1390111953020097,2
-0.2722672577947378,-2.13901119530201,-0.23649926632642765,-2.1046239614486697,2
-0.23649926632642765,-2.379721832275391,-0.200731274858117,-2.345334598422051,2
-0.23649926632642765,-2.345334598422051,-0.200731274858117,-2.3109473645687104,2
-0.200731274858117,-2.379721832275391,-0.16496328338980684,-2.345334598422051,2
-0.200731274858117,-2.345334598422051,-0.16496328338980684,-2.3109473645687104,2
-0.23649926632642765,-2.310947364568711,-0.200731274858117,-2.2765601307153704,2
-0.23649926632642765,-2.27656013071537,-0.200731274858117,-2.24217289686203,2
-0.200731274858117,-2.310947364568711,-0.16496328338980684,-2.2765601307153704,2
-0.200731274858117,-2.27656013071537,-0.16496328338980684,-2.24217289686203,2
-0.16496328338980684,-2.379721832275391,-0.1291952919214962,-2.345334598422051,2
-0.16496328338980684,-2.345334598422051,-0.1291952919214962,-2.3109473645687104,2
-0.1291952919214962,-2.379721832275391,-0.09342730045318604,-2.345334598422051,2
-0.1291952919214962,-2.345334598422051,-0.09342730045318604,-2.3109473645687104,2
-0.16496328338980684,-2.310947364568711,-0.1291952919214962,-2.2765601307153704,2
-0.16496328338980684,-2.27656013071537,-0.1291952919214962,-2.24217289686203,2
-0.1291952919214962,-2.310947364568711,-0.09342730045318604,-2.2765601307153704,2
-0.1291952919214962,-2.27656013071537,-0.09342730045318604,-2.24217289686203,2
-0.23649926632642765,-2.24217289686203,-0.200731274858117,-2.20778566300869,2
-0.23649926632642765,-2.20778566300869,-0.200731274858117,-2.17339842915535,2
-0.200731274858117,-2.24217289686203,-0.16496328338980684,-2.20778566300869,2
-0.200731274858117,-2.20778566300869,-0.16496328338980684,-2.17339842915535,2
-0.23649926632642765,-2.17339842915535,-0.200731274858117,-2.1390111953020097,2
-0.23649926632642765,-2.13901119530201,-0.200731274858117,-2.1046239614486697,2
-0.200731274858117,-2.17339842915535,-0.16496328338980684,-2.1390111953020097,2
-0.200731274858117,-2.13901119530201,-0.16496328338980684,-2.1046239614486697,2
-0.16496328338980684,-2.24217289686203,-0.1291952919214962,-2.20778566300869,2
-0.16496328338980684,-2.20778566300869,-0.1291952919214962,-2.17339842915535,2
-0.1291952919214962,-2.24217289686203,-0.09342730045318604,-2.20778566300869,2
-0.1291952919214962,-2.20778566300869,-0.09342730045318604,-2.17339842915535,2
-0.16496328338980684,-2.17339842915535,-0.1291952919214962,-2.1390111953020097,2
-0.16496328338980684,-2.13901119530201,-0.1291952919214962,-2.1046239614486697,2
-0.1291952919214962,-2.17339842915535,-0.09342730045318604,-2.1390111953020097,2
-0.1291952919214962,-2.13901119530201,-0.09342730045318604,-2.1046239614486697,2
-0.3795712321996688,-2.1046239614486693,-0.3438032407313586,-2.0702367275953293,2
-0.3795712321996688,-2.0702367275953293,-0.3438032407313586,-2.0358494937419893,2
-0.3438032407313586,-2.1046239614486693,-0.308035249263048,-2.0702367275953293,2
-0.3438032407313586,-2.0702367275953293,-0.308035249263048,-2.0358494937419893,2
-0.3795712321996688,-2.0358494937419893,-0.3438032407313586,-2.0014622598886493,2
-0.3795712321996688,-2.0014622598886493,-0.3438032407313586,-1.967075026035309,2
-0.3438032407313586,-2.0358494937419893,-0.308035249263048,-2.0014622598886493,2
-0.3438032407313586,-2.0014622598886493,-0.308035249263048,-1.967075026035309,2
-0.308035249263048,-2.1046239614486693,-0.2722672577947378,-2.0702367275953293,2
-0.308035249263048,-2.0702367275953293,-0.2722672577947378,-2.0358494937419893,2
-0.2722672577947378,-2.1046239614486693,-0.23649926632642765,-2.0702367275953293,2
-0.2722672577947378,-2.0702367275953293,-0.23649926632642765,-2.0358494937419893,2
-0.308035249263048,-2.0358494937419893,-0.2722672577947378,-2.0014622598886493,2
-0.308035249263048,-2.0014622598886493,-0.2722672577947378,-1.967075026035309,2
-0.2722672577947378,-2.0358494937419893,-0.23649926632642765,-2.0014622598886493,2
-0.2722672577947378,-2.0014622598886493,-0.23649926632642765,-1.967075026035309,2
-0.3795712321996688,-1.9670750260353091,-0.3438032407313586,-1.932687792181969,2
-0.3795712321996688,-1.9326877921819687,-0.3438032407313586,-1.8983005583286285,2
-0.3438032407313586,-1.9670750260353091,-0.308035249263048,-1.932687792181969,2
-0.3438032407313586,-1.9326877921819687,-0.308035249263048,-1.8983005583286285,2
-0.3795712321996688,-1.8983005583286285,-0.3438032407313586,-1.8639133244752886,2
-0.3795712321996688,-1.8639133244752886,-0.3438032407313586,-1.8295260906219486,2
-0.3438032407313586,-1.8983005583286285,-0.308035249263048,-1.8639133244752886,2
-0.3438032407313586,-1.8639133244752886,-0.308035249263048,-1.8295260906219486,2
-0.308035249263048,-1.9670750260353091,-0.2722672577947378,-1.932687792181969,2
-0.308035249263048,-1.9326877921819687,-0.2722672577947378,-1.8983005583286285,2
-0.2722672577947378,-1.9670750260353091,-0.23649926632642765,-1.932687792181969,2
-0.2722672577947378,-1.9326877921819687,-0.23649926632642765,-1.8983005583286285,2
-0.308035249263048,-1.8983005583286285,-0.2722672577947378,-1.8639133244752886,2
-0.308035249263048,-1.8639133244752886,-0.2722672577947378,-1.8295260906219486,2
-0.2722672577947378,-1.8983005583286285,-0.23649926632642765,-1.8639133244752886,2
-0.2722672577947378,-1.8639133244752886,-0.23649926632642765,-1.8295260906219486,2
-0.23649926632642765,-2.1046239614486693,-0.200731274858117,-2.0702367275953293,2
-0.23649926632642765,-2.0702367275953293,-0.200731274858117,-2.0358494937419893,2
-0.200731274858117,-2.1046239614486693,-0.16496328338980684,-2.0702367275953293,2
-0.200731274858117,-2.0702367275953293,-0.16496328338980684,-2.0358494937419893,2
-0.23649926632642765,-2.0358494937419893,-0.200731274858117,-2.0014622598886493,2
-0.23649926632642765,-2.0014622598886493,-0.200731274858117,-1.967075026035309,2
-0.200731274858117,-2.0358494937419893,-0.16496328338980684,-2.0014622598886493,2
-0.200731274858117,-2.0014622598886493,-0.16496328338980684,-1.967075026035309,2
-0.16496328338980684,-2.1046239614486693,-0.1291952919214962,-2.0702367275953293,2
-0.16496328338980684,-2.0702367275953293,-0.1291952919214962,-2.0358494937419893,2
-0.1291952919214962,-2.1046239614486693,-0.09342730045318604,-2.0702367275953293,2
-0.1291952919214962,-2.0702367275953293,-0.09342730045318604,-2.0358494937419893,2
-0.16496328338980684,-2.0358494937419893,-0.1291952919214962,-2.0014622598886493,2
-0.16496328338980684,-2.0014622598886493,-0.1291952919214962,-1.967075026035309,2
-0.1291952919214962,-2.0358494937419893,-0.09342730045318604,-2.0014622598886493,2
-0.1291952919214962,-2.0014622598886493,-0.09342730045318604,-1.967075026035309,2
-0.23649926632642765,-1.9670750260353091,-0.200731274858117,-1.932687792181969,2
-0.23649926632642765,-1.9326877921819687,-0.200731274858117,-1.8983005583286285,2
-0.200731274858117,-1.9670750260353091,-0.16496328338980684,-1.932687792181969,2
-0.200731274858117,-1.9326877921819687,-0.16496328338980684,-1.8983005583286285,2
-0.23649926632642765,-1.8983005583286285,-0.200731274858117,-1.8639133244752886,2
-0.23649926632642765,-1.8639133244752886,-0.200731274858117,-1.8295260906219486,2
-0.200731274858117,-1.8983005583286285,-0.16496328338980684,-1.8639133244752886,2
-0.200731274858117,-1.8639133244752886,-0.16496328338980684,-1.8295260906219486,2
-0.16496328338980684,-1.9670750260353091,-0.1291952919214962,-1.932687792181969,2
-0.16496328338980684,-1.9326877921819687,-0.1291952919214962,-1.8983005583286285,2
-0.1291952919214962,-1.9670750260353091,-0.09342730045318604,-1.932687792181969,2
-0.1291952919214962,-1.9326877921819687,-0.09342730045318604,-1.8983005583286285,2
-0.16496328338980684,-1.8983005583286285,-0.1291952919214962,-1.8639133244752886,2
-0.16496328338980684,-1.8639133244752886,-0.1291952919214962,-1.8295260906219486,2
-0.1291952919214962,-1.8983005583286285,-0.09342730045318604,-1.8639133244752886,2
-0.1291952919214962,-1.8639133244752886,-0.09342730045318604,-1.8295260906219486,2
-0.6657151639461516,-1.8295260906219486,-0.6299471724778414,-1.7951388567686082,2
-0.6657151639461516,-1.7951388567686084,-0.6299471724778414,-1.7607516229152682,2
-0.6299471724778414,-1.8295260906219486,-0.5941791810095309,-1.7951388567686082,2
-0.6299471724778414,-1.7951388567686084,-0.5941791810095309,-1.7607516229152682,2
-0.6657151639461516,-1.760751622915268,-0.6299471724778414,-1.7263643890619278,2
-0.6657151639461516,-1.7263643890619278,-0.6299471724778414,-1.6919771552085878,2
-0.6299471724778414,-1.760751622915268,-0.5941791810095309,-1.7263643890619278,2
-0.6299471724778414,-1.7263643890619278,-0.5941791810095309,-1.6919771552085878,2
-0.5941791810095312,-1.8295260906219486,-0.5584111895412206,-1.7951388567686082,2
-0.5941791810095312,-1.7951388567686084,-0.5584111895412206,-1.7607516229152682,2
-0.5584111895412206,-1.8295260906219486,-0.5226431980729104,-1.7951388567686082,2
-0.5584111895412206,-1.7951388567686084,-0.5226431980729104,-1.7607516229152682,2
-0.5941791810095312,-1.760751622915268,-0.5584111895412206,-1.7263643890619278,2
-0.5941791810095312,-1.7263643890619278,-0.5584111895412206,-1.6919771552085878,2
-0.5584111895412206,-1.760751622915268,-0.5226431980729104,-1.7263643890619278,2
-0.5584111895412206,-1.7263643890619278,-0.5226431980729104,-1.6919771552085878,2
-0.6657151639461516,-1.6919771552085878,-0.6299471724778414,-1.6575899213552474,2
-0.6657151639461516,-1.6575899213552476,-0.6299471724778414,-1.6232026875019074,2
-0.6299471724778414,-1.6919771552085878,-0.5941791810095309,-1.6575899213552474,2
-0.6299471724778414,-1.6575899213552476,-0.5941791810095309,-1.6232026875019074,2
-0.6657151639461516,-1.6232026875019077,-0.6299471724778414,-1.5888154536485675,2
-0.6657151639461516,-1.5888154536485672,-0.6299471724778414,-1.554428219795227,2
-0.6299471724778414,-1.6232026875019077,-0.5941791810095309,-1.5888154536485675,2
-0.6299471724778414,-1.5888154536485672,-0.5941791810095309,-1.554428219795227,2
-0.5941791810095312,-1.6919771552085878,-0.5584111895412206,-1.6575899213552474,2
-0.5941791810095312,-1.6575899213552476,-0.5584111895412206,-1.6232026875019074,2
-0.5584111895412206,-1.6919771552085878,-0.5226431980729104,-1.6575899213552474,2
-0.5584111895412206,-1.6575899213552476,-0.5226431980729104,-1.6232026875019074,2
-0.5941791810095312,-1.6232026875019077,-0.5584111895412206,-1.5888154536485675,2
-0.5941791810095312,-1.5888154536485672,-0.5584111895412206,-1.554428219795227,2
-0.5584111895412206,-1.6232026875019077,-0.5226431980729104,-1.5888154536485675,2
-0.5584111895412206,-1.5888154536485672,-0.5226431980729104,-1.554428219795227,2
-0.5226431980729104,-1.8295260906219486,-0.48687520660459976,-1.7951388567686082,2
-0.5226431980729104,-1.7951388567686084,-0.48687520660459976,-1.7607516229152682,2
-0.48687520660459976,-1.8295260906219486,-0.4511072151362896,-1.7951388567686082,2
-0.48687520660459976,-1.7951388567686084,-0.4511072151362896,-1.7607516229152682,2
-0.5226431980729104,-1.760751622915268,-0.48687520660459976,-1.7263643890619278,2
-0.5226431980729104,-1.7263643890619278,-0.48687520660459976,-1.6919771552085878,2
-0.48687520660459976,-1.760751622915268,-0.4511072151362896,-1.7263643890619278,2
-0.48687520660459976,-1.7263643890619278,-0.4511072151362896,-1.6919771552085878,2
-0.4511072151362896,-1.8295260906219486,-0.41533922366797943,-1.7951388567686082,2
-0.4511072151362896,-1.7951388567686084,-0.41533922366797943,-1.7607516229152682,2
-0.41533922366797943,-1.8295260906219486,-0.3795712321996688,-1.7951388567686082,2
-0.41533922366797943,-1.7951388567686084,-0.3795712321996688,-1.7607516229152682,2
-0.4511072151362896,-1.760751622915268,-0.41533922366797943,-1.7263643890619278,2
-0.4511072151362896,-1.7263643890619278,-0.41533922366797943,-1.6919771552085878,2
-0.41533922366797943,-1.760751622915268,-0.3795712321996688,-1.7263643890619278,2
-0.41533922366797943,-1.7263643890619278,-0.3795712321996688,-1.6919771552085878,2
-0.5226431980729104,-1.6919771552085878,-0.48687520660459976,-1.6575899213552474,2
-0.5226431980729104,-1.6575899213552476,-0.48687520660459976,-1.6232026875019074,2
-0.48687520660459976,-1.6919771552085878,-0.4511072151362896,-1.6575899213552474,2
-0.48687520660459976,-1.6575899213552476,-0.4511072151362896,-1.6232026875019074,2
-0.5226431980729104,-1.6232026875019077,-0.48687520660459976,-1.5888154536485675,2
-0.5226431980729104,-1.5888154536485672,-0.48687520660459976,-1.554428219795227,2
-0.48687520660459976,-1.6232026875019077,-0.4511072151362896,-1.5888154536485675,2
-0.48687520660459976,-1.5888154536485672,-0.4511072151362896,-1.554428219795227,2
-0.4511072151362896,-1.6919771552085878,-0.41533922366797943,-1.6575899213552474,2
-0.4511072151362896,-1.6575899213552476,-0.41533922366797943,-1.6232026875019074,2
-0.41533922366797943,-1.6919771552085878,-0.3795712321996688,-1.6575899213552474,2
-0.41533922366797943,-1.6575899213552476,-0.3795712321996688,-1.6232026875019074,2
-0.4511072151362896,-1.6232026875019077,-0.41533922366797943,-1.5888154536485675,2
-0.4511072151362896,-1.5888154536485672,-0.41533922366797943,-1.554428219795227,2
-0.41533922366797943,-1.6232026875019077,-0.3795712321996688,-1.5888154536485675,2
-0.41533922366797943,-1.5888154536485672,-0.3795712321996688,-1.554428219795227,2
-0.6657151639461516,-1.554428219795227,-0.6299471724778414,-1.520040985941887,2
-0.6657151639461516,-1.520040985941887,-0.6299471724778414,-1.4856537520885467,2
-0.6299471724778414,-1.554428219795227,-0.5941791810095309,-1.520040985941887,2
-0.6299471724778414,-1.520040985941887,-0.5941791810095309,-1.4856537520885467,2
-0.6657151639461516,-1.4856537520885469,-0.6299471724778414,-1.4512665182352067,2
-0.6657151639461516,-1.451266518235207,-0.6299471724778414,-1.4168792843818667,2
-0.6299471724778414,-1.4856537520885469,-0.5941791810095309,-1.4512665182352067,2
-0.6299471724778414,-1.451266518235207,-0.5941791810095309,-1.4168792843818667,2
-0.5941791810095312,-1.554428219795227,-0.5584111895412206,-1.520040985941887,2
-0.5941791810095312,-1.520040985941887,-0.5584111895412206,-1.4856537520885467,2
-0.5584111895412206,-1.554428219795227,-0.5226431980729104,-1.520040985941887,2
-0.5584111895412206,-1.520040985941887,-0.5226431980729104,-1.4856537520885467,2
-0.5941791810095312,-1.4856537520885469,-0.5584111895412206,-1.4512665182352067,2
-0.5941791810095312,-1.451266518235207,-0.5584111895412206,-1.4168792843818667,2
-0.5584111895412206,-1.4856537520885469,-0.5226431980729104,-1.4512665182352067,2
-0.5584111895412206,-1.451266518235207,-0.5226431980729104,-1.4168792843818667,2
-0.6657151639461516,-1.4168792843818665,-0.6299471724778414,-1.3824920505285263,2
-0.6657151639461516,-1.3824920505285263,-0.6299471724778414,-1.3481048166751863,2
-0.6299471724778414,-1.4168792843818665,-0.5941791810095309,-1.3824920505285263,2
-0.6299471724778414,-1.3824920505285263,-0.5941791810095309,-1.3481048166751863,2
-0.6657151639461516,-1.3481048166751863,-0.6299471724778414,-1.313717582821846,2
-0.6657151639461516,-1.3137175828218461,-0.6299471724778414,-1.279330348968506,2
-0.6299471724778414,-1.3481048166751863,-0.5941791810095309,-1.313717582821846,2
-0.6299471724778414,-1.3137175828218461,-0.5941791810095309,-1.279330348968506,2
-0.5941791810095312,-1.4168792843818665,-0.5584111895412206,-1.3824920505285263,2
-0.5941791810095312,-1.3824920505285263,-0.5584111895412206,-1.3481048166751863,2
-0.5584111895412206,-1.4168792843818665,-0.5226431980729104,-1.3824920505285263,2
-0.5584111895412206,-1.3824920505285263,-0.5226431980729104,-1.3481048166751863,2
-0.5941791810095312,-1.3481048166751863,-0.5584111895412206,-1.313717582821846,2
-0.5941791810095312,-1.3137175828218461,-0.5584111895412206,-1.279330348968506,2
-0.5584111895412206,-1.3481048166751863,-0.5226431980729104,-1.313717582821846,2
-0.5584111895412206,-1.3137175828218461,-0.5226431980729104,-1.279330348968506,2
-0.5226431980729104,-1.554428219795227,-0.48687520660459976,-1.520040985941887,2
-0.5226431980729104,-1.520040985941887,-0.48687520660459976,-1.4856537520885467,2
-0.48687520660459976,-1.554428219795227,-0.4511072151362896,-1.520040985941887,2
-0.48687520660459976,-1.520040985941887,-0.4511072151362896,-1.4856537520885467,2
-0.5226431980729104,-1.4856537520885469,-0.48687520660459976,-1.4512665182352067,2
-0.5226431980729104,-1.451266518235207,-0.48687520660459976,-1.4168792843818667,2
-0.48687520660459976,-1.4856537520885469,-0.4511072151362896,-1.4512665182352067,2
-0.48687520660459976,-1.451266518235207,-0.4511072151362896,-1.4168792843818667,2
-0.4511072151362896,-1.554428219795227,-0.41533922366797943,-1.520040985941887,2
-0.4511072151362896,-1.520040985941887,-0.41533922366797943,-1.4856537520885467,2
-0.41533922366797943,-1.554428219795227,-0.3795712321996688,-1.520040985941887,2
-0.41533922366797943,-1.520040985941887,-0.3795712321996688,-1.4856537520885467,2
-0.4511072151362896,-1.4856537520885469,-0.41533922366797943,-1.4512665182352067,2
-0.4511072151362896,-1.451266518235207,-0.41533922366797943,-1.4168792843818667,2
-0.41533922366797943,-1.4856537520885469,-0.3795712321996688,-1.4512665182352067,2
-0.41533922366797943,-1.451266518235207,-0.3795712321996688,-1.4168792843818667,2
-0.5226431980729104,-1.4168792843818665,-0.48687520660459976,-1.3824920505285263,2
-0.5226431980729104,-1.3824920505285263,-0.48687520660459976,-1.3481048166751863,2
-0.48687520660459976,-1.4168792843818665,-0.4511072151362896,-1.3824920505285263,2
-0.48687520660459976,-1.3824920505285263,-0.4511072151362896,-1.3481048166751863,2
-0.5226431980729104,-1.3481048166751863,-0.48687520660459976,-1.313717582821846,2
-0.5226431980729104,-1.3137175828218461,-0.48687520660459976,-1.279330348968506,2
-0.48687520660459976,-1.3481048166751863,-0.4511072151362896,-1.313717582821846,2
-0.48687520660459976,-1.3137175828218461,-0.4511072151362896,-1.279330348968506,2
-0.4511072151362896,-1.4168792843818665,-0.41533922366797943,-1.3824920505285263,2
-0.4511072151362896,-1.3824920505285263,-0.41533922366797943,-1.3481048166751863,2
-0.41533922366797943,-1.4168792843818665,-0.3795712321996688,-1.3824920505285263,2
-0.41533922366797943,-1.3824920505285263,-0.3795712321996688,-1.3481048166751863,2
-0.4511072151362896,-1.3481048166751863,-0.41533922366797943,-1.313717582821846,2
-0.4511072151362896,-1.3137175828218461,-0.41533922366797943,-1.279330348968506,2
-0.41533922366797943,-1.3481048166751863,-0.3795712321996688,-1.313717582821846,2
-0.41533922366797943,-1.3137175828218461,-0.3795712321996688,-1.279330348968506,2
-0.3795712321996688,-1.8295260906219486,-0.3438032407313586,-1.7951388567686082,2
-0.3795712321996688,-1.7951388567686084,-0.3438032407313586,-1.7607516229152682,2
-0.3438032407313586,-1.8295260906219486,-0.308035249263048,-1.7951388567686082,2
-0.3438032407313586,-1.7951388567686084,-0.308035249263048,-1.7607516229152682,2
-0.3795712321996688,-1.760751622915268,-0.3438032407313586,-1.7263643890619278,2
-0.3795712321996688,-1.7263643890619278,-0.3438032407313586,-1.6919771552085878,2
-0.3438032407313586,-1.760751622915268,-0.308035249263048,-1.7263643890619278,2
-0.3438032407313586,-1.7263643890619278,-0.308035249263048,-1.6919771552085878,2
-0.308035249263048,-1.8295260906219486,-0.2722672577947378,-1.7951388567686082,2
-0.308035249263048,-1.7951388567686084,-0.2722672577947378,-1.7607516229152682,2
-0.2722672577947378,-1.8295260906219486,-0.23649926632642765,-1.7951388567686082,2
-0.2722672577947378,-1.7951388567686084,-0.23649926632642765,-1.7607516229152682,2
-0.308035249263048,-1.760751622915268,-0.2722672577947378,-1.7263643890619278,2
-0.308035249263048,-1.7263643890619278,-0.2722672577947378,-1.6919771552085878,2
-0.2722672577947378,-1.760751622915268,-0.23649926632642765,-1.7263643890619278,2
-0.2722672577947378,-1.7263643890619278,-0.23649926632642765,-1.6919771552085878,2
-0.3795712321996688,-1.6919771552085878,-0.3438032407313586,-1.6575899213552474,2
-0.3795712321996688,-1.6575899213552476,-0.3438032407313586,-1.6232026875019074,2
-0.3438032407313586,-1.6919771552085878,-0.308035249263048,-1.6575899213552474,2
-0.3438032407313586,-1.6575899213552476,-0.308035249263048,-1.6232026875019074,2
-0.3795712321996688,-1.6232026875019077,-0.3438032407313586,-1.5888154536485675,2
-0.3795712321996688,-1.5888154536485672,-0.3438032407313586,-1.554428219795227,2
-0.3438032407313586,-1.6232026875019077,-0.308035249263048,-1.5888154536485675,2
-0.3438032407313586,-1.5888154536485672,-0.308035249263048,-1.554428219795227,2
-0.308035249263048,-1.6919771552085878,-0.2722672577947378,-1.6575899213552474,2
-0.308035249263048,-1.6575899213552476,-0.2722672577947378,-1.6232026875019074,2
-0.2722672577947378,-1.6919771552085878,-0.23649926632642765,-1.6575899213552474,2
-0.2722672577947378,-1.6575899213552476,-0.23649926632642765,-1.6232026875019074,2
-0.308035249263048,-1.6232026875019077,-0.2722672577947378,-1.5888154536485675,2
-0.308035249263048,-1.5888154536485672,-0.2722672577947378,-1.554428219795227,2
-0.2722672577947378,-1.6232026875019077,-0.23649926632642765,-1.5888154536485675,2
-0.2722672577947378,-1.5888154536485672,-0.23649926632642765,-1.554428219795227,2
-0.23649926632642765,-1.8295260906219486,-0.200731274858117,-1.7951388567686082,2
-0.23649926632642765,-1.7951388567686084,-0.200731274858117,-1.7607516229152682,2
-0.200731274858117,-1.8295260906219486,-0.16496328338980684,-1.7951388567686082,2
-0.200731274858117,-1.7951388567686084,-0.16496328338980684,-1.7607516229152682,2
-0.23649926632642765,-1.760751622915268,-0.200731274858117,-1.7263643890619278,2
-0.23649926632642765,-1.7263643890619278,-0.200731274858117,-1.6919771552085878,2
-0.200731274858117,-1.760751622915268,-0.16496328338980684,-1.7263643890619278,2
-0.200731274858117,-1.7263643890619278,-0.16496328338980684,-1.6919771552085878,2
-0.16496328338980684,-1.8295260906219486,-0.1291952919214962,-1.7951388567686082,2
-0.16496328338980684,-1.7951388567686084,-0.1291952919214962,-1.7607516229152682,2
-0.1291952919214962,-1.8295260906219486,-0.09342730045318604,-1.7951388567686082,2
-0.1291952919214962,-1.7951388567686084,-0.09342730045318604,-1.7607516229152682,2
-0.16496328338980684,-1.760751622915268,-0.1291952919214962,-1.7263643890619278,2
-0.16496328338980684,-1.7263643890619278,-0.1291952919214962,-1.6919771552085878,2
-0.1291952919214962,-1.760751622915268,-0.09342730045318604,-1.7263643890619278,2
-0.1291952919214962,-1.7263643890619278,-0.09342730045318604,-1.6919771552085878,2
-0.23649926632642765,-1.6919771552085878,-0.200731274858117,-1.6575899213552474,2
-0.23649926632642765,-1.6575899213552476,-0.200731274858117,-1.6232026875019074,2
-0.200731274858117,-1.6919771552085878,-0.16496328338980684,-1.6575899213552474,2
-0.200731274858117,-1.6575899213552476,-0.16496328338980684,-1.6232026875019074,2
-0.23649926632642765,-1.6232026875019077,-0.200731274858117,-1.5888154536485675,2
-0.23649926632642765,-1.5888154536485672,-0.200731274858117,-1.554428219795227,2
-0.200731274858117,-1.6232026875019077,-0.16496328338980684,-1.5888154536485675,2
-0.200731274858117,-1.5888154536485672,-0.16496328338980684,-1.554428219795227,2
-0.16496328338980684,-1.6919771552085878,-0.1291952919214962,-1.6575899213552474,2
-0.16496328338980684,-1.6575899213552476,-0.1291952919214962,-1.6232026875019074,2
-0.1291952919214962,-1.6919771552085878,-0.09342730045318604,-1.6575899213552474,2
-0.1291952919214962,-1.6575899213552476,-0.09342730045318604,-1.6232026875019074,2
-0.16496328338980684,-1.6232026875019077,-0.1291952919214962,-1.5888154536485675,2
-0.16496328338980684,-1.5888154536485672,-0.1291952919214962,-1.554428219795227,2
-0.1291952919214962,-1.6232026875019077,-0.09342730045318604,-1.5888154536485675,2
-0.1291952919214962,-1.5888154536485672,-0.09342730045318604,-1.554428219795227,2
-0.3795712321996688,-1.554428219795227,-0.3438032407313586,-1.520040985941887,2
-0.3795712321996688,-1.520040985941887,-0.3438032407313586,-1.4856537520885467,2
-0.3438032407313586,-1.554428219795227,-0.308035249263048,-1.520040985941887,2
-0.3438032407313586,-1.520040985941887,-0.308035249263048,-1.4856537520885467,2
-0.3795712321996688,-1.4856537520885469,-0.3438032407313586,-1.4512665182352067,2
-0.3795712321996688,-1.451266518235207,-0.3438032407313586,-1.4168792843818667,2
-0.3438032407313586,-1.4856537520885469,-0.308035249263048,-1.4512665182352067,2
-0.3438032407313586,-1.451266518235207,-0.308035249263048,-1.4168792843818667,2
-0.308035249263048,-1.554428219795227,-0.2722672577947378,-1.520040985941887,2
-0.308035249263048,-1.520040985941887,-0.2722672577947378,-1.4856537520885467,2
-0.2722672577947378,-1.554428219795227,-0.23649926632642765,-1.520040985941887,2
-0.2722672577947378,-1.520040985941887,-0.23649926632642765,-1.4856537520885467,2
-0.308035249263048,-1.4856537520885469,-0.2722672577947378,-1.4512665182352067,2
-0.308035249263048,-1.451266518235207,-0.2722672577947378,-1.4168792843818667,2
-0.2722672577947378,-1.4856537520885469,-0.23649926632642765,-1.4512665182352067,2
-0.2722672577947378,-1.451266518235207,-0.23649926632642765,-1.4168792843818667,2
-0.3795712321996688,-1.4168792843818665,-0.3438032407313586,-1.3824920505285263,2
-0.3795712321996688,-1.3824920505285263,-0.3438032407313586,-1.3481048166751863,2
-0.3438032407313586,-1.4168792843818665,-0.308035249263048,-1.3824920505285263,2
-0.3438032407313586,-1.3824920505285263,-0.308035249263048,-1.3481048166751863,2
-0.3795712321996688,-1.3481048166751863,-0.3438032407313586,-1.313717582821846,2
-0.3795712321996688,-1.3137175828218461,-0.3438032407313586,-1.279330348968506,2
-0.3438032407313586,-1.3481048166751863,-0.308035249263048,-1.313717582821846,2
-0.3438032407313586,-1.3137175828218461,-0.308035249263048,-1.279330348968506,2
-0.308035249263048,-1.4168792843818665,-0.2722672577947378,-1.3824920505285263,2
-0.308035249263048,-1.3824920505285263,-0.2722672577947378,-1.3481048166751863,2
-0.2722672577947378,-1.4168792843818665,-0.23649926632642765,-1.3824920505285263,2
-0.2722672577947378,-1.3824920505285263,-0.23649926632642765,-1.3481048166751863,2
-0.308035249263048,-1.3481048166751863,-0.2722672577947378,-1.313717582821846,2
-0.308035249263048,-1.3137175828218461,-0.2722672577947378,-1.279330348968506,2
-0.2722672577947378,-1.3481048166751863,-0.23649926632642765,-1.313717582821846,2
-0.2722672577947378,-1.3137175828218461,-0.23649926632642765,-1.279330348968506,2
-0.23649926632642765,-1.554428219795227,-0.200731274858117,-1.520040985941887,2
-0.23649926632642765,-1.520040985941887,-0.200731274858117,-1.4856537520885467,2
-0.200731274858117,-1.554428219795227,-0.16496328338980684,-1.520040985941887,2
-0.200731274858117,-1.520040985941887,-0.16496328338980684,-1.4856537520885467,2
-0.23649926632642765,-1.4856537520885469,-0.200731274858117,-1.4512665182352067,2
-0.23649926632642765,-1.451266518235207,-0.200731274858117,-1.4168792843818667,2
-0.200731274858117,-1.4856537520885469,-0.16496328338980684,-1.4512665182352067,2
-0.200731274858117,-1.451266518235207,-0.16496328338980684,-1.4168792843818667,2
-0.16496328338980684,-1.554428219795227,-0.1291952919214962,-1.520040985941887,2
-0.16496328338980684,-1.520040985941887,-0.1291952919214962,-1.4856537520885467,2
-0.1291952919214962,-1.554428219795227,-0.09342730045318604,-1.520040985941887,2
-0.1291952919214962,-1.520040985941887,-0.09342730045318604,-1.4856537520885467,2
-0.16496328338980684,-1.4856537520885469,-0.1291952919214962,-1.4512665182352067,2
-0.16496328338980684,-1.451266518235207,-0.1291952919214962,-1.4168792843818667,2
-0.1291952919214962,-1.4856537520885469,-0.09342730045318604,-1.4512665182352067,2
-0.1291952919214962,-1.451266518235207,-0.09342730045318604,-1.4168792843818667,2
-0.23649926632642765,-1.4168792843818665,-0.200731274858117,-1.3824920505285263,2
-0.23649926632642765,-1.3824920505285263,-0.200731274858117,-1.3481048166751863,2
-0.200731274858117,-1.4168792843818665,-0.16496328338980684,-1.3824920505285263,2
-0.200731274858117,-1.3824920505285263,-0.16496328338980684,-1.3481048166751863,2
-0.23649926632642765,-1.3481048166751863,-0.200731274858117,-1.313717582821846,2
-0.23649926632642765,-1.3137175828218461,-0.200731274858117,-1.279330348968506,2
-0.200731274858117,-1.3481048166751863,-0.16496328338980684,-1.313717582821846,2
-0.200731274858117,-1.3137175828218461,-0.16496328338980684,-1.279330348968506,2
-0.16496328338980684,-1.4168792843818665,-0.1291952919214962,-1.3824920505285263,2
-0.16496328338980684,-1.3824920505285263,-0.1291952919214962,-1.3481048166751863,2
-0.1291952919214962,-1.4168792843818665,-0.09342730045318604,-1.3824920505285263,2
-0.1291952919214962,-1.3824920505285263,-0.09342730045318604,-1.3481048166751863,2
-0.16496328338980684,-1.3481048166751863,-0.1291952919214962,-1.313717582821846,2
-0.16496328338980684,-1.3137175828218461,-0.1291952919214962,-1.279330348968506,2
-0.1291952919214962,-1.3481048166751863,-0.09342730045318604,-1.313717582821846,2
-0.1291952919214962,-1.3137175828218461,-0.09342730045318604,-1.279330348968506,2
-0.7014831554144622,-1.2793303489685057,-0.6657151639461518,-1.244943115115166,2
-0.7014831554144622,-1.2449431151151658,-0.6657151639461518,-1.2105558812618256,2
-0.6657151639461516,-1.2793303489685057,-0.6299471724778414,-1.244943115115166,2
-0.6657151639461516,-1.2449431151151658,-0.6299471724778414,-1.2105558812618256,2
-0.6299471724778414,-1.2793303489685057,-0.5941791810095309,-1.244943115115166,2
-0.6299471724778414,-1.2449431151151658,-0.5941791810095309,-1.2105558812618256,2
-0.6657151639461516,-1.2105558812618256,-0.6299471724778414,-1.1761686474084856,2
-0.6299471724778414,-1.2105558812618256,-0.5941791810095309,-1.1761686474084856,2
-0.6299471724778414,-1.1761686474084856,-0.5941791810095309,-1.1417814135551452,2
-0.5941791810095312,-1.2793303489685057,-0.5584111895412206,-1.244943115115166,2
-0.5941791810095312,-1.2449431151151658,-0.5584111895412206,-1.2105558812618256,2
-0.5584111895412206,-1.2793303489685057,-0.5226431980729104,-1.244943115115166,2
-0.5584111895412206,-1.2449431151151658,-0.5226431980729104,-1.2105558812618256,2
-0.5941791810095312,-1.2105558812618256,-0.5584111895412206,-1.1761686474084856,2
-0.5941791810095312,-1.1761686474084856,-0.5584111895412206,-1.1417814135551452,2
-0.5584111895412206,-1.2105558812618256,-0.5226431980729104,-1.1761686474084856,2
-0.5584111895412206,-1.1761686474084856,-0.5226431980729104,-1.1417814135551452,2
-0.6299471724778414,-1.1417814135551454,-0.5941791810095309,-1.1073941797018052,2
-0.6299471724778414,-1.107394179701805,-0.5941791810095309,-1.0730069458484652,2
-0.5941791810095312,-1.1417814135551454,-0.5584111895412206,-1.1073941797018052,2
-0.5941791810095312,-1.107394179701805,-0.5584111895412206,-1.0730069458484652,2
-0.5584111895412206,-1.1417814135551454,-0.5226431980729104,-1.1073941797018052,2
-0.5584111895412206,-1.107394179701805,-0.5226431980729104,-1.0730069458484652,2
-0.5584111895412206,-1.073006945848465,-0.5226431980729104,-1.0386197119951248,2
-0.5584111895412206,-1.0386197119951248,-0.5226431980729104,-1.0042324781417848,2
-0.5226431980729104,-1.2793303489685057,-0.48687520660459976,-1.244943115115166,2
-0.5226431980729104,-1.2449431151151658,-0.48687520660459976,-1.2105558812618256,2
-0.48687520660459976,-1.2793303489685057,-0.4511072151362896,-1.244943115115166,2
-0.48687520660459976,-1.2449431151151658,-0.4511072151362896,-1.2105558812618256,2
-0.5226431980729104,-1.2105558812618256,-0.48687520660459976,-1.1761686474084856,2
-0.5226431980729104,-1.1761686474084856,-0.48687520660459976,-1.1417814135551452,2
-0.48687520660459976,-1.2105558812618256,-0.4511072151362896,-1.1761686474084856,2
-0.48687520660459976,-1.1761686474084856,-0.4511072151362896,-1.1417814135551452,2
-0.4511072151362896,-1.2793303489685057,-0.41533922366797943,-1.244943115115166,2
-0.4511072151362896,-1.2449431151151658,-0.41533922366797943,-1.2105558812618256,2
-0.41533922366797943,-1.2793303489685057,-0.3795712321996688,-1.244943115115166,2
-0.41533922366797943,-1.2449431151151658,-0.3795712321996688,-1.2105558812618256,2
-0.4511072151362896,-1.2105558812618256,-0.41533922366797943,-1.1761686474084856,2
-0.4511072151362896,-1.1761686474084856,-0.41533922366797943,-1.1417814135551452,2
-0.41533922366797943,-1.2105558812618256,-0.3795712321996688,-1.1761686474084856,2
-0.41533922366797943,-1.1761686474084856,-0.3795712321996688,-1.1417814135551452,2
-0.5226431980729104,-1.1417814135551454,-0.48687520660459976,-1.1073941797018052,2
-0.5226431980729104,-1.107394179701805,-0.48687520660459976,-1.0730069458484652,2
-0.48687520660459976,-1.1417814135551454,-0.4511072151362896,-1.1073941797018052,2
-0.48687520660459976,-1.107394179701805,-0.4511072151362896,-1.0730069458484652,2
-0.5226431980729104,-1.073006945848465,-0.48687520660459976,-1.0386197119951248,2
-0.5226431980729104,-1.0386197119951248,-0.48687520660459976,-1.0042324781417848,2
-0.48687520660459976,-1.073006945848465,-0.4511072151362896,-1.0386197119951248,2
-0.48687520660459976,-1.0386197119951248,-0.4511072151362896,-1.0042324781417848,2
-0.4511072151362896,-1.1417814135551454,-0.41533922366797943,-1.1073941797018052,2
-0.4511072151362896,-1.107394179701805,-0.41533922366797943,-1.0730069458484652,2
-0.41533922366797943,-1.1417814135551454,-0.3795712321996688,-1.1073941797018052,2
-0.41533922366797943,-1.107394179701805,-0.3795712321996688,-1.0730069458484652,2
-0.4511072151362896,-1.073006945848465,-0.41533922366797943,-1.0386197119951248,2
-0.4511072151362896,-1.0386197119951248,-0.41533922366797943,-1.0042324781417848,2
-0.41533922366797943,-1.073006945848465,-0.3795712321996688,-1.0386197119951248,2
-0.41533922366797943,-1.0386197119951248,-0.3795712321996688,-1.0042324781417848,2
-0.5226431980729104,-1.0042324781417848,-0.48687520660459976,-0.9698452442884445,2
-0.48687520660459976,-1.0042324781417848,-0.4511072151362896,-0.9698452442884445,2
-0.48687520660459976,-0.9698452442884448,-0.4511072151362896,-0.9354580104351045,2
-0.48687520660459976,-0.9354580104351042,-0.4511072151362896,-0.9010707765817644,2
-0.48687520660459976,-0.9010707765817642,-0.4511072151362896,-0.8666835427284241,2
-0.4511072151362896,-1.0042324781417848,-0.41533922366797943,-0.9698452442884445,2
-0.4511072151362896,-0.9698452442884448,-0.41533922366797943,-0.9354580104351045,2
-0.41533922366797943,-1.0042324781417848,-0.3795712321996688,-0.9698452442884445,2
-0.41533922366797943,-0.9698452442884448,-0.3795712321996688,-0.9354580104351045,2
-0.4511072151362896,-0.9354580104351042,-0.41533922366797943,-0.9010707765817644,2
-0.4511072151362896,-0.9010707765817642,-0.41533922366797943,-0.8666835427284241,2
-0.41533922366797943,-0.9354580104351042,-0.3795712321996688,-0.9010707765817644,2
-0.41533922366797943,-0.9010707765817642,-0.3795712321996688,-0.8666835427284241,2
-0.48687520660459976,-0.8666835427284241,-0.4511072151362896,-0.832296308875084,2
-0.4511072151362896,-0.8666835427284241,-0.41533922366797943,-0.832296308875084,2
-0.41533922366797943,-0.8666835427284241,-0.3795712321996688,-0.832296308875084,2
-0.41533922366797943,-0.832296308875084,-0.3795712321996688,-0.7979090750217438,2
-0.41533922366797943,-0.797909075021744,-0.3795712321996688,-0.7635218411684037,2
-0.41533922366797943,-0.7635218411684035,-0.3795712321996688,-0.7291346073150634,2
-0.3795712321996688,-1.2793303489685057,-0.3438032407313586,-1.244943115115166,2
-0.3795712321996688,-1.2449431151151658,-0.3438032407313586,-1.2105558812618256,2
-0.3438032407313586,-1.2793303489685057,-0.308035249263048,-1.244943115115166,2
-0.3438032407313586,-1.2449431151151658,-0.308035249263048,-1.2105558812618256,2
-0.3795712321996688,-1.2105558812618256,-0.3438032407313586,-1.1761686474084856,2
-0.3795712321996688,-1.1761686474084856,-0.3438032407313586,-1.1417814135551452,2
-0.3438032407313586,-1.2105558812618256,-0.308035249263048,-1.1761686474084856,2
-0.3438032407313586,-1.1761686474084856,-0.308035249263048,-1.1417814135551452,2
-0.308035249263048,-1.2793303489685057,-0.2722672577947378,-1.244943115115166,2
-0.308035249263048,-1.2449431151151658,-0.2722672577947378,-1.2105558812618256,2
-0.2722672577947378,-1.2793303489685057,-0.23649926632642765,-1.244943115115166,2
-0.2722672577947378,-1.2449431151151658,-0.23649926632642765,-1.2105558812618256,2
-0.308035249263048,-1.2105558812618256,-0.2722672577947378,-1.1761686474084856,2
-0.308035249263048,-1.1761686474084856,-0.2722672577947378,-1.1417814135551452,2
-0.2722672577947378,-1.2105558812618256,-0.23649926632642765,-1.1761686474084856,2
-0.2722672577947378,-1.1761686474084856,-0.23649926632642765,-1.1417814135551452,2
-0.3795712321996688,-1.1417814135551454,-0.3438032407313586,-1.1073941797018052,2
-0.3795712321996688,-1.107394179701805,-0.3438032407313586,-1.0730069458484652,2
-0.3438032407313586,-1.1417814135551454,-0.308035249263048,-1.1073941797018052,2
-0.3438032407313586,-1.107394179701805,-0.308035249263048,-1.0730069458484652,2
-0.3795712321996688,-1.073006945848465,-0.3438032407313586,-1.0386197119951248,2
-0.3795712321996688,-1.0386197119951248,-0.3438032407313586,-1.0042324781417848,2
-0.3438032407313586,-1.073006945848465,-0.308035249263048,-1.0386197119951248,2
-0.3438032407313586,-1.0386197119951248,-0.308035249263048,-1.0042324781417848,2
-0.308035249263048,-1.1417814135551454,-0.2722672577947378,-1.1073941797018052,2
-0.308035249263048,-1.107394179701805,-0.2722672577947378,-1.0730069458484652,2
-0.2722672577947378,-1.1417814135551454,-0.23649926632642765,-1.1073941797018052,2
-0.2722672577947378,-1.107394179701805,-0.23649926632642765,-1.0730069458484652,2
-0.308035249263048,-1.073006945848465,-0.2722672577947378,-1.0386197119951248,2
-0.308035249263048,-1.0386197119951248,-0.2722672577947378,-1.0042324781417848,2
-0.2722672577947378,-1.073006945848465,-0.23649926632642765,-1.0386197119951248,2
-0.2722672577947378,-1.0386197119951248,-0.23649926632642765,-1.0042324781417848,2
-0.23649926632642765,-1.2793303489685057,-0.200731274858117,-1.244943115115166,2
-0.23649926632642765,-1.2449431151151658,-0.200731274858117,-1.2105558812618256,2
-0.200731274858117,-1.2793303489685057,-0.16496328338980684,-1.244943115115166,2
-0.200731274858117,-1.2449431151151658,-0.16496328338980684,-1.2105558812618256,2
-0.23649926632642765,-1.2105558812618256,-0.200731274858117,-1.1761686474084856,2
-0.23649926632642765,-1.1761686474084856,-0.200731274858117,-1.1417814135551452,2
-0.200731274858117,-1.2105558812618256,-0.16496328338980684,-1.1761686474084856,2
-0.200731274858117,-1.1761686474084856,-0.16496328338980684,-1.1417814135551452,2
-0.16496328338980684,-1.2793303489685057,-0.1291952919214962,-1.244943115115166,2
-0.16496328338980684,-1.2449431151151658,-0.1291952919214962,-1.2105558812618256,2
-0.1291952919214962,-1.2793303489685057,-0.09342730045318604,-1.244943115115166,2
-0.1291952919214962,-1.2449431151151658,-0.09342730045318604,-1.2105558812618256,2
-0.16496328338980684,-1.2105558812618256,-0.1291952919214962,-1.1761686474084856,2
-0.16496328338980684,-1.1761686474084856,-0.1291952919214962,-1.1417814135551452,2
-0.1291952919214962,-1.2105558812618256,-0.09342730045318604,-1.1761686474084856,2
-0.1291952919214962,-1.1761686474084856,-0.09342730045318604,-1.1417814135551452,2
-0.23649926632642765,-1.1417814135551454,-0.200731274858117,-1.1073941797018052,2
-0.23649926632642765,-1.107394179701805,-0.200731274858117,-1.0730069458484652,2
-0.200731274858117,-1.1417814135551454,-0.16496328338980684,-1.1073941797018052,2
-0.200731274858117,-1.107394179701805,-0.16496328338980684,-1.0730069458484652,2
-0.23649926632642765,-1.073006945848465,-0.200731274858117,-1.0386197119951248,2
-0.23649926632642765,-1.0386197119951248,-0.200731274858117,-1.0042324781417848,2
-0.200731274858117,-1.073006945848465,-0.16496328338980684,-1.0386197119951248,2
-0.200731274858117,-1.0386197119951248,-0.16496328338980684,-1.0042324781417848,2
-0.16496328338980684,-1.1417814135551454,-0.1291952919214962,-1.1073941797018052,2
-0.16496328338980684,-1.107394179701805,-0.1291952919214962,-1.0730069458484652,2
-0.1291952919214962,-1.1417814135551454,-0.09342730045318604,-1.1073941797018052,2
-0.1291952919214962,-1.107394179701805,-0.09342730045318604,-1.0730069458484652,2
-0.16496328338980684,-1.073006945848465,-0.1291952919214962,-1.0386197119951248,2
-0.16496328338980684,-1.0386197119951248,-0.1291952919214962,-1.0042324781417848,2
-0.1291952919214962,-1.073006945848465,-0.09342730045318604,-1.0386197119951248,2
-0.1291952919214962,-1.0386197119951248,-0.09342730045318604,-1.0042324781417848,2
-0.3795712321996688,-1.0042324781417848,-0.3438032407313586,-0.9698452442884445,2
-0.3795712321996688,-0.9698452442884448,-0.3438032407313586,-0.9354580104351045,2
-0.3438032407313586,-1.0042324781417848,-0.308035249263048,-0.9698452442884445,2
-0.3438032407313586,-0.9698452442884448,-0.308035249263048,-0.9354580104351045,2
-0.3795712321996688,-0.9354580104351042,-0.3438032407313586,-0.9010707765817644,2
-0.3795712321996688,-0.9010707765817642,-0.3438032407313586,-0.8666835427284241,2
-0.3438032407313586,-0.9354580104351042,-0.308035249263048,-0.9010707765817644,2
-0.3438032407313586,-0.9010707765817642,-0.308035249263048,-0.8666835427284241,2
-0.308035249263048,-1.0042324781417848,-0.2722672577947378,-0.9698452442884445,2
-0.308035249263048,-0.9698452442884448,-0.2722672577947378,-0.9354580104351045,2
-0.2722672577947378,-1.0042324781417848,-0.23649926632642765,-0.9698452442884445,2
-0.2722672577947378,-0.9698452442884448,-0.23649926632642765,-0.9354580104351045,2
-0.308035249263048,-0.9354580104351042,-0.2722672577947378,-0.9010707765817644,2
-0.308035249263048,-0.9010707765817642,-0.2722672577947378,-0.8666835427284241,2
-0.2722672577947378,-0.9354580104351042,-0.23649926632642765,-0.9010707765817644,2
-0.2722672577947378,-0.9010707765817642,-0.23649926632642765,-0.8666835427284241,2
-0.3795712321996688,-0.8666835427284241,-0.3438032407313586,-0.832296308875084,2
-0.3795712321996688,-0.832296308875084,-0.3438032407313586,-0.7979090750217438,2
-0.3438032407313586,-0.8666835427284241,-0.308035249263048,-0.832296308875084,2
-0.3438032407313586,-0.832296308875084,-0.308035249263048,-0.7979090750217438,2
-0.3795712321996688,-0.797909075021744,-0.3438032407313586,-0.7635218411684037,2
-0.3795712321996688,-0.7635218411684035,-0.3438032407313586,-0.7291346073150634,2
-0.3438032407313586,-0.797909075021744,-0.308035249263048,-0.7635218411684037,2
-0.3438032407313586,-0.7635218411684035,-0.308035249263048,-0.7291346073150634,2
-0.308035249263048,-0.8666835427284241,-0.2722672577947378,-0.832296308875084,2
-0.308035249263048,-0.832296308875084,-0.2722672577947378,-0.7979090750217438,2
-0.2722672577947378,-0.8666835427284241,-0.23649926632642765,-0.832296308875084,2
-0.2722672577947378,-0.832296308875084,-0.23649926632642765,-0.7979090750217438,2
-0.308035249263048,-0.797909075021744,-0.2722672577947378,-0.7635218411684037,2
-0.308035249263048,-0.7635218411684035,-0.2722672577947378,-0.7291346073150634,2
-0.2722672577947378,-0.797909075021744,-0.23649926632642765,-0.7635218411684037,2
-0.2722672577947378,-0.7635218411684035,-0.23649926632642765,-0.7291346073150634,2
-0.23649926632642765,-1.0042324781417848,-0.200731274858117,-0.9698452442884445,2
-0.23649926632642765,-0.9698452442884448,-0.200731274858117,-0.9354580104351045,2
-0.200731274858117,-1.0042324781417848,-0.16496328338980684,-0.9698452442884445,2
-0.200731274858117,-0.9698452442884448,-0.16496328338980684,-0.9354580104351045,2
-0.23649926632642765,-0.9354580104351042,-0.200731274858117,-0.9010707765817644,2
-0.23649926632642765,-0.9010707765817642,-0.200731274858117,-0.8666835427284241,2
-0.200731274858117,-0.9354580104351042,-0.16496328338980684,-0.9010707765817644,2
-0.200731274858117,-0.9010707765817642,-0.16496328338980684,-0.8666835427284241,2
-0.16496328338980684,-1.0042324781417848,-0.1291952919214962,-0.9698452442884445,2
-0.16496328338980684,-0.9698452442884448,-0.1291952919214962,-0.9354580104351045,2
-0.1291952919214962,-1.0042324781417848,-0.09342730045318604,-0.9698452442884445,2
-0.1291952919214962,-0.9698452442884448,-0.09342730045318604,-0.9354580104351045,2
-0.16496328338980684,-0.9354580104351042,-0.1291952919214962,-0.9010707765817644,2
-0.16496328338980684,-0.9010707765817642,-0.1291952919214962,-0.8666835427284241,2
-0.1291952919214962,-0.9354580104351042,-0.09342730045318604,-0.9010707765817644,2
-0.1291952919214962,-0.9010707765817642,-0.09342730045318604,-0.8666835427284241,2
-0.23649926632642765,-0.8666835427284241,-0.200731274858117,-0.832296308875084,2
-0.23649926632642765,-0.832296308875084,-0.200731274858117,-0.7979090750217438,2
-0.200731274858117,-0.8666835427284241,-0.16496328338980684,-0.832296308875084,2
-0.200731274858117,-0.832296308875084,-0.16496328338980684,-0.7979090750217438,2
-0.23649926632642765,-0.797909075021744,-0.200731274858117,-0.7635218411684037,2
-0.23649926632642765,-0.7635218411684035,-0.200731274858117,-0.7291346073150634,2
-0.200731274858117,-0.797909075021744,-0.16496328338980684,-0.7635218411684037,2
-0.200731274858117,-0.7635218411684035,-0.16496328338980684,-0.7291346073150634,2
-0.16496328338980684,-0.8666835427284241,-0.1291952919214962,-0.832296308875084,2
-0.16496328338980684,-0.832296308875084,-0.1291952919214962,-0.7979090750217438,2
-0.1291952919214962,-0.8666835427284241,-0.09342730045318604,-0.832296308875084,2
-0.1291952919214962,-0.832296308875084,-0.09342730045318604,-0.7979090750217438,2
-0.16496328338980684,-0.797909075021744,-0.1291952919214962,-0.7635218411684037,2
-0.16496328338980684,-0.7635218411684035,-0.1291952919214962,-0.7291346073150634,2
-0.1291952919214962,-0.797909075021744,-0.09342730045318604,-0.7635218411684037,2
-0.1291952919214962,-0.7635218411684035,-0.09342730045318604,-0.7291346073150634,2
-0.3795712321996688,-0.7291346073150634,-0.3438032407313586,-0.6947473734617233,2
-0.3795712321996688,-0.6947473734617233,-0.3438032407313586,-0.6603601396083832,2
-0.3438032407313586,-0.7291346073150634,-0.308035249263048,-0.6947473734617233,2
-0.3438032407313586,-0.6947473734617233,-0.308035249263048,-0.6603601396083832,2
-0.3795712321996688,-0.6603601396083832,-0.3438032407313586,-0.625972905755043,2
-0.3438032407313586,-0.6603601396083832,-0.308035249263048,-0.625972905755043,2
-0.3438032407313586,-0.6259729057550433,-0.308035249263048,-0.591585671901703,2
-0.308035249263048,-0.7291346073150634,-0.2722672577947378,-0.6947473734617233,2
-0.308035249263048,-0.6947473734617233,-0.2722672577947378,-0.6603601396083832,2
-0.2722672577947378,-0.7291346073150634,-0.23649926632642765,-0.6947473734617233,2
-0.2722672577947378,-0.6947473734617233,-0.23649926632642765,-0.6603601396083832,2
-0.308035249263048,-0.6603601396083832,-0.2722672577947378,-0.625972905755043,2
-0.308035249263048,-0.6259729057550433,-0.2722672577947378,-0.591585671901703,2
-0.2722672577947378,-0.6603601396083832,-0.23649926632642765,-0.625972905755043,2
-0.2722672577947378,-0.6259729057550433,-0.23649926632642765,-0.591585671901703,2
-0.3438032407313586,-0.5915856719017027,-0.308035249263048,-0.5571984380483627,2
-0.3438032407313586,-0.5571984380483627,-0.308035249263048,-0.5228112041950226,2
-0.3438032407313586,-0.5228112041950226,-0.308035249263048,-0.48842397034168256,2
-0.3438032407313586,-0.48842397034168256,-0.308035249263048,-0.45403673648834225,2
-0.308035249263048,-0.5915856719017027,-0.2722672577947378,-0.5571984380483627,2
-0.308035249263048,-0.5571984380483627,-0.2722672577947378,-0.5228112041950226,2
-0.2722672577947378,-0.5915856719017027,-0.23649926632642765,-0.5571984380483627,2
-0.2722672577947378,-0.5571984380483627,-0.23649926632642765,-0.5228112041950226,2
-0.308035249263048,-0.5228112041950226,-0.2722672577947378,-0.48842397034168256,2
-0.308035249263048,-0.48842397034168256,-0.2722672577947378,-0.45403673648834225,2
-0.2722672577947378,-0.5228112041950226,-0.23649926632642765,-0.48842397034168256,2
-0.2722672577947378,-0.48842397034168256,-0.23649926632642765,-0.45403673648834225,2
-0.23649926632642765,-0.7291346073150634,-0.200731274858117,-0.6947473734617233,2
-0.23649926632642765,-0.6947473734617233,-0.200731274858117,-0.6603601396083832,2
-0.200731274858117,-0.7291346073150634,-0.16496328338980684,-0.6947473734617233,2
-0.200731274858117,-0.6947473734617233,-0.16496328338980684,-0.6603601396083832,2
-0.23649926632642765,-0.6603601396083832,-0.200731274858117,-0.625972905755043,2
-0.23649926632642765,-0.6259729057550433,-0.200731274858117,-0.591585671901703,2
-0.200731274858117,-0.6603601396083832,-0.16496328338980684,-0.625972905755043,2
-0.200731274858117,-0.6259729057550433,-0.16496328338980684,-0.591585671901703,2
-0.16496328338980684,-0.7291346073150634,-0.1291952919214962,-0.6947473734617233,2
-0.16496328338980684,-0.6947473734617233,-0.1291952919214962,-0.6603601396083832,2
-0.1291952919214962,-0.7291346073150634,-0.09342730045318604,-0.6947473734617233,2
-0.1291952919214962,-0.6947473734617233,-0.09342730045318604,-0.6603601396083832,2
-0.16496328338980684,-0.6603601396083832,-0.1291952919214962,-0.625972905755043,2
-0.16496328338980684,-0.6259729057550433,-0.1291952919214962,-0.591585671901703,2
-0.1291952919214962,-0.6603601396083832,-0.09342730045318604,-0.625972905755043,2
-0.1291952919214962,-0.6259729057550433,-0.09342730045318604,-0.591585671901703,2
-0.23649926632642765,-0.5915856719017027,-0.200731274858117,-0.5571984380483627,2
-0.23649926632642765,-0.5571984380483627,-0.200731274858117,-0.5228112041950226,2
-0.200731274858117,-0.5915856719017027,-0.16496328338980684,-0.5571984380483627,2
-0.200731274858117,-0.5571984380483627,-0.16496328338980684,-0.5228112041950226,2
-0.23649926632642765,-0.5228112041950226,-0.200731274858117,-0.48842397034168256,2
-0.23649926632642765,-0.48842397034168256,-0.200731274858117,-0.45403673648834225,2
-0.200731274858117,-0.5228112041950226,-0.16496328338980684,-0.48842397034168256,2
-0.200731274858117,-0.48842397034168256,-0.16496328338980684,-0.45403673648834225,2
-0.16496328338980684,-0.5915856719017027,-0.1291952919214962,-0.5571984380483627,2
-0.16496328338980684,-0.5571984380483627,-0.1291952919214962,-0.5228112041950226,2
-0.1291952919214962,-0.5915856719017027,-0.09342730045318604,-0.5571984380483627,2
-0.1291952919214962,-0.5571984380483627,-0.09342730045318604,-0.5228112041950226,2
-0.16496328338980684,-0.5228112041950226,-0.1291952919214962,-0.48842397034168256,2
-0.16496328338980684,-0.48842397034168256,-0.1291952919214962,-0.45403673648834225,2
-0.1291952919214962,-0.5228112041950226,-0.09342730045318604,-0.48842397034168256,2
-0.1291952919214962,-0.48842397034168256,-0.09342730045318604,-0.45403673648834225,2
-0.3438032407313586,-0.4540367364883425,-0.308035249263048,-0.41964950263500217,2
-0.3438032407313586,-0.41964950263500195,-0.308035249263048,-0.3852622687816619,2
-0.3438032407313586,-0.3852622687816619,-0.308035249263048,-0.35087503492832184,2
-0.3438032407313586,-0.35087503492832184,-0.308035249263048,-0.31648780107498176,2
-0.308035249263048,-0.4540367364883425,-0.2722672577947378,-0.41964950263500217,2
-0.308035249263048,-0.41964950263500195,-0.2722672577947378,-0.3852622687816619,2
-0.2722672577947378,-0.4540367364883425,-0.23649926632642765,-0.41964950263500217,2
-0.2722672577947378,-0.41964950263500195,-0.23649926632642765,-0.3852622687816619,2
-0.308035249263048,-0.3852622687816619,-0.2722672577947378,-0.35087503492832184,2
-0.308035249263048,-0.35087503492832184,-0.2722672577947378,-0.31648780107498176,2
-0.2722672577947378,-0.3852622687816619,-0.23649926632642765,-0.35087503492832184,2
-0.2722672577947378,-0.35087503492832184,-0.23649926632642765,-0.31648780107498176,2
-0.3438032407313586,-0.31648780107498176,-0.308035249263048,-0.28210056722164173,2
-0.308035249263048,-0.31648780107498176,-0.2722672577947378,-0.28210056722164173,2
-0.308035249263048,-0.28210056722164173,-0.2722672577947378,-0.2477133333683012,2
-0.2722672577947378,-0.31648780107498176,-0.23649926632642765,-0.28210056722164173,2
-0.2722672577947378,-0.28210056722164173,-0.23649926632642765,-0.2477133333683012,2
-0.308035249263048,-0.2477133333683012,-0.2722672577947378,-0.21332609951496115,2
-0.308035249263048,-0.21332609951496115,-0.2722672577947378,-0.1789388656616211,2
-0.2722672577947378,-0.2477133333683012,-0.23649926632642765,-0.21332609951496115,2
-0.2722672577947378,-0.21332609951496115,-0.23649926632642765,-0.1789388656616211,2
-0.23649926632642765,-0.4540367364883425,-0.200731274858117,-0.41964950263500217,2
-0.23649926632642765,-0.41964950263500195,-0.200731274858117,-0.3852622687816619,2
-0.200731274858117,-0.4540367364883425,-0.16496328338980684,-0.41964950263500217,2
-0.200731274858117,-0.41964950263500195,-0.16496328338980684,-0.3852622687816619,2
-0.23649926632642765,-0.3852622687816619,-0.200731274858117,-0.35087503492832184,2
-0.23649926632642765,-0.35087503492832184,-0.200731274858117,-0.31648780107498176,2
-0.200731274858117,-0.3852622687816619,-0.16496328338980684,-0.35087503492832184,2
-0.200731274858117,-0.35087503492832184,-0.16496328338980684,-0.31648780107498176,2
-0.16496328338980684,-0.4540367364883425,-0.1291952919214962,-0.41964950263500217,2
-0.16496328338980684,-0.41964950263500195,-0.1291952919214962,-0.3852622687816619,2
-0.1291952919214962,-0.4540367364883425,-0.09342730045318604,-0.41964950263500217,2
-0.1291952919214962,-0.41964950263500195,-0.09342730045318604,-0.3852622687816619,2
-0.16496328338980684,-0.3852622687816619,-0.1291952919214962,-0.35087503492832184,2
-0.16496328338980684,-0.35087503492832184,-0.1291952919214962,-0.31648780107498176,2
-0.1291952919214962,-0.3852622687816619,-0.09342730045318604,-0.35087503492832184,2
-0.1291952919214962,-0.35087503492832184,-0.09342730045318604,-0.31648780107498176,2
-0.23649926632642765,-0.31648780107498176,-0.200731274858117,-0.28210056722164173,2
-0.23649926632642765,-0.28210056722164173,-0.200731274858117,-0.2477133333683012,2
-0.200731274858117,-0.31648780107498176,-0.16496328338980684,-0.28210056722164173,2
-0.200731274858117,-0.28210056722164173,-0.16496328338980684,-0.2477133333683012,2
-0.23649926632642765,-0.2477133333683012,-0.200731274858117,-0.21332609951496115,2
-0.23649926632642765,-0.21332609951496115,-0.200731274858117,-0.1789388656616211,2
-0.200731274858117,-0.2477133333683012,-0.16496328338980684,-0.21332609951496115,2
-0.200731274858117,-0.21332609951496115,-0.16496328338980684,-0.1789388656616211,2
-0.16496328338980684,-0.31648780107498176,-0.1291952919214962,-0.28210056722164173,2
-0.16496328338980684,-0.28210056722164173,-0.1291952919214962,-0.2477133333683012,2
-0.1291952919214962,-0.31648780107498176,-0.09342730045318604,-0.28210056722164173,2
-0.1291952919214962,-0.28210056722164173,-0.09342730045318604,-0.2477133333683012,2
-0.16496328338980684,-0.2477133333683012,-0.1291952919214962,-0.21332609951496115,2
-0.16496328338980684,-0.21332609951496115,-0.1291952919214962,-0.1789388656616211,2
-0.1291952919214962,-0.2477133333683012,-0.09342730045318604,-0.21332609951496115,2
-0.1291952919214962,-0.21332609951496115,-0.09342730045318604,-0.1789388656616211,2
-1.9533628568053245,0.8870653837919237,-1.9175948653370143,0.9214526176452635,2
-1.917594865337014,0.8526781499385834,-1.8818268738687038,0.8870653837919235,2
-1.917594865337014,0.8870653837919237,-1.8818268738687038,0.9214526176452635,2
-1.8460588824003936,0.8182909160852434,-1.810290890932083,0.8526781499385834,2
-1.8818268738687038,0.8526781499385834,-1.8460588824003934,0.8870653837919235,2
-1.8818268738687038,0.8870653837919237,-1.8460588824003934,0.9214526176452635,2
-1.8460588824003936,0.8526781499385834,-1.810290890932083,0.8870653837919235,2
-1.8460588824003936,0.8870653837919237,-1.810290890932083,0.9214526176452635,2
-1.7387549079954623,0.749516448378563,-1.702986916527152,0.7839036822319033,2
-1.702986916527152,0.749516448378563,-1.6672189250588416,0.7839036822319033,2
-1.810290890932083,0.8182909160852434,-1.7745228994637725,0.8526781499385834,2
-1.7745228994637727,0.7839036822319031,-1.7387549079954625,0.8182909160852434,2
-1.7745228994637727,0.8182909160852434,-1.7387549079954625,0.8526781499385834,2
-1.810290890932083,0.8526781499385834,-1.7745228994637725,0.8870653837919235,2
-1.810290890932083,0.8870653837919237,-1.7745228994637725,0.9214526176452635,2
-1.7745228994637727,0.8526781499385834,-1.7387549079954625,0.8870653837919235,2
-1.7745228994637727,0.8870653837919237,-1.7387549079954625,0.9214526176452635,2
-1.7387549079954623,0.7839036822319031,-1.702986916527152,0.8182909160852434,2
-1.7387549079954623,0.8182909160852434,-1.702986916527152,0.8526781499385834,2
-1.702986916527152,0.7839036822319031,-1.6672189250588416,0.8182909160852434,2
-1.702986916527152,0.8182909160852434,-1.6672189250588416,0.8526781499385834,2
-1.7387549079954623,0.8526781499385834,-1.702986916527152,0.8870653837919235,2
-1.7387549079954623,0.8870653837919237,-1.702986916527152,0.9214526176452635,2
-1.702986916527152,0.8526781499385834,-1.6672189250588416,0.8870653837919235,2
-1.702986916527152,0.8870653837919237,-1.6672189250588416,0.9214526176452635,2
-1.6672189250588418,0.7151292145252229,-1.6314509335905312,0.7495164483785628,2
-1.6672189250588418,0.749516448378563,-1.6314509335905312,0.7839036822319033,2
-1.6314509335905312,0.7151292145252229,-1.5956829421222207,0.7495164483785628,2
-1.6314509335905312,0.749516448378563,-1.5956829421222207,0.7839036822319033,2
-1.595682942122221,0.6807419806718826,-1.5599149506539107,0.7151292145252227,2
-1.5599149506539105,0.6807419806718826,-1.5241469591856003,0.7151292145252227,2
-1.595682942122221,0.7151292145252229,-1.5599149506539107,0.7495164483785628,2
-1.595682942122221,0.749516448378563,-1.5599149506539107,0.7839036822319033,2
-1.5599149506539105,0.7151292145252229,-1.5241469591856003,0.7495164483785628,2
-1.5599149506539105,0.749516448378563,-1.5241469591856003,0.7839036822319033,2
-1.6672189250588418,0.7839036822319031,-1.6314509335905312,0.8182909160852434,2
-1.6672189250588418,0.8182909160852434,-1.6314509335905312,0.8526781499385834,2
-1.6314509335905312,0.7839036822319031,-1.5956829421222207,0.8182909160852434,2
-1.6314509335905312,0.8182909160852434,-1.5956829421222207,0.8526781499385834,2
-1.6672189250588418,0.8526781499385834,-1.6314509335905312,0.8870653837919235,2
-1.6672189250588418,0.8870653837919237,-1.6314509335905312,0.9214526176452635,2
-1.6314509335905312,0.8526781499385834,-1.5956829421222207,0.8870653837919235,2
-1.6314509335905312,0.8870653837919237,-1.5956829421222207,0.9214526176452635,2
-1.595682942122221,0.7839036822319031,-1.5599149506539107,0.8182909160852434,2
-1.595682942122221,0.8182909160852434,-1.5599149506539107,0.8526781499385834,2
-1.5599149506539105,0.7839036822319031,-1.5241469591856003,0.8182909160852434,2
-1.5599149506539105,0.8182909160852434,-1.5241469591856003,0.8526781499385834,2
-1.595682942122221,0.8526781499385834,-1.5599149506539107,0.8870653837919235,2
-1.595682942122221,0.8870653837919237,-1.5599149506539107,0.9214526176452635,2
-1.5599149506539105,0.8526781499385834,-1.5241469591856003,0.8870653837919235,2
-1.5599149506539105,0.8870653837919237,-1.5241469591856003,0.9214526176452635,2
-1.4526109762489794,0.6119675129652024,-1.416842984780669,0.6463547468185427,2
-1.4168429847806692,0.5775802791118623,-1.381074993312359,0.6119675129652026,2
-1.4168429847806692,0.6119675129652024,-1.381074993312359,0.6463547468185427,2
-1.3453070018440485,0.5431930452585222,-1.309539010375738,0.577580279111862,2
-1.3810749933123587,0.5775802791118623,-1.3453070018440485,0.6119675129652026,2
-1.3810749933123587,0.6119675129652024,-1.3453070018440485,0.6463547468185427,2
-1.3453070018440485,0.5775802791118623,-1.309539010375738,0.6119675129652026,2
-1.3453070018440485,0.6119675129652024,-1.309539010375738,0.6463547468185427,2
-1.3095390103757383,0.5088058114051819,-1.2737710189074276,0.543193045258522,2
-1.3095390103757383,0.5431930452585222,-1.2737710189074276,0.577580279111862,2
-1.2737710189074276,0.5088058114051819,-1.2380030274391176,0.543193045258522,2
-1.2737710189074276,0.5431930452585222,-1.2380030274391176,0.577580279111862,2
-1.3095390103757383,0.5775802791118623,-1.2737710189074276,0.6119675129652026,2
-1.3095390103757383,0.6119675129652024,-1.2737710189074276,0.6463547468185427,2
-1.2737710189074276,0.5775802791118623,-1.2380030274391176,0.6119675129652026,2
-1.2737710189074276,0.6119675129652024,-1.2380030274391176,0.6463547468185427,2
-1.5241469591856003,0.6463547468185427,-1.4883789677172898,0.6807419806718826,2
-1.5241469591856003,0.6807419806718826,-1.4883789677172898,0.7151292145252227,2
-1.48837896771729,0.6463547468185427,-1.4526109762489794,0.6807419806718826,2
-1.48837896771729,0.6807419806718826,-1.4526109762489794,0.7151292145252227,2
-1.5241469591856003,0.7151292145252229,-1.4883789677172898,0.7495164483785628,2
-1.5241469591856003,0.749516448378563,-1.4883789677172898,0.7839036822319033,2
-1.48837896771729,0.7151292145252229,-1.4526109762489794,0.7495164483785628,2
-1.48837896771729,0.749516448378563,-1.4526109762489794,0.7839036822319033,2
-1.4526109762489794,0.6463547468185427,-1.416842984780669,0.6807419806718826,2
-1.4526109762489794,0.6807419806718826,-1.416842984780669,0.7151292145252227,2
-1.4168429847806692,0.6463547468185427,-1.381074993312359,0.6807419806718826,2
-1.4168429847806692,0.6807419806718826,-1.381074993312359,0.7151292145252227,2
-1.4526109762489794,0.7151292145252229,-1.416842984780669,0.7495164483785628,2
-1.4526109762489794,0.749516448378563,-1.416842984780669,0.7839036822319033,2
-1.4168429847806692,0.7151292145252229,-1.381074993312359,0.7495164483785628,2
-1.4168429847806692,0.749516448378563,-1.381074993312359,0.7839036822319033,2
-1.5241469591856003,0.7839036822319031,-1.4883789677172898,0.8182909160852434,2
-1.5241469591856003,0.8182909160852434,-1.4883789677172898,0.8526781499385834,2
-1.48837896771729,0.7839036822319031,-1.4526109762489794,0.8182909160852434,2
-1.48837896771729,0.8182909160852434,-1.4526109762489794,0.8526781499385834,2
-1.5241469591856003,0.8526781499385834,-1.4883789677172898,0.8870653837919235,2
-1.5241469591856003,0.8870653837919237,-1.4883789677172898,0.9214526176452635,2
-1.48837896771729,0.8526781499385834,-1.4526109762489794,0.8870653837919235,2
-1.48837896771729,0.8870653837919237,-1.4526109762489794,0.9214526176452635,2
-1.4526109762489794,0.7839036822319031,-1.416842984780669,0.8182909160852434,2
-1.4526109762489794,0.8182909160852434,-1.416842984780669,0.8526781499385834,2
-1.4168429847806692,0.7839036822319031,-1.381074993312359,0.8182909160852434,2
-1.4168429847806692,0.8182909160852434,-1.381074993312359,0.8526781499385834,2
-1.4526109762489794,0.8526781499385834,-1.416842984780669,0.8870653837919235,2
-1.4526109762489794,0.8870653837919237,-1.416842984780669,0.9214526176452635,2
-1.4168429847806692,0.8526781499385834,-1.381074993312359,0.8870653837919235,2
-1.4168429847806692,0.8870653837919237,-1.381074993312359,0.9214526176452635,2
-1.3810749933123587,0.6463547468185427,-1.3453070018440485,0.6807419806718826,2
-1.3810749933123587,0.6807419806718826,-1.3453070018440485,0.7151292145252227,2
-1.3453070018440485,0.6463547468185427,-1.309539010375738,0.6807419806718826,2
-1.3453070018440485,0.6807419806718826,-1.309539010375738,0.7151292145252227,2
-1.3810749933123587,0.7151292145252229,-1.3453070018440485,0.7495164483785628,2
-1.3810749933123587,0.749516448378563,-1.3453070018440485,0.7839036822319033,2
-1.3453070018440485,0.7151292145252229,-1.309539010375738,0.7495164483785628,2
-1.3453070018440485,0.749516448378563,-1.309539010375738,0.7839036822319033,2
-1.3095390103757383,0.6463547468185427,-1.2737710189074276,0.6807419806718826,2
-1.3095390103757383,0.6807419806718826,-1.2737710189074276,0.7151292145252227,2
-1.2737710189074276,0.6463547468185427,-1.2380030274391176,0.6807419806718826,2
-1.2737710189074276,0.6807419806718826,-1.2380030274391176,0.7151292145252227,2
-1.3095390103757383,0.7151292145252229,-1.2737710189074276,0.7495164483785628,2
-1.3095390103757383,0.749516448378563,-1.2737710189074276,0.7839036822319033,2
-1.2737710189074276,0.7151292145252229,-1.2380030274391176,0.7495164483785628,2
-1.2737710189074276,0.749516448378563,-1.2380030274391176,0.7839036822319033,2
-1.3810749933123587,0.7839036822319031,-1.3453070018440485,0.8182909160852434,2
-1.3810749933123587,0.8182909160852434,-1.3453070018440485,0.8526781499385834,2
-1.3453070018440485,0.7839036822319031,-1.309539010375738,0.8182909160852434,2
-1.3453070018440485,0.8182909160852434,-1.309539010375738,0.8526781499385834,2
-1.3810749933123587,0.8526781499385834,-1.3453070018440485,0.8870653837919235,2
-1.3810749933123587,0.8870653837919237,-1.3453070018440485,0.9214526176452635,2
-1.3453070018440485,0.8526781499385834,-1.309539010375738,0.8870653837919235,2
-1.3453070018440485,0.8870653837919237,-1.309539010375738,0.9214526176452635,2
-1.3095390103757383,0.7839036822319031,-1.2737710189074276,0.8182909160852434,2
-1.3095390103757383,0.8182909160852434,-1.2737710189074276,0.8526781499385834,2
-1.2737710189074276,0.7839036822319031,-1.2380030274391176,0.8182909160852434,2
-1.2737710189074276,0.8182909160852434,-1.2380030274391176,0.8526781499385834,2
-1.3095390103757383,0.8526781499385834,-1.2737710189074276,0.8870653837919235,2
-1.3095390103757383,0.8870653837919237,-1.2737710189074276,0.9214526176452635,2
-1.2737710189074276,0.8526781499385834,-1.2380030274391176,0.8870653837919235,2
-1.2737710189074276,0.8870653837919237,-1.2380030274391176,0.9214526176452635,2
-2.0606668312102556,0.9558398514986038,-2.024898839741945,0.9902270853519441,2
-2.0248988397419456,0.9214526176452638,-1.9891308482736347,0.9558398514986041,2
-2.0248988397419456,0.9558398514986038,-1.9891308482736347,0.9902270853519441,2
-1.9891308482736347,0.9214526176452638,-1.9533628568053243,0.9558398514986041,2
-1.9891308482736347,0.9558398514986038,-1.9533628568053243,0.9902270853519441,2
-2.0248988397419456,0.9902270853519441,-1.9891308482736347,1.0246143192052841,2
-2.0248988397419456,1.0246143192052841,-1.9891308482736347,1.0590015530586243,2
-1.9891308482736347,0.9902270853519441,-1.9533628568053243,1.0246143192052841,2
-1.9891308482736347,1.0246143192052841,-1.9533628568053243,1.0590015530586243,2
-1.9891308482736347,1.0590015530586245,-1.9533628568053243,1.0933887869119647,2
-1.9891308482736347,1.0933887869119645,-1.9533628568053243,1.1277760207653047,2
-1.9533628568053245,0.9214526176452638,-1.9175948653370143,0.9558398514986041,2
-1.9533628568053245,0.9558398514986038,-1.9175948653370143,0.9902270853519441,2
-1.917594865337014,0.9214526176452638,-1.8818268738687038,0.9558398514986041,2
-1.917594865337014,0.9558398514986038,-1.8818268738687038,0.9902270853519441,2
-1.9533628568053245,0.9902270853519441,-1.9175948653370143,1.0246143192052841,2
-1.9533628568053245,1.0246143192052841,-1.9175948653370143,1.0590015530586243,2
-1.917594865337014,0.9902270853519441,-1.8818268738687038,1.0246143192052841,2
-1.917594865337014,1.0246143192052841,-1.8818268738687038,1.0590015530586243,2
-1.8818268738687038,0.9214526176452638,-1.8460588824003934,0.9558398514986041,2
-1.8818268738687038,0.9558398514986038,-1.8460588824003934,0.9902270853519441,2
-1.8460588824003936,0.9214526176452638,-1.810290890932083,0.9558398514986041,2
-1.8460588824003936,0.9558398514986038,-1.810290890932083,0.9902270853519441,2
-1.8818268738687038,0.9902270853519441,-1.8460588824003934,1.0246143192052841,2
-1.8818268738687038,1.0246143192052841,-1.8460588824003934,1.0590015530586243,2
-1.8460588824003936,0.9902270853519441,-1.810290890932083,1.0246143192052841,2
-1.8460588824003936,1.0246143192052841,-1.810290890932083,1.0590015530586243,2
-1.9533628568053245,1.0590015530586245,-1.9175948653370143,1.0933887869119647,2
-1.9533628568053245,1.0933887869119645,-1.9175948653370143,1.1277760207653047,2
-1.917594865337014,1.0590015530586245,-1.8818268738687038,1.0933887869119647,2
-1.917594865337014,1.0933887869119645,-1.8818268738687038,1.1277760207653047,2
-1.9533628568053245,1.1277760207653045,-1.9175948653370143,1.162163254618645,2
-1.917594865337014,1.1277760207653045,-1.8818268738687038,1.162163254618645,2
-1.917594865337014,1.162163254618645,-1.8818268738687038,1.1965504884719849,2
-1.8818268738687038,1.0590015530586245,-1.8460588824003934,1.0933887869119647,2
-1.8818268738687038,1.0933887869119645,-1.8460588824003934,1.1277760207653047,2
-1.8460588824003936,1.0590015530586245,-1.810290890932083,1.0933887869119647,2
-1.8460588824003936,1.0933887869119645,-1.810290890932083,1.1277760207653047,2
-1.8818268738687038,1.1277760207653045,-1.8460588824003934,1.162163254618645,2
-1.8818268738687038,1.162163254618645,-1.8460588824003934,1.1965504884719849,2
-1.8460588824003936,1.1277760207653045,-1.810290890932083,1.162163254618645,2
-1.8460588824003936,1.162163254618645,-1.810290890932083,1.1965504884719849,2
-1.8818268738687038,1.1965504884719849,-1.8460588824003934,1.230937722325325,2
-1.8818268738687038,1.2309377223253253,-1.8460588824003934,1.2653249561786655,2
-1.8460588824003936,1.1965504884719849,-1.810290890932083,1.230937722325325,2
-1.8460588824003936,1.2309377223253253,-1.810290890932083,1.2653249561786655,2
-1.8460588824003936,1.2653249561786652,-1.810290890932083,1.2997121900320054,2
-1.810290890932083,0.9214526176452638,-1.7745228994637725,0.9558398514986041,2
-1.810290890932083,0.9558398514986038,-1.7745228994637725,0.9902270853519441,2
-1.7745228994637727,0.9214526176452638,-1.7387549079954625,0.9558398514986041,2
-1.7745228994637727,0.9558398514986038,-1.7387549079954625,0.9902270853519441,2
-1.810290890932083,0.9902270853519441,-1.7745228994637725,1.0246143192052841,2
-1.810290890932083,1.0246143192052841,-1.7745228994637725,1.0590015530586243,2
-1.7745228994637727,0.9902270853519441,-1.7387549079954625,1.0246143192052841,2
-1.7745228994637727,1.0246143192052841,-1.7387549079954625,1.0590015530586243,2
-1.7387549079954623,0.9214526176452638,-1.702986916527152,0.9558398514986041,2
-1.7387549079954623,0.9558398514986038,-1.702986916527152,0.9902270853519441,2
-1.702986916527152,0.9214526176452638,-1.6672189250588416,0.9558398514986041,2
-1.702986916527152,0.9558398514986038,-1.6672189250588416,0.9902270853519441,2
-1.7387549079954623,0.9902270853519441,-1.702986916527152,1.0246143192052841,2
-1.7387549079954623,1.0246143192052841,-1.702986916527152,1.0590015530586243,2
-1.702986916527152,0.9902270853519441,-1.6672189250588416,1.0246143192052841,2
-1.702986916527152,1.0246143192052841,-1.6672189250588416,1.0590015530586243,2
-1.810290890932083,1.0590015530586245,-1.7745228994637725,1.0933887869119647,2
-1.810290890932083,1.0933887869119645,-1.7745228994637725,1.1277760207653047,2
-1.7745228994637727,1.0590015530586245,-1.7387549079954625,1.0933887869119647,2
-1.7745228994637727,1.0933887869119645,-1.7387549079954625,1.1277760207653047,2
-1.810290890932083,1.1277760207653045,-1.7745228994637725,1.162163254618645,2
-1.810290890932083,1.162163254618645,-1.7745228994637725,1.1965504884719849,2
-1.7745228994637727,1.1277760207653045,-1.7387549079954625,1.162163254618645,2
-1.7745228994637727,1.162163254618645,-1.7387549079954625,1.1965504884719849,2
-1.7387549079954623,1.0590015530586245,-1.702986916527152,1.0933887869119647,2
-1.7387549079954623,1.0933887869119645,-1.702986916527152,1.1277760207653047,2
-1.702986916527152,1.0590015530586245,-1.6672189250588416,1.0933887869119647,2
-1.702986916527152,1.0933887869119645,-1.6672189250588416,1.1277760207653047,2
-1.7387549079954623,1.1277760207653045,-1.702986916527152,1.162163254618645,2
-1.7387549079954623,1.162163254618645,-1.702986916527152,1.1965504884719849,2
-1.702986916527152,1.1277760207653045,-1.6672189250588416,1.162163254618645,2
-1.702986916527152,1.162163254618645,-1.6672189250588416,1.1965504884719849,2
-1.6672189250588418,0.9214526176452638,-1.6314509335905312,0.9558398514986041,2
-1.6672189250588418,0.9558398514986038,-1.6314509335905312,0.9902270853519441,2
-1.6314509335905312,0.9214526176452638,-1.5956829421222207,0.9558398514986041,2
-1.6314509335905312,0.9558398514986038,-1.5956829421222207,0.9902270853519441,2
-1.6672189250588418,0.9902270853519441,-1.6314509335905312,1.0246143192052841,2
-1.6672189250588418,1.0246143192052841,-1.6314509335905312,1.0590015530586243,2
-1.6314509335905312,0.9902270853519441,-1.5956829421222207,1.0246143192052841,2
-1.6314509335905312,1.0246143192052841,-1.5956829421222207,1.0590015530586243,2
-1.595682942122221,0.9214526176452638,-1.5599149506539107,0.9558398514986041,2
-1.595682942122221,0.9558398514986038,-1.5599149506539107,0.9902270853519441,2
-1.5599149506539105,0.9214526176452638,-1.5241469591856003,0.9558398514986041,2
-1.5599149506539105,0.9558398514986038,-1.5241469591856003,0.9902270853519441,2
-1.595682942122221,0.9902270853519441,-1.5599149506539107,1.0246143192052841,2
-1.595682942122221,1.0246143192052841,-1.5599149506539107,1.0590015530586243,2
-1.5599149506539105,0.9902270853519441,-1.5241469591856003,1.0246143192052841,2
-1.5599149506539105,1.0246143192052841,-1.5241469591856003,1.0590015530586243,2
-1.6672189250588418,1.0590015530586245,-1.6314509335905312,1.0933887869119647,2
-1.6672189250588418,1.0933887869119645,-1.6314509335905312,1.1277760207653047,2
-1.6314509335905312,1.0590015530586245,-1.5956829421222207,1.0933887869119647,2
-1.6314509335905312,1.0933887869119645,-1.5956829421222207,1.1277760207653047,2
-1.6672189250588418,1.1277760207653045,-1.6314509335905312,1.162163254618645,2
-1.6672189250588418,1.162163254618645,-1.6314509335905312,1.1965504884719849,2
-1.6314509335905312,1.1277760207653045,-1.5956829421222207,1.162163254618645,2
-1.6314509335905312,1.162163254618645,-1.5956829421222207,1.1965504884719849,2
-1.595682942122221,1.0590015530586245,-1.5599149506539107,1.0933887869119647,2
-1.595682942122221,1.0933887869119645,-1.5599149506539107,1.1277760207653047,2
-1.5599149506539105,1.0590015530586245,-1.5241469591856003,1.0933887869119647,2
-1.5599149506539105,1.0933887869119645,-1.5241469591856003,1.1277760207653047,2
-1.595682942122221,1.1277760207653045,-1.5599149506539107,1.162163254618645,2
-1.595682942122221,1.162163254618645,-1.5599149506539107,1.1965504884719849,2
-1.5599149506539105,1.1277760207653045,-1.5241469591856003,1.162163254618645,2
-1.5599149506539105,1.162163254618645,-1.5241469591856003,1.1965504884719849,2
-1.810290890932083,1.1965504884719849,-1.7745228994637725,1.230937722325325,2
-1.810290890932083,1.2309377223253253,-1.7745228994637725,1.2653249561786655,2
-1.7745228994637727,1.1965504884719849,-1.7387549079954625,1.230937722325325,2
-1.7745228994637727,1.2309377223253253,-1.7387549079954625,1.2653249561786655,2
-1.810290890932083,1.2653249561786652,-1.7745228994637725,1.2997121900320054,2
-1.810290890932083,1.2997121900320052,-1.7745228994637725,1.3340994238853456,2
-1.7745228994637727,1.2653249561786652,-1.7387549079954625,1.2997121900320054,2
-1.7745228994637727,1.2997121900320052,-1.7387549079954625,1.3340994238853456,2
-1.7387549079954623,1.1965504884719849,-1.702986916527152,1.230937722325325,2
-1.7387549079954623,1.2309377223253253,-1.702986916527152,1.2653249561786655,2
-1.702986916527152,1.1965504884719849,-1.6672189250588416,1.230937722325325,2
-1.702986916527152,1.2309377223253253,-1.6672189250588416,1.2653249561786655,2
-1.7387549079954623,1.2653249561786652,-1.702986916527152,1.2997121900320054,2
-1.7387549079954623,1.2997121900320052,-1.702986916527152,1.3340994238853456,2
-1.702986916527152,1.2653249561786652,-1.6672189250588416,1.2997121900320054,2
-1.702986916527152,1.2997121900320052,-1.6672189250588416,1.3340994238853456,2
-1.7745228994637727,1.3340994238853456,-1.7387549079954625,1.3684866577386856,2
-1.7745228994637727,1.3684866577386856,-1.7387549079954625,1.4028738915920258,2
-1.7387549079954623,1.3340994238853456,-1.702986916527152,1.3684866577386856,2
-1.7387549079954623,1.3684866577386856,-1.702986916527152,1.4028738915920258,2
-1.702986916527152,1.3340994238853456,-1.6672189250588416,1.3684866577386856,2
-1.702986916527152,1.3684866577386856,-1.6672189250588416,1.4028738915920258,2
-1.7387549079954623,1.402873891592026,-1.702986916527152,1.4372611254453662,2
-1.702986916527152,1.402873891592026,-1.6672189250588416,1.4372611254453662,2
-1.702986916527152,1.437261125445366,-1.6672189250588416,1.4716483592987064,2
-1.6672189250588418,1.1965504884719849,-1.6314509335905312,1.230937722325325,2
-1.6672189250588418,1.2309377223253253,-1.6314509335905312,1.2653249561786655,2
-1.6314509335905312,1.1965504884719849,-1.5956829421222207,1.230937722325325,2
-1.6314509335905312,1.2309377223253253,-1.5956829421222207,1.2653249561786655,2
-1.6672189250588418,1.2653249561786652,-1.6314509335905312,1.2997121900320054,2
-1.6672189250588418,1.2997121900320052,-1.6314509335905312,1.3340994238853456,2
-1.6314509335905312,1.2653249561786652,-1.5956829421222207,1.2997121900320054,2
-1.6314509335905312,1.2997121900320052,-1.5956829421222207,1.3340994238853456,2
-1.595682942122221,1.1965504884719849,-1.5599149506539107,1.230937722325325,2
-1.595682942122221,1.2309377223253253,-1.5599149506539107,1.2653249561786655,2
-1.5599149506539105,1.1965504884719849,-1.5241469591856003,1.230937722325325,2
-1.5599149506539105,1.2309377223253253,-1.5241469591856003,1.2653249561786655,2
-1.595682942122221,1.2653249561786652,-1.5599149506539107,1.2997121900320054,2
-1.595682942122221,1.2997121900320052,-1.5599149506539107,1.3340994238853456,2
-1.5599149506539105,1.2653249561786652,-1.5241469591856003,1.2997121900320054,2
-1.5599149506539105,1.2997121900320052,-1.5241469591856003,1.3340994238853456,2
-1.6672189250588418,1.3340994238853456,-1.6314509335905312,1.3684866577386856,2
-1.6672189250588418,1.3684866577386856,-1.6314509335905312,1.4028738915920258,2
-1.6314509335905312,1.3340994238853456,-1.5956829421222207,1.3684866577386856,2
-1.6314509335905312,1.3684866577386856,-1.5956829421222207,1.4028738915920258,2
-1.6672189250588418,1.402873891592026,-1.6314509335905312,1.4372611254453662,2
-1.6672189250588418,1.437261125445366,-1.6314509335905312,1.4716483592987064,2
-1.6314509335905312,1.402873891592026,-1.5956829421222207,1.4372611254453662,2
-1.6314509335905312,1.437261125445366,-1.5956829421222207,1.4716483592987064,2
-1.595682942122221,1.3340994238853456,-1.5599149506539107,1.3684866577386856,2
-1.595682942122221,1.3684866577386856,-1.5599149506539107,1.4028738915920258,2
-1.5599149506539105,1.3340994238853456,-1.5241469591856003,1.3684866577386856,2
-1.5599149506539105,1.3684866577386856,-1.5241469591856003,1.4028738915920258,2
-1.595682942122221,1.402873891592026,-1.5599149506539107,1.4372611254453662,2
-1.595682942122221,1.437261125445366,-1.5599149506539107,1.4716483592987064,2
-1.5599149506539105,1.402873891592026,-1.5241469591856003,1.4372611254453662,2
-1.5599149506539105,1.437261125445366,-1.5241469591856003,1.4716483592987064,2
-1.5241469591856003,0.9214526176452638,-1.4883789677172898,0.9558398514986041,2
-1.5241469591856003,0.9558398514986038,-1.4883789677172898,0.9902270853519441,2
-1.48837896771729,0.9214526176452638,-1.4526109762489794,0.9558398514986041,2
-1.48837896771729,0.9558398514986038,-1.4526109762489794,0.9902270853519441,2
-1.5241469591856003,0.9902270853519441,-1.4883789677172898,1.0246143192052841,2
-1.5241469591856003,1.0246143192052841,-1.4883789677172898,1.0590015530586243,2
-1.48837896771729,0.9902270853519441,-1.4526109762489794,1.0246143192052841,2
-1.48837896771729,1.0246143192052841,-1.4526109762489794,1.0590015530586243,2
-1.4526109762489794,0.9214526176452638,-1.416842984780669,0.9558398514986041,2
-1.4526109762489794,0.9558398514986038,-1.416842984780669,0.9902270853519441,2
-1.4168429847806692,0.9214526176452638,-1.381074993312359,0.9558398514986041,2
-1.4168429847806692,0.9558398514986038,-1.381074993312359,0.9902270853519441,2
-1.4526109762489794,0.9902270853519441,-1.416842984780669,1.0246143192052841,2
-1.4526109762489794,1.0246143192052841,-1.416842984780669,1.0590015530586243,2
-1.4168429847806692,0.9902270853519441,-1.381074993312359,1.0246143192052841,2
-1.4168429847806692,1.0246143192052841,-1.381074993312359,1.0590015530586243,2
-1.5241469591856003,1.0590015530586245,-1.4883789677172898,1.0933887869119647,2
-1.5241469591856003,1.0933887869119645,-1.4883789677172898,1.1277760207653047,2
-1.48837896771729,1.0590015530586245,-1.4526109762489794,1.0933887869119647,2
-1.48837896771729,1.0933887869119645,-1.4526109762489794,1.1277760207653047,2
-1.5241469591856003,1.1277760207653045,-1.4883789677172898,1.162163254618645,2
-1.5241469591856003,1.162163254618645,-1.4883789677172898,1.1965504884719849,2
-1.48837896771729,1.1277760207653045,-1.4526109762489794,1.162163254618645,2
-1.48837896771729,1.162163254618645,-1.4526109762489794,1.1965504884719849,2
-1.4526109762489794,1.0590015530586245,-1.416842984780669,1.0933887869119647,2
-1.4526109762489794,1.0933887869119645,-1.416842984780669,1.1277760207653047,2
-1.4168429847806692,1.0590015530586245,-1.381074993312359,1.0933887869119647,2
-1.4168429847806692,1.0933887869119645,-1.381074993312359,1.1277760207653047,2
-1.4526109762489794,1.1277760207653045,-1.416842984780669,1.162163254618645,2
-1.4526109762489794,1.162163254618645,-1.416842984780669,1.1965504884719849,2
-1.4168429847806692,1.1277760207653045,-1.381074993312359,1.162163254618645,2
-1.4168429847806692,1.162163254618645,-1.381074993312359,1.1965504884719849,2
-1.3810749933123587,0.9214526176452638,-1.3453070018440485,0.9558398514986041,2
-1.3810749933123587,0.9558398514986038,-1.3453070018440485,0.9902270853519441,2
-1.3453070018440485,0.9214526176452638,-1.309539010375738,0.9558398514986041,2
-1.3453070018440485,0.9558398514986038,-1.309539010375738,0.9902270853519441,2
-1.3810749933123587,0.9902270853519441,-1.3453070018440485,1.0246143192052841,2
-1.3810749933123587,1.0246143192052841,-1.3453070018440485,1.0590015530586243,2
-1.3453070018440485,0.9902270853519441,-1.309539010375738,1.0246143192052841,2
-1.3453070018440485,1.0246143192052841,-1.309539010375738,1.0590015530586243,2
-1.3095390103757383,0.9214526176452638,-1.2737710189074276,0.9558398514986041,2
-1.3095390103757383,0.9558398514986038,-1.2737710189074276,0.9902270853519441,2
-1.2737710189074276,0.9214526176452638,-1.2380030274391176,0.9558398514986041,2
-1.2737710189074276,0.9558398514986038,-1.2380030274391176,0.9902270853519441,2
-1.3095390103757383,0.9902270853519441,-1.2737710189074276,1.0246143192052841,2
-1.3095390103757383,1.0246143192052841,-1.2737710189074276,1.0590015530586243,2
-1.2737710189074276,0.9902270853519441,-1.2380030274391176,1.0246143192052841,2
-1.2737710189074276,1.0246143192052841,-1.2380030274391176,1.0590015530586243,2
-1.3810749933123587,1.0590015530586245,-1.3453070018440485,1.0933887869119647,2
-1.3810749933123587,1.0933887869119645,-1.3453070018440485,1.1277760207653047,2
-1.3453070018440485,1.0590015530586245,-1.309539010375738,1.0933887869119647,2
-1.3453070018440485,1.0933887869119645,-1.309539010375738,1.1277760207653047,2
-1.3810749933123587,1.1277760207653045,-1.3453070018440485,1.162163254618645,2
-1.3810749933123587,1.162163254618645,-1.3453070018440485,1.1965504884719849,2
-1.3453070018440485,1.1277760207653045,-1.309539010375738,1.162163254618645,2
-1.3453070018440485,1.162163254618645,-1.309539010375738,1.1965504884719849,2
-1.3095390103757383,1.0590015530586245,-1.2737710189074276,1.0933887869119647,2
-1.3095390103757383,1.0933887869119645,-1.2737710189074276,1.1277760207653047,2
-1.2737710189074276,1.0590015530586245,-1.2380030274391176,1.0933887869119647,2
-1.2737710189074276,1.0933887869119645,-1.2380030274391176,1.1277760207653047,2
-1.3095390103757383,1.1277760207653045,-1.2737710189074276,1.162163254618645,2
-1.3095390103757383,1.162163254618645,-1.2737710189074276,1.1965504884719849,2
-1.2737710189074276,1.1277760207653045,-1.2380030274391176,1.162163254618645,2
-1.2737710189074276,1.162163254618645,-1.2380030274391176,1.1965504884719849,2
-1.5241469591856003,1.1965504884719849,-1.4883789677172898,1.230937722325325,2
-1.5241469591856003,1.2309377223253253,-1.4883789677172898,1.2653249561786655,2
-1.48837896771729,1.1965504884719849,-1.4526109762489794,1.230937722325325,2
-1.48837896771729,1.2309377223253253,-1.4526109762489794,1.2653249561786655,2
-1.5241469591856003,1.2653249561786652,-1.4883789677172898,1.2997121900320054,2
-1.5241469591856003,1.2997121900320052,-1.4883789677172898,1.3340994238853456,2
-1.48837896771729,1.2653249561786652,-1.4526109762489794,1.2997121900320054,2
-1.48837896771729,1.2997121900320052,-1.4526109762489794,1.3340994238853456,2
-1.4526109762489794,1.1965504884719849,-1.416842984780669,1.230937722325325,2
-1.4526109762489794,1.2309377223253253,-1.416842984780669,1.2653249561786655,2
-1.4168429847806692,1.1965504884719849,-1.381074993312359,1.230937722325325,2
-1.4168429847806692,1.2309377223253253,-1.381074993312359,1.2653249561786655,2
-1.4526109762489794,1.2653249561786652,-1.416842984780669,1.2997121900320054,2
-1.4526109762489794,1.2997121900320052,-1.416842984780669,1.3340994238853456,2
-1.4168429847806692,1.2653249561786652,-1.381074993312359,1.2997121900320054,2
-1.4168429847806692,1.2997121900320052,-1.381074993312359,1.3340994238853456,2
-1.5241469591856003,1.3340994238853456,-1.4883789677172898,1.3684866577386856,2
-1.5241469591856003,1.3684866577386856,-1.4883789677172898,1.4028738915920258,2
-1.48837896771729,1.3340994238853456,-1.4526109762489794,1.3684866577386856,2
-1.48837896771729,1.3684866577386856,-1.4526109762489794,1.4028738915920258,2
-1.5241469591856003,1.402873891592026,-1.4883789677172898,1.4372611254453662,2
-1.5241469591856003,1.437261125445366,-1.4883789677172898,1.4716483592987064,2
-1.48837896771729,1.402873891592026,-1.4526109762489794,1.4372611254453662,2
-1.48837896771729,1.437261125445366,-1.4526109762489794,1.4716483592987064,2
-1.4526109762489794,1.3340994238853456,-1.416842984780669,1.3684866577386856,2
-1.4526109762489794,1.3684866577386856,-1.416842984780669,1.4028738915920258,2
-1.4168429847806692,1.3340994238853456,-1.381074993312359,1.3684866577386856,2
-1.4168429847806692,1.3684866577386856,-1.381074993312359,1.4028738915920258,2
-1.4526109762489794,1.402873891592026,-1.416842984780669,1.4372611254453662,2
-1.4526109762489794,1.437261125445366,-1.416842984780669,1.4716483592987064,2
-1.4168429847806692,1.402873891592026,-1.381074993312359,1.4372611254453662,2
-1.4168429847806692,1.437261125445366,-1.381074993312359,1.4716483592987064,2
-1.3810749933123587,1.1965504884719849,-1.3453070018440485,1.230937722325325,2
-1.3810749933123587,1.2309377223253253,-1.3453070018440485,1.2653249561786655,2
-1.3453070018440485,1.1965504884719849,-1.309539010375738,1.230937722325325,2
-1.3453070018440485,1.2309377223253253,-1.309539010375738,1.2653249561786655,2
-1.3810749933123587,1.2653249561786652,-1.3453070018440485,1.2997121900320054,2
-1.3810749933123587,1.2997121900320052,-1.3453070018440485,1.3340994238853456,2
-1.3453070018440485,1.2653249561786652,-1.309539010375738,1.2997121900320054,2
-1.3453070018440485,1.2997121900320052,-1.309539010375738,1.3340994238853456,2
-1.3095390103757383,1.1965504884719849,-1.2737710189074276,1.230937722325325,2
-1.3095390103757383,1.2309377223253253,-1.2737710189074276,1.2653249561786655,2
-1.2737710189074276,1.1965504884719849,-1.2380030274391176,1.230937722325325,2
-1.2737710189074276,1.2309377223253253,-1.2380030274391176,1.2653249561786655,2
-1.3095390103757383,1.2653249561786652,-1.2737710189074276,1.2997121900320054,2
-1.3095390103757383,1.2997121900320052,-1.2737710189074276,1.3340994238853456,2
-1.2737710189074276,1.2653249561786652,-1.2380030274391176,1.2997121900320054,2
-1.2737710189074276,1.2997121900320052,-1.2380030274391176,1.3340994238853456,2
-1.3810749933123587,1.3340994238853456,-1.3453070018440485,1.3684866577386856,2
-1.3810749933123587,1.3684866577386856,-1.3453070018440485,1.4028738915920258,2
-1.3453070018440485,1.3340994238853456,-1.309539010375738,1.3684866577386856,2
-1.3453070018440485,1.3684866577386856,-1.309539010375738,1.4028738915920258,2
-1.3810749933123587,1.402873891592026,-1.3453070018440485,1.4372611254453662,2
-1.3810749933123587,1.437261125445366,-1.3453070018440485,1.4716483592987064,2
-1.3453070018440485,1.402873891592026,-1.309539010375738,1.4372611254453662,2
-1.3453070018440485,1.437261125445366,-1.309539010375738,1.4716483592987064,2
-1.3095390103757383,1.3340994238853456,-1.2737710189074276,1.3684866577386856,2
-1.3095390103757383,1.3684866577386856,-1.2737710189074276,1.4028738915920258,2
-1.2737710189074276,1.3340994238853456,-1.2380030274391176,1.3684866577386856,2
-1.2737710189074276,1.3684866577386856,-1.2380030274391176,1.4028738915920258,2
-1.3095390103757383,1.402873891592026,-1.2737710189074276,1.4372611254453662,2
-1.3095390103757383,1.437261125445366,-1.2737710189074276,1.4716483592987064,2
-1.2737710189074276,1.402873891592026,-1.2380030274391176,1.4372611254453662,2
-1.2737710189074276,1.437261125445366,-1.2380030274391176,1.4716483592987064,2
-1.6672189250588418,1.4716483592987064,-1.6314509335905312,1.5060355931520464,2
-1.6672189250588418,1.5060355931520464,-1.6314509335905312,1.5404228270053864,2
-1.6314509335905312,1.4716483592987064,-1.5956829421222207,1.5060355931520464,2
-1.6314509335905312,1.5060355931520464,-1.5956829421222207,1.5404228270053864,2
-1.6314509335905312,1.5404228270053864,-1.5956829421222207,1.5748100608587265,2
-1.595682942122221,1.4716483592987064,-1.5599149506539107,1.5060355931520464,2
-1.595682942122221,1.5060355931520464,-1.5599149506539107,1.5404228270053864,2
-1.5599149506539105,1.4716483592987064,-1.5241469591856003,1.5060355931520464,2
-1.5599149506539105,1.5060355931520464,-1.5241469591856003,1.5404228270053864,2
-1.595682942122221,1.5404228270053864,-1.5599149506539107,1.5748100608587265,2
-1.595682942122221,1.5748100608587268,-1.5599149506539107,1.609197294712067,2
-1.5599149506539105,1.5404228270053864,-1.5241469591856003,1.5748100608587265,2
-1.5599149506539105,1.5748100608587268,-1.5241469591856003,1.609197294712067,2
-1.5599149506539105,1.6091972947120667,-1.5241469591856003,1.6435845285654072,2
-1.5241469591856003,1.4716483592987064,-1.4883789677172898,1.5060355931520464,2
-1.5241469591856003,1.5060355931520464,-1.4883789677172898,1.5404228270053864,2
-1.48837896771729,1.4716483592987064,-1.4526109762489794,1.5060355931520464,2
-1.48837896771729,1.5060355931520464,-1.4526109762489794,1.5404228270053864,2
-1.5241469591856003,1.5404228270053864,-1.4883789677172898,1.5748100608587265,2
-1.5241469591856003,1.5748100608587268,-1.4883789677172898,1.609197294712067,2
-1.48837896771729,1.5404228270053864,-1.4526109762489794,1.5748100608587265,2
-1.48837896771729,1.5748100608587268,-1.4526109762489794,1.609197294712067,2
-1.4526109762489794,1.4716483592987064,-1.416842984780669,1.5060355931520464,2
-1.4526109762489794,1.5060355931520464,-1.416842984780669,1.5404228270053864,2
-1.4168429847806692,1.4716483592987064,-1.381074993312359,1.5060355931520464,2
-1.4168429847806692,1.5060355931520464,-1.381074993312359,1.5404228270053864,2
-1.4526109762489794,1.5404228270053864,-1.416842984780669,1.5748100608587265,2
-1.4526109762489794,1.5748100608587268,-1.416842984780669,1.609197294712067,2
-1.4168429847806692,1.5404228270053864,-1.381074993312359,1.5748100608587265,2
-1.4168429847806692,1.5748100608587268,-1.381074993312359,1.609197294712067,2
-1.5241469591856003,1.6091972947120667,-1.4883789677172898,1.6435845285654072,2
-1.5241469591856003,1.6435845285654072,-1.4883789677172898,1.6779717624187471,2
-1.48837896771729,1.6091972947120667,-1.4526109762489794,1.6435845285654072,2
-1.48837896771729,1.6435845285654072,-1.4526109762489794,1.6779717624187471,2
-1.4526109762489794,1.6091972947120667,-1.416842984780669,1.6435845285654072,2
-1.4526109762489794,1.6435845285654072,-1.416842984780669,1.6779717624187471,2
-1.4168429847806692,1.6091972947120667,-1.381074993312359,1.6435845285654072,2
-1.4168429847806692,1.6435845285654072,-1.381074993312359,1.6779717624187471,2
-1.4526109762489794,1.6779717624187471,-1.416842984780669,1.712358996272087,2
-1.4168429847806692,1.6779717624187471,-1.381074993312359,1.712358996272087,2
-1.4168429847806692,1.712358996272087,-1.381074993312359,1.7467462301254273,2
-1.3810749933123587,1.4716483592987064,-1.3453070018440485,1.5060355931520464,2
-1.3810749933123587,1.5060355931520464,-1.3453070018440485,1.5404228270053864,2
-1.3453070018440485,1.4716483592987064,-1.309539010375738,1.5060355931520464,2
-1.3453070018440485,1.5060355931520464,-1.309539010375738,1.5404228270053864,2
-1.3810749933123587,1.5404228270053864,-1.3453070018440485,1.5748100608587265,2
-1.3810749933123587,1.5748100608587268,-1.3453070018440485,1.609197294712067,2
-1.3453070018440485,1.5404228270053864,-1.309539010375738,1.5748100608587265,2
-1.3453070018440485,1.5748100608587268,-1.309539010375738,1.609197294712067,2
-1.3095390103757383,1.4716483592987064,-1.2737710189074276,1.5060355931520464,2
-1.3095390103757383,1.5060355931520464,-1.2737710189074276,1.5404228270053864,2
-1.2737710189074276,1.4716483592987064,-1.2380030274391176,1.5060355931520464,2
-1.2737710189074276,1.5060355931520464,-1.2380030274391176,1.5404228270053864,2
-1.3095390103757383,1.5404228270053864,-1.2737710189074276,1.5748100608587265,2
-1.3095390103757383,1.5748100608587268,-1.2737710189074276,1.609197294712067,2
-1.2737710189074276,1.5404228270053864,-1.2380030274391176,1.5748100608587265,2
-1.2737710189074276,1.5748100608587268,-1.2380030274391176,1.609197294712067,2
-1.3810749933123587,1.6091972947120667,-1.3453070018440485,1.6435845285654072,2
-1.3810749933123587,1.6435845285654072,-1.3453070018440485,1.6779717624187471,2
-1.3453070018440485,1.6091972947120667,-1.309539010375738,1.6435845285654072,2
-1.3453070018440485,1.6435845285654072,-1.309539010375738,1.6779717624187471,2
-1.3810749933123587,1.6779717624187471,-1.3453070018440485,1.712358996272087,2
-1.3810749933123587,1.712358996272087,-1.3453070018440485,1.7467462301254273,2
-1.3453070018440485,1.6779717624187471,-1.309539010375738,1.712358996272087,2
-1.3453070018440485,1.712358996272087,-1.309539010375738,1.7467462301254273,2
-1.3095390103757383,1.6091972947120667,-1.2737710189074276,1.6435845285654072,2
-1.3095390103757383,1.6435845285654072,-1.2737710189074276,1.6779717624187471,2
-1.2737710189074276,1.6091972947120667,-1.2380030274391176,1.6435845285654072,2
-1.2737710189074276,1.6435845285654072,-1.2380030274391176,1.6779717624187471,2
-1.3095390103757383,1.6779717624187471,-1.2737710189074276,1.712358996272087,2
-1.3095390103757383,1.712358996272087,-1.2737710189074276,1.7467462301254273,2
-1.2737710189074276,1.6779717624187471,-1.2380030274391176,1.712358996272087,2
-1.2737710189074276,1.712358996272087,-1.2380030274391176,1.7467462301254273,2
-1.3810749933123587,1.7467462301254275,-1.3453070018440485,1.7811334639787677,2
-1.3453070018440485,1.7467462301254275,-1.309539010375738,1.7811334639787677,2
-1.3453070018440485,1.7811334639787675,-1.309539010375738,1.815520697832108,2
-1.3095390103757383,1.7467462301254275,-1.2737710189074276,1.7811334639787677,2
-1.3095390103757383,1.7811334639787675,-1.2737710189074276,1.815520697832108,2
-1.2737710189074276,1.7467462301254275,-1.2380030274391176,1.7811334639787677,2
-1.2737710189074276,1.7811334639787675,-1.2380030274391176,1.815520697832108,2
-1.2737710189074276,1.815520697832108,-1.2380030274391176,1.8499079316854479,2
-0.9518590956926347,0.33686964213848114,-0.9160911042243242,0.3712568759918212,2
-0.9160911042243242,0.33686964213848114,-0.8803231127560139,0.3712568759918212,2
-0.8803231127560139,0.33686964213848114,-0.8445551212877035,0.3712568759918212,2
-0.8445551212877033,0.33686964213848114,-0.8087871298193932,0.3712568759918212,2
-0.8087871298193932,0.3024824082851411,-0.7730191383510827,0.33686964213848114,2
-0.8087871298193932,0.33686964213848114,-0.7730191383510827,0.3712568759918212,2
-0.7730191383510829,0.3024824082851411,-0.7372511468827724,0.33686964213848114,2
-0.7730191383510829,0.33686964213848114,-0.7372511468827724,0.3712568759918212,2
-0.7372511468827724,0.26809517443180103,-0.7014831554144622,0.3024824082851411,2
-0.7014831554144622,0.26809517443180103,-0.6657151639461518,0.3024824082851411,2
-0.7372511468827724,0.3024824082851411,-0.7014831554144622,0.33686964213848114,2
-0.7372511468827724,0.33686964213848114,-0.7014831554144622,0.3712568759918212,2
-0.7014831554144622,0.3024824082851411,-0.6657151639461518,0.33686964213848114,2
-0.7014831554144622,0.33686964213848114,-0.6657151639461518,0.3712568759918212,2
-1.2380030274391176,0.47441857755184186,-1.2022350359708072,0.5088058114051819,2
-1.202235035970807,0.47441857755184186,-1.1664670445024967,0.5088058114051819,2
-1.1664670445024967,0.44003134369850155,-1.1306990530341863,0.47441857755184186,2
-1.1664670445024967,0.47441857755184186,-1.1306990530341863,0.5088058114051819,2
-1.1306990530341865,0.44003134369850155,-1.0949310615658758,0.47441857755184186,2
-1.1306990530341865,0.47441857755184186,-1.0949310615658758,0.5088058114051819,2
-1.2380030274391176,0.5088058114051819,-1.2022350359708072,0.543193045258522,2
-1.2380030274391176,0.5431930452585222,-1.2022350359708072,0.577580279111862,2
-1.202235035970807,0.5088058114051819,-1.1664670445024967,0.543193045258522,2
-1.202235035970807,0.5431930452585222,-1.1664670445024967,0.577580279111862,2
-1.2380030274391176,0.5775802791118623,-1.2022350359708072,0.6119675129652026,2
-1.2380030274391176,0.6119675129652024,-1.2022350359708072,0.6463547468185427,2
-1.202235035970807,0.5775802791118623,-1.1664670445024967,0.6119675129652026,2
-1.202235035970807,0.6119675129652024,-1.1664670445024967,0.6463547468185427,2
-1.1664670445024967,0.5088058114051819,-1.1306990530341863,0.543193045258522,2
-1.1664670445024967,0.5431930452585222,-1.1306990530341863,0.577580279111862,2
-1.1306990530341865,0.5088058114051819,-1.0949310615658758,0.543193045258522,2
-1.1306990530341865,0.5431930452585222,-1.0949310615658758,0.577580279111862,2
-1.1664670445024967,0.5775802791118623,-1.1306990530341863,0.6119675129652026,2
-1.1664670445024967,0.6119675129652024,-1.1306990530341863,0.6463547468185427,2
-1.1306990530341865,0.5775802791118623,-1.0949310615658758,0.6119675129652026,2
-1.1306990530341865,0.6119675129652024,-1.0949310615658758,0.6463547468185427,2
-1.0591630700975658,0.4056441098451615,-1.0233950786292554,0.4400313436985018,2
-1.0949310615658758,0.44003134369850155,-1.0591630700975658,0.47441857755184186,2
-1.0949310615658758,0.47441857755184186,-1.0591630700975658,0.5088058114051819,2
-1.0591630700975658,0.44003134369850155,-1.0233950786292554,0.47441857755184186,2
-1.0591630700975658,0.47441857755184186,-1.0233950786292554,0.5088058114051819,2
-1.0233950786292552,0.3712568759918212,-0.9876270871609449,0.4056441098451613,2
-1.0233950786292552,0.4056441098451615,-0.9876270871609449,0.4400313436985018,2
-0.9876270871609449,0.3712568759918212,-0.9518590956926345,0.4056441098451613,2
-0.9876270871609449,0.4056441098451615,-0.9518590956926345,0.4400313436985018,2
-1.0233950786292552,0.44003134369850155,-0.9876270871609449,0.47441857755184186,2
-1.0233950786292552,0.47441857755184186,-0.9876270871609449,0.5088058114051819,2
-0.9876270871609449,0.44003134369850155,-0.9518590956926345,0.47441857755184186,2
-0.9876270871609449,0.47441857755184186,-0.9518590956926345,0.5088058114051819,2
-1.0949310615658758,0.5088058114051819,-1.0591630700975658,0.543193045258522,2
-1.0949310615658758,0.5431930452585222,-1.0591630700975658,0.577580279111862,2
-1.0591630700975658,0.5088058114051819,-1.0233950786292554,0.543193045258522,2
-1.0591630700975658,0.5431930452585222,-1.0233950786292554,0.577580279111862,2
-1.0949310615658758,0.5775802791118623,-1.0591630700975658,0.6119675129652026,2
-1.0949310615658758,0.6119675129652024,-1.0591630700975658,0.6463547468185427,2
-1.0591630700975658,0.5775802791118623,-1.0233950786292554,0.6119675129652026,2
-1.0591630700975658,0.6119675129652024,-1.0233950786292554,0.6463547468185427,2
-1.0233950786292552,0.5088058114051819,-0.9876270871609449,0.543193045258522,2
-1.0233950786292552,0.5431930452585222,-0.9876270871609449,0.577580279111862,2
-0.9876270871609449,0.5088058114051819,-0.9518590956926345,0.543193045258522,2
-0.9876270871609449,0.5431930452585222,-0.9518590956926345,0.577580279111862,2
-1.0233950786292552,0.5775802791118623,-0.9876270871609449,0.6119675129652026,2
-1.0233950786292552,0.6119675129652024,-0.9876270871609449,0.6463547468185427,2
-0.9876270871609449,0.5775802791118623,-0.9518590956926345,0.6119675129652026,2
-0.9876270871609449,0.6119675129652024,-0.9518590956926345,0.6463547468185427,2
-1.2380030274391176,0.6463547468185427,-1.2022350359708072,0.6807419806718826,2
-1.2380030274391176,0.6807419806718826,-1.2022350359708072,0.7151292145252227,2
-1.202235035970807,0.6463547468185427,-1.1664670445024967,0.6807419806718826,2
-1.202235035970807,0.6807419806718826,-1.1664670445024967,0.7151292145252227,2
-1.2380030274391176,0.7151292145252229,-1.2022350359708072,0.7495164483785628,2
-1.2380030274391176,0.749516448378563,-1.2022350359708072,0.7839036822319033,2
-1.202235035970807,0.7151292145252229,-1.1664670445024967,0.7495164483785628,2
-1.202235035970807,0.749516448378563,-1.1664670445024967,0.7839036822319033,2
-1.1664670445024967,0.6463547468185427,-1.1306990530341863,0.6807419806718826,2
-1.1664670445024967,0.6807419806718826,-1.1306990530341863,0.7151292145252227,2
-1.1306990530341865,0.6463547468185427,-1.0949310615658758,0.6807419806718826,2
-1.1306990530341865,0.6807419806718826,-1.0949310615658758,0.7151292145252227,2
-1.1664670445024967,0.7151292145252229,-1.1306990530341863,0.7495164483785628,2
-1.1664670445024967,0.749516448378563,-1.1306990530341863,0.7839036822319033,2
-1.1306990530341865,0.7151292145252229,-1.0949310615658758,0.7495164483785628,2
-1.1306990530341865,0.749516448378563,-1.0949310615658758,0.7839036822319033,2
-1.2380030274391176,0.7839036822319031,-1.2022350359708072,0.8182909160852434,2
-1.2380030274391176,0.8182909160852434,-1.2022350359708072,0.8526781499385834,2
-1.202235035970807,0.7839036822319031,-1.1664670445024967,0.8182909160852434,2
-1.202235035970807,0.8182909160852434,-1.1664670445024967,0.8526781499385834,2
-1.2380030274391176,0.8526781499385834,-1.2022350359708072,0.8870653837919235,2
-1.2380030274391176,0.8870653837919237,-1.2022350359708072,0.9214526176452635,2
-1.202235035970807,0.8526781499385834,-1.1664670445024967,0.8870653837919235,2
-1.202235035970807,0.8870653837919237,-1.1664670445024967,0.9214526176452635,2
-1.1664670445024967,0.7839036822319031,-1.1306990530341863,0.8182909160852434,2
-1.1664670445024967,0.8182909160852434,-1.1306990530341863,0.8526781499385834,2
-1.1306990530341865,0.7839036822319031,-1.0949310615658758,0.8182909160852434,2
-1.1306990530341865,0.8182909160852434,-1.0949310615658758,0.8526781499385834,2
-1.1664670445024967,0.8526781499385834,-1.1306990530341863,0.8870653837919235,2
-1.1664670445024967,0.8870653837919237,-1.1306990530341863,0.9214526176452635,2
-1.1306990530341865,0.8526781499385834,-1.0949310615658758,0.8870653837919235,2
-1.1306990530341865,0.8870653837919237,-1.0949310615658758,0.9214526176452635,2
-1.0949310615658758,0.6463547468185427,-1.0591630700975658,0.6807419806718826,2
-1.0949310615658758,0.6807419806718826,-1.0591630700975658,0.7151292145252227,2
-1.0591630700975658,0.6463547468185427,-1.0233950786292554,0.6807419806718826,2
-1.0591630700975658,0.6807419806718826,-1.0233950786292554,0.7151292145252227,2
-1.0949310615658758,0.7151292145252229,-1.0591630700975658,0.7495164483785628,2
-1.0949310615658758,0.749516448378563,-1.0591630700975658,0.7839036822319033,2
-1.0591630700975658,0.7151292145252229,-1.0233950786292554,0.7495164483785628,2
-1.0591630700975658,0.749516448378563,-1.0233950786292554,0.7839036822319033,2
-1.0233950786292552,0.6463547468185427,-0.9876270871609449,0.6807419806718826,2
-1.0233950786292552,0.6807419806718826,-0.9876270871609449,0.7151292145252227,2
-0.9876270871609449,0.6463547468185427,-0.9518590956926345,0.6807419806718826,2
-0.9876270871609449,0.6807419806718826,-0.9518590956926345,0.7151292145252227,2
-1.0233950786292552,0.7151292145252229,-0.9876270871609449,0.7495164483785628,2
-1.0233950786292552,0.749516448378563,-0.9876270871609449,0.7839036822319033,2
-0.9876270871609449,0.7151292145252229,-0.9518590956926345,0.7495164483785628,2
-0.9876270871609449,0.749516448378563,-0.9518590956926345,0.7839036822319033,2
-1.0949310615658758,0.7839036822319031,-1.0591630700975658,0.8182909160852434,2
-1.0949310615658758,0.8182909160852434,-1.0591630700975658,0.8526781499385834,2
-1.0591630700975658,0.7839036822319031,-1.0233950786292554,0.8182909160852434,2
-1.0591630700975658,0.8182909160852434,-1.0233950786292554,0.8526781499385834,2
-1.0949310615658758,0.8526781499385834,-1.0591630700975658,0.8870653837919235,2
-1.0949310615658758,0.8870653837919237,-1.0591630700975658,0.9214526176452635,2
-1.0591630700975658,0.8526781499385834,-1.0233950786292554,0.8870653837919235,2
-1.0591630700975658,0.8870653837919237,-1.0233950786292554,0.9214526176452635,2
-1.0233950786292552,0.7839036822319031,-0.9876270871609449,0.8182909160852434,2
-1.0233950786292552,0.8182909160852434,-0.9876270871609449,0.8526781499385834,2
-0.9876270871609449,0.7839036822319031,-0.9518590956926345,0.8182909160852434,2
-0.9876270871609449,0.8182909160852434,-0.9518590956926345,0.8526781499385834,2
-1.0233950786292552,0.8526781499385834,-0.9876270871609449,0.8870653837919235,2
-1.0233950786292552,0.8870653837919237,-0.9876270871609449,0.9214526176452635,2
-0.9876270871609449,0.8526781499385834,-0.9518590956926345,0.8870653837919235,2
-0.9876270871609449,0.8870653837919237,-0.9518590956926345,0.9214526176452635,2
-0.9518590956926347,0.3712568759918212,-0.9160911042243242,0.4056441098451613,2
-0.9518590956926347,0.4056441098451615,-0.9160911042243242,0.4400313436985018,2
-0.9160911042243242,0.3712568759918212,-0.8803231127560139,0.4056441098451613,2
-0.9160911042243242,0.4056441098451615,-0.8803231127560139,0.4400313436985018,2
-0.9518590956926347,0.44003134369850155,-0.9160911042243242,0.47441857755184186,2
-0.9518590956926347,0.47441857755184186,-0.9160911042243242,0.5088058114051819,2
-0.9160911042243242,0.44003134369850155,-0.8803231127560139,0.47441857755184186,2
-0.9160911042243242,0.47441857755184186,-0.8803231127560139,0.5088058114051819,2
-0.8803231127560139,0.3712568759918212,-0.8445551212877035,0.4056441098451613,2
-0.8803231127560139,0.4056441098451615,-0.8445551212877035,0.4400313436985018,2
-0.8445551212877033,0.3712568759918212,-0.8087871298193932,0.4056441098451613,2
-0.8445551212877033,0.4056441098451615,-0.8087871298193932,0.4400313436985018,2
-0.8803231127560139,0.44003134369850155,-0.8445551212877035,0.47441857755184186,2
-0.8803231127560139,0.47441857755184186,-0.8445551212877035,0.5088058114051819,2
-0.8445551212877033,0.44003134369850155,-0.8087871298193932,0.47441857755184186,2
-0.8445551212877033,0.47441857755184186,-0.8087871298193932,0.5088058114051819,2
-0.9518590956926347,0.5088058114051819,-0.9160911042243242,0.543193045258522,2
-0.9518590956926347,0.5431930452585222,-0.9160911042243242,0.577580279111862,2
-0.9160911042243242,0.5088058114051819,-0.8803231127560139,0.543193045258522,2
-0.9160911042243242,0.5431930452585222,-0.8803231127560139,0.577580279111862,2
-0.9518590956926347,0.5775802791118623,-0.9160911042243242,0.6119675129652026,2
-0.9518590956926347,0.6119675129652024,-0.9160911042243242,0.6463547468185427,2
-0.9160911042243242,0.5775802791118623,-0.8803231127560139,0.6119675129652026,2
-0.9160911042243242,0.6119675129652024,-0.8803231127560139,0.6463547468185427,2
-0.8803231127560139,0.5088058114051819,-0.8445551212877035,0.543193045258522,2
-0.8803231127560139,0.5431930452585222,-0.8445551212877035,0.577580279111862,2
-0.8445551212877033,0.5088058114051819,-0.8087871298193932,0.543193045258522,2
-0.8445551212877033,0.5431930452585222,-0.8087871298193932,0.577580279111862,2
-0.8803231127560139,0.5775802791118623,-0.8445551212877035,0.6119675129652026,2
-0.8803231127560139,0.6119675129652024,-0.8445551212877035,0.6463547468185427,2
-0.8445551212877033,0.5775802791118623,-0.8087871298193932,0.6119675129652026,2
-0.8445551212877033,0.6119675129652024,-0.8087871298193932,0.6463547468185427,2
-0.8087871298193932,0.3712568759918212,-0.7730191383510827,0.4056441098451613,2
-0.8087871298193932,0.4056441098451615,-0.7730191383510827,0.4400313436985018,2
-0.7730191383510829,0.3712568759918212,-0.7372511468827724,0.4056441098451613,2
-0.7730191383510829,0.4056441098451615,-0.7372511468827724,0.4400313436985018,2
-0.8087871298193932,0.44003134369850155,-0.7730191383510827,0.47441857755184186,2
-0.8087871298193932,0.47441857755184186,-0.7730191383510827,0.5088058114051819,2
-0.7730191383510829,0.44003134369850155,-0.7372511468827724,0.47441857755184186,2
-0.7730191383510829,0.47441857755184186,-0.7372511468827724,0.5088058114051819,2
-0.7372511468827724,0.3712568759918212,-0.7014831554144622,0.4056441098451613,2
-0.7372511468827724,0.4056441098451615,-0.7014831554144622,0.4400313436985018,2
-0.7014831554144622,0.3712568759918212,-0.6657151639461518,0.4056441098451613,2
-0.7014831554144622,0.4056441098451615,-0.6657151639461518,0.4400313436985018,2
-0.7372511468827724,0.44003134369850155,-0.7014831554144622,0.47441857755184186,2
-0.7372511468827724,0.47441857755184186,-0.7014831554144622,0.5088058114051819,2
-0.7014831554144622,0.44003134369850155,-0.6657151639461518,0.47441857755184186,2
-0.7014831554144622,0.47441857755184186,-0.6657151639461518,0.5088058114051819,2
-0.8087871298193932,0.5088058114051819,-0.7730191383510827,0.543193045258522,2
-0.8087871298193932,0.5431930452585222,-0.7730191383510827,0.577580279111862,2
-0.7730191383510829,0.5088058114051819,-0.7372511468827724,0.543193045258522,2
-0.7730191383510829,0.5431930452585222,-0.7372511468827724,0.577580279111862,2
-0.8087871298193932,0.5775802791118623,-0.7730191383510827,0.6119675129652026,2
-0.8087871298193932,0.6119675129652024,-0.7730191383510827,0.6463547468185427,2
-0.7730191383510829,0.5775802791118623,-0.7372511468827724,0.6119675129652026,2
-0.7730191383510829,0.6119675129652024,-0.7372511468827724,0.6463547468185427,2
-0.7372511468827724,0.5088058114051819,-0.7014831554144622,0.543193045258522,2
-0.7372511468827724,0.5431930452585222,-0.7014831554144622,0.577580279111862,2
-0.7014831554144622,0.5088058114051819,-0.6657151639461518,0.543193045258522,2
-0.7014831554144622,0.5431930452585222,-0.6657151639461518,0.577580279111862,2
-0.7372511468827724,0.5775802791118623,-0.7014831554144622,0.6119675129652026,2
-0.7372511468827724,0.6119675129652024,-0.7014831554144622,0.6463547468185427,2
-0.7014831554144622,0.5775802791118623,-0.6657151639461518,0.6119675129652026,2
-0.7014831554144622,0.6119675129652024,-0.6657151639461518,0.6463547468185427,2
-0.9518590956926347,0.6463547468185427,-0.9160911042243242,0.6807419806718826,2
-0.9518590956926347,0.6807419806718826,-0.9160911042243242,0.7151292145252227,2
-0.9160911042243242,0.6463547468185427,-0.8803231127560139,0.6807419806718826,2
-0.9160911042243242,0.6807419806718826,-0.8803231127560139,0.7151292145252227,2
-0.9518590956926347,0.7151292145252229,-0.9160911042243242,0.7495164483785628,2
-0.9518590956926347,0.749516448378563,-0.9160911042243242,0.7839036822319033,2
-0.9160911042243242,0.7151292145252229,-0.8803231127560139,0.7495164483785628,2
-0.9160911042243242,0.749516448378563,-0.8803231127560139,0.7839036822319033,2
-0.8803231127560139,0.6463547468185427,-0.8445551212877035,0.6807419806718826,2
-0.8803231127560139,0.6807419806718826,-0.8445551212877035,0.7151292145252227,2
-0.8445551212877033,0.6463547468185427,-0.8087871298193932,0.6807419806718826,2
-0.8445551212877033,0.6807419806718826,-0.8087871298193932,0.7151292145252227,2
-0.8803231127560139,0.7151292145252229,-0.8445551212877035,0.7495164483785628,2
-0.8803231127560139,0.749516448378563,-0.8445551212877035,0.7839036822319033,2
-0.8445551212877033,0.7151292145252229,-0.8087871298193932,0.7495164483785628,2
-0.8445551212877033,0.749516448378563,-0.8087871298193932,0.7839036822319033,2
-0.9518590956926347,0.7839036822319031,-0.9160911042243242,0.8182909160852434,2
-0.9518590956926347,0.8182909160852434,-0.9160911042243242,0.8526781499385834,2
-0.9160911042243242,0.7839036822319031,-0.8803231127560139,0.8182909160852434,2
-0.9160911042243242,0.8182909160852434,-0.8803231127560139,0.8526781499385834,2
-0.9518590956926347,0.8526781499385834,-0.9160911042243242,0.8870653837919235,2
-0.9518590956926347,0.8870653837919237,-0.9160911042243242,0.9214526176452635,2
-0.9160911042243242,0.8526781499385834,-0.8803231127560139,0.8870653837919235,2
-0.9160911042243242,0.8870653837919237,-0.8803231127560139,0.9214526176452635,2
-0.8803231127560139,0.7839036822319031,-0.8445551212877035,0.8182909160852434,2
-0.8803231127560139,0.8182909160852434,-0.8445551212877035,0.8526781499385834,2
-0.8445551212877033,0.7839036822319031,-0.8087871298193932,0.8182909160852434,2
-0.8445551212877033,0.8182909160852434,-0.8087871298193932,0.8526781499385834,2
-0.8803231127560139,0.8526781499385834,-0.8445551212877035,0.8870653837919235,2
-0.8803231127560139,0.8870653837919237,-0.8445551212877035,0.9214526176452635,2
-0.8445551212877033,0.8526781499385834,-0.8087871298193932,0.8870653837919235,2
-0.8445551212877033,0.8870653837919237,-0.8087871298193932,0.9214526176452635,2
-0.8087871298193932,0.6463547468185427,-0.7730191383510827,0.6807419806718826,2
-0.8087871298193932,0.6807419806718826,-0.7730191383510827,0.7151292145252227,2
-0.7730191383510829,0.6463547468185427,-0.7372511468827724,0.6807419806718826,2
-0.7730191383510829,0.6807419806718826,-0.7372511468827724,0.7151292145252227,2
-0.8087871298193932,0.7151292145252229,-0.7730191383510827,0.7495164483785628,2
-0.8087871298193932,0.749516448378563,-0.7730191383510827,0.7839036822319033,2
-0.7730191383510829,0.7151292145252229,-0.7372511468827724,0.7495164483785628,2
-0.7730191383510829,0.749516448378563,-0.7372511468827724,0.7839036822319033,2
-0.7372511468827724,0.6463547468185427,-0.7014831554144622,0.6807419806718826,2
-0.7372511468827724,0.6807419806718826,-0.7014831554144622,0.7151292145252227,2
-0.7014831554144622,0.6463547468185427,-0.6657151639461518,0.6807419806718826,2
-0.7014831554144622,0.6807419806718826,-0.6657151639461518,0.7151292145252227,2
-0.7372511468827724,0.7151292145252229,-0.7014831554144622,0.7495164483785628,2
-0.7372511468827724,0.749516448378563,-0.7014831554144622,0.7839036822319033,2
-0.7014831554144622,0.7151292145252229,-0.6657151639461518,0.7495164483785628,2
-0.7014831554144622,0.749516448378563,-0.6657151639461518,0.7839036822319033,2
-0.8087871298193932,0.7839036822319031,-0.7730191383510827,0.8182909160852434,2
-0.8087871298193932,0.8182909160852434,-0.7730191383510827,0.8526781499385834,2
-0.7730191383510829,0.7839036822319031,-0.7372511468827724,0.8182909160852434,2
-0.7730191383510829,0.8182909160852434,-0.7372511468827724,0.8526781499385834,2
-0.8087871298193932,0.8526781499385834,-0.7730191383510827,0.8870653837919235,2
-0.8087871298193932,0.8870653837919237,-0.7730191383510827,0.9214526176452635,2
-0.7730191383510829,0.8526781499385834,-0.7372511468827724,0.8870653837919235,2
-0.7730191383510829,0.8870653837919237,-0.7372511468827724,0.9214526176452635,2
-0.7372511468827724,0.7839036822319031,-0.7014831554144622,0.8182909160852434,2
-0.7372511468827724,0.8182909160852434,-0.7014831554144622,0.8526781499385834,2
-0.7014831554144622,0.7839036822319031,-0.6657151639461518,0.8182909160852434,2
-0.7014831554144622,0.8182909160852434,-0.6657151639461518,0.8526781499385834,2
-0.7372511468827724,0.8526781499385834,-0.7014831554144622,0.8870653837919235,2
-0.7372511468827724,0.8870653837919237,-0.7014831554144622,0.9214526176452635,2
-0.7014831554144622,0.8526781499385834,-0.6657151639461518,0.8870653837919235,2
-0.7014831554144622,0.8870653837919237,-0.6657151639461518,0.9214526176452635,2
-0.6657151639461516,0.26809517443180103,-0.6299471724778414,0.3024824082851411,2
-0.6299471724778414,0.26809517443180103,-0.5941791810095309,0.3024824082851411,2
-0.6657151639461516,0.3024824082851411,-0.6299471724778414,0.33686964213848114,2
-0.6657151639461516,0.33686964213848114,-0.6299471724778414,0.3712568759918212,2
-0.6299471724778414,0.3024824082851411,-0.5941791810095309,0.33686964213848114,2
-0.6299471724778414,0.33686964213848114,-0.5941791810095309,0.3712568759918212,2
-0.5941791810095312,0.23370794057846053,-0.5584111895412206,0.26809517443180103,2
-0.5941791810095312,0.26809517443180103,-0.5584111895412206,0.3024824082851411,2
-0.5584111895412206,0.23370794057846053,-0.5226431980729104,0.26809517443180103,2
-0.5584111895412206,0.26809517443180103,-0.5226431980729104,0.3024824082851411,2
-0.5941791810095312,0.3024824082851411,-0.5584111895412206,0.33686964213848114,2
-0.5941791810095312,0.33686964213848114,-0.5584111895412206,0.3712568759918212,2
-0.5584111895412206,0.3024824082851411,-0.5226431980729104,0.33686964213848114,2
-0.5584111895412206,0.33686964213848114,-0.5226431980729104,0.3712568759918212,2
-0.5226431980729104,0.26809517443180103,-0.48687520660459976,0.3024824082851411,2
-0.48687520660459976,0.23370794057846053,-0.4511072151362896,0.26809517443180103,2
-0.48687520660459976,0.26809517443180103,-0.4511072151362896,0.3024824082851411,2
-0.5226431980729104,0.3024824082851411,-0.48687520660459976,0.33686964213848114,2
-0.5226431980729104,0.33686964213848114,-0.48687520660459976,0.3712568759918212,2
-0.48687520660459976,0.3024824082851411,-0.4511072151362896,0.33686964213848114,2
-0.48687520660459976,0.33686964213848114,-0.4511072151362896,0.3712568759918212,2
-0.4511072151362896,0.23370794057846053,-0.41533922366797943,0.26809517443180103,2
-0.4511072151362896,0.26809517443180103,-0.41533922366797943,0.3024824082851411,2
-0.41533922366797943,0.23370794057846053,-0.3795712321996688,0.26809517443180103,2
-0.41533922366797943,0.26809517443180103,-0.3795712321996688,0.3024824082851411,2
-0.4511072151362896,0.3024824082851411,-0.41533922366797943,0.33686964213848114,2
-0.4511072151362896,0.33686964213848114,-0.41533922366797943,0.3712568759918212,2
-0.41533922366797943,0.3024824082851411,-0.3795712321996688,0.33686964213848114,2
-0.41533922366797943,0.33686964213848114,-0.3795712321996688,0.3712568759918212,2
-0.308035249263048,-0.1789388656616211,-0.2722672577947378,-0.14455163180828104,2
-0.308035249263048,-0.14455163180828104,-0.2722672577947378,-0.11016439795494097,2
-0.2722672577947378,-0.1789388656616211,-0.23649926632642765,-0.14455163180828104,2
-0.2722672577947378,-0.14455163180828104,-0.23649926632642765,-0.11016439795494097,2
-0.308035249263048,-0.11016439795494097,-0.2722672577947378,-0.07577716410160046,2
-0.308035249263048,-0.07577716410160046,-0.2722672577947378,-0.041389930248260404,2
-0.2722672577947378,-0.11016439795494097,-0.23649926632642765,-0.07577716410160046,2
-0.2722672577947378,-0.07577716410160046,-0.23649926632642765,-0.041389930248260404,2
-0.308035249263048,-0.041389930248260404,-0.2722672577947378,-0.007002696394920342,2
-0.308035249263048,-0.007002696394920342,-0.2722672577947378,0.02738453745841972,2
-0.2722672577947378,-0.041389930248260404,-0.23649926632642765,-0.007002696394920342,2
-0.2722672577947378,-0.007002696394920342,-0.23649926632642765,0.02738453745841972,2
-0.308035249263048,0.02738453745841972,-0.2722672577947378,0.06177177131175978,2
-0.308035249263048,0.06177177131175978,-0.2722672577947378,0.09615900516510029,2
-0.2722672577947378,0.02738453745841972,-0.23649926632642765,0.06177177131175978,2
-0.2722672577947378,0.06177177131175978,-0.23649926632642765,0.09615900516510029,2
-0.23649926632642765,-0.1789388656616211,-0.200731274858117,-0.14455163180828104,2
-0.23649926632642765,-0.14455163180828104,-0.200731274858117,-0.11016439795494097,2
-0.200731274858117,-0.1789388656616211,-0.16496328338980684,-0.14455163180828104,2
-0.200731274858117,-0.14455163180828104,-0.16496328338980684,-0.11016439795494097,2
-0.23649926632642765,-0.11016439795494097,-0.200731274858117,-0.07577716410160046,2
-0.23649926632642765,-0.07577716410160046,-0.200731274858117,-0.041389930248260404,2
-0.200731274858117,-0.11016439795494097,-0.16496328338980684,-0.07577716410160046,2
-0.200731274858117,-0.07577716410160046,-0.16496328338980684,-0.041389930248260404,2
-0.16496328338980684,-0.1789388656616211,-0.1291952919214962,-0.14455163180828104,2
-0.16496328338980684,-0.14455163180828104,-0.1291952919214962,-0.11016439795494097,2
-0.1291952919214962,-0.1789388656616211,-0.09342730045318604,-0.14455163180828104,2
-0.1291952919214962,-0.14455163180828104,-0.09342730045318604,-0.11016439795494097,2
-0.16496328338980684,-0.11016439795494097,-0.1291952919214962,-0.07577716410160046,2
-0.16496328338980684,-0.07577716410160046,-0.1291952919214962,-0.041389930248260404,2
-0.1291952919214962,-0.11016439795494097,-0.09342730045318604,-0.07577716410160046,2
-0.1291952919214962,-0.07577716410160046,-0.09342730045318604,-0.041389930248260404,2
-0.23649926632642765,-0.041389930248260404,-0.200731274858117,-0.007002696394920342,2
-0.23649926632642765,-0.007002696394920342,-0.200731274858117,0.02738453745841972,2
-0.200731274858117,-0.041389930248260404,-0.16496328338980684,-0.007002696394920342,2
-0.200731274858117,-0.007002696394920342,-0.16496328338980684,0.02738453745841972,2
-0.23649926632642765,0.02738453745841972,-0.200731274858117,0.06177177131175978,2
-0.23649926632642765,0.06177177131175978,-0.200731274858117,0.09615900516510029,2
-0.200731274858117,0.02738453745841972,-0.16496328338980684,0.06177177131175978,2
-0.200731274858117,0.06177177131175978,-0.16496328338980684,0.09615900516510029,2
-0.16496328338980684,-0.041389930248260404,-0.1291952919214962,-0.007002696394920342,2
-0.16496328338980684,-0.007002696394920342,-0.1291952919214962,0.02738453745841972,2
-0.1291952919214962,-0.041389930248260404,-0.09342730045318604,-0.007002696394920342,2
-0.1291952919214962,-0.007002696394920342,-0.09342730045318604,0.02738453745841972,2
-0.16496328338980684,0.02738453745841972,-0.1291952919214962,0.06177177131175978,2
-0.16496328338980684,0.06177177131175978,-0.1291952919214962,0.09615900516510029,2
-0.1291952919214962,0.02738453745841972,-0.09342730045318604,0.06177177131175978,2
-0.1291952919214962,0.06177177131175978,-0.09342730045318604,0.09615900516510029,2
-0.308035249263048,0.09615900516510029,-0.2722672577947378,0.13054623901844034,2
-0.308035249263048,0.13054623901844034,-0.2722672577947378,0.1649334728717804,2
-0.2722672577947378,0.09615900516510029,-0.23649926632642765,0.13054623901844034,2
-0.2722672577947378,0.13054623901844034,-0.23649926632642765,0.1649334728717804,2
-0.308035249263048,0.1649334728717804,-0.2722672577947378,0.19932070672512048,2
-0.308035249263048,0.19932070672512048,-0.2722672577947378,0.23370794057846053,2
-0.2722672577947378,0.1649334728717804,-0.23649926632642765,0.19932070672512048,2
-0.2722672577947378,0.19932070672512048,-0.23649926632642765,0.23370794057846053,2
-0.3795712321996688,0.26809517443180103,-0.3438032407313586,0.3024824082851411,2
-0.3438032407313586,0.26809517443180103,-0.308035249263048,0.3024824082851411,2
-0.3795712321996688,0.3024824082851411,-0.3438032407313586,0.33686964213848114,2
-0.3795712321996688,0.33686964213848114,-0.3438032407313586,0.3712568759918212,2
-0.3438032407313586,0.3024824082851411,-0.308035249263048,0.33686964213848114,2
-0.3438032407313586,0.33686964213848114,-0.308035249263048,0.3712568759918212,2
-0.308035249263048,0.23370794057846053,-0.2722672577947378,0.26809517443180103,2
-0.308035249263048,0.26809517443180103,-0.2722672577947378,0.3024824082851411,2
-0.2722672577947378,0.23370794057846053,-0.23649926632642765,0.26809517443180103,2
-0.2722672577947378,0.26809517443180103,-0.23649926632642765,0.3024824082851411,2
-0.308035249263048,0.3024824082851411,-0.2722672577947378,0.33686964213848114,2
-0.308035249263048,0.33686964213848114,-0.2722672577947378,0.3712568759918212,2
-0.2722672577947378,0.3024824082851411,-0.23649926632642765,0.33686964213848114,2
-0.2722672577947378,0.33686964213848114,-0.23649926632642765,0.3712568759918212,2
-0.23649926632642765,0.09615900516510029,-0.200731274858117,0.13054623901844034,2
-0.23649926632642765,0.13054623901844034,-0.200731274858117,0.1649334728717804,2
-0.200731274858117,0.09615900516510029,-0.16496328338980684,0.13054623901844034,2
-0.200731274858117,0.13054623901844034,-0.16496328338980684,0.1649334728717804,2
-0.23649926632642765,0.1649334728717804,-0.200731274858117,0.19932070672512048,2
-0.23649926632642765,0.19932070672512048,-0.200731274858117,0.23370794057846053,2
-0.200731274858117,0.1649334728717804,-0.16496328338980684,0.19932070672512048,2
-0.200731274858117,0.19932070672512048,-0.16496328338980684,0.23370794057846053,2
-0.16496328338980684,0.09615900516510029,-0.1291952919214962,0.13054623901844034,2
-0.16496328338980684,0.13054623901844034,-0.1291952919214962,0.1649334728717804,2
-0.1291952919214962,0.09615900516510029,-0.09342730045318604,0.13054623901844034,2
-0.1291952919214962,0.13054623901844034,-0.09342730045318604,0.1649334728717804,2
-0.16496328338980684,0.1649334728717804,-0.1291952919214962,0.19932070672512048,2
-0.16496328338980684,0.19932070672512048,-0.1291952919214962,0.23370794057846053,2
-0.1291952919214962,0.1649334728717804,-0.09342730045318604,0.19932070672512048,2
-0.1291952919214962,0.19932070672512048,-0.09342730045318604,0.23370794057846053,2
-0.23649926632642765,0.23370794057846053,-0.200731274858117,0.26809517443180103,2
-0.23649926632642765,0.26809517443180103,-0.200731274858117,0.3024824082851411,2
-0.200731274858117,0.23370794057846053,-0.16496328338980684,0.26809517443180103,2
-0.200731274858117,0.26809517443180103,-0.16496328338980684,0.3024824082851411,2
-0.23649926632642765,0.3024824082851411,-0.200731274858117,0.33686964213848114,2
-0.23649926632642765,0.33686964213848114,-0.200731274858117,0.3712568759918212,2
-0.200731274858117,0.3024824082851411,-0.16496328338980684,0.33686964213848114,2
-0.200731274858117,0.33686964213848114,-0.16496328338980684,0.3712568759918212,2
-0.16496328338980684,0.23370794057846053,-0.1291952919214962,0.26809517443180103,2
-0.16496328338980684,0.26809517443180103,-0.1291952919214962,0.3024824082851411,2
-0.1291952919214962,0.23370794057846053,-0.09342730045318604,0.26809517443180103,2
-0.1291952919214962,0.26809517443180103,-0.09342730045318604,0.3024824082851411,2
-0.16496328338980684,0.3024824082851411,-0.1291952919214962,0.33686964213848114,2
-0.16496328338980684,0.33686964213848114,-0.1291952919214962,0.3712568759918212,2
-0.1291952919214962,0.3024824082851411,-0.09342730045318604,0.33686964213848114,2
-0.1291952919214962,0.33686964213848114,-0.09342730045318604,0.3712568759918212,2
-0.6657151639461516,0.3712568759918212,-0.6299471724778414,0.4056441098451613,2
-0.6657151639461516,0.4056441098451615,-0.6299471724778414,0.4400313436985018,2
-0.6299471724778414,0.3712568759918212,-0.5941791810095309,0.4056441098451613,2
-0.6299471724778414,0.4056441098451615,-0.5941791810095309,0.4400313436985018,2
-0.6657151639461516,0.44003134369850155,-0.6299471724778414,0.47441857755184186,2
-0.6657151639461516,0.47441857755184186,-0.6299471724778414,0.5088058114051819,2
-0.6299471724778414,0.44003134369850155,-0.5941791810095309,0.47441857755184186,2
-0.6299471724778414,0.47441857755184186,-0.5941791810095309,0.5088058114051819,2
-0.5941791810095312,0.3712568759918212,-0.5584111895412206,0.4056441098451613,2
-0.5941791810095312,0.4056441098451615,-0.5584111895412206,0.4400313436985018,2
-0.5584111895412206,0.3712568759918212,-0.5226431980729104,0.4056441098451613,2
-0.5584111895412206,0.4056441098451615,-0.5226431980729104,0.4400313436985018,2
-0.5941791810095312,0.44003134369850155,-0.5584111895412206,0.47441857755184186,2
-0.5941791810095312,0.47441857755184186,-0.5584111895412206,0.5088058114051819,2
-0.5584111895412206,0.44003134369850155,-0.5226431980729104,0.47441857755184186,2
-0.5584111895412206,0.47441857755184186,-0.5226431980729104,0.5088058114051819,2
-0.6657151639461516,0.5088058114051819,-0.6299471724778414,0.543193045258522,2
-0.6657151639461516,0.5431930452585222,-0.6299471724778414,0.577580279111862,2
-0.6299471724778414,0.5088058114051819,-0.5941791810095309,0.543193045258522,2
-0.6299471724778414,0.5431930452585222,-0.5941791810095309,0.577580279111862,2
-0.6657151639461516,0.5775802791118623,-0.6299471724778414,0.6119675129652026,2
-0.6657151639461516,0.6119675129652024,-0.6299471724778414,0.6463547468185427,2
-0.6299471724778414,0.5775802791118623,-0.5941791810095309,0.6119675129652026,2
-0.6299471724778414,0.6119675129652024,-0.5941791810095309,0.6463547468185427,2
-0.5941791810095312,0.5088058114051819,-0.5584111895412206,0.543193045258522,2
-0.5941791810095312,0.5431930452585222,-0.5584111895412206,0.577580279111862,2
-0.5584111895412206,0.5088058114051819,-0.5226431980729104,0.543193045258522,2
-0.5584111895412206,0.5431930452585222,-0.5226431980729104,0.577580279111862,2
-0.5941791810095312,0.5775802791118623,-0.5584111895412206,0.6119675129652026,2
-0.5941791810095312,0.6119675129652024,-0.5584111895412206,0.6463547468185427,2
-0.5584111895412206,0.5775802791118623,-0.5226431980729104,0.6119675129652026,2
-0.5584111895412206,0.6119675129652024,-0.5226431980729104,0.6463547468185427,2
-0.5226431980729104,0.3712568759918212,-0.48687520660459976,0.4056441098451613,2
-0.5226431980729104,0.4056441098451615,-0.48687520660459976,0.4400313436985018,2
-0.48687520660459976,0.3712568759918212,-0.4511072151362896,0.4056441098451613,2
-0.48687520660459976,0.4056441098451615,-0.4511072151362896,0.4400313436985018,2
-0.5226431980729104,0.44003134369850155,-0.48687520660459976,0.47441857755184186,2
-0.5226431980729104,0.47441857755184186,-0.48687520660459976,0.5088058114051819,2
-0.48687520660459976,0.44003134369850155,-0.4511072151362896,0.47441857755184186,2
-0.48687520660459976,0.47441857755184186,-0.4511072151362896,0.5088058114051819,2
-0.4511072151362896,0.3712568759918212,-0.41533922366797943,0.4056441098451613,2
-0.4511072151362896,0.4056441098451615,-0.41533922366797943,0.4400313436985018,2
-0.41533922366797943,0.3712568759918212,-0.3795712321996688,0.4056441098451613,2
-0.41533922366797943,0.4056441098451615,-0.3795712321996688,0.4400313436985018,2
-0.4511072151362896,0.44003134369850155,-0.41533922366797943,0.47441857755184186,2
-0.4511072151362896,0.47441857755184186,-0.41533922366797943,0.5088058114051819,2
-0.41533922366797943,0.44003134369850155,-0.3795712321996688,0.47441857755184186,2
-0.41533922366797943,0.47441857755184186,-0.3795712321996688,0.5088058114051819,2
-0.5226431980729104,0.5088058114051819,-0.48687520660459976,0.543193045258522,2
-0.5226431980729104,0.5431930452585222,-0.48687520660459976,0.577580279111862,2
-0.48687520660459976,0.5088058114051819,-0.4511072151362896,0.543193045258522,2
-0.48687520660459976,0.5431930452585222,-0.4511072151362896,0.577580279111862,2
-0.5226431980729104,0.5775802791118623,-0.48687520660459976,0.6119675129652026,2
-0.5226431980729104,0.6119675129652024,-0.48687520660459976,0.6463547468185427,2
-0.48687520660459976,0.5775802791118623,-0.4511072151362896,0.6119675129652026,2
-0.48687520660459976,0.6119675129652024,-0.4511072151362896,0.6463547468185427,2
-0.4511072151362896,0.5088058114051819,-0.41533922366797943,0.543193045258522,2
-0.4511072151362896,0.5431930452585222,-0.41533922366797943,0.577580279111862,2
-0.41533922366797943,0.5088058114051819,-0.3795712321996688,0.543193045258522,2
-0.41533922366797943,0.5431930452585222,-0.3795712321996688,0.577580279111862,2
-0.4511072151362896,0.5775802791118623,-0.41533922366797943,0.6119675129652026,2
-0.4511072151362896,0.6119675129652024,-0.41533922366797943,0.6463547468185427,2
-0.41533922366797943,0.5775802791118623,-0.3795712321996688,0.6119675129652026,2
-0.41533922366797943,0.6119675129652024,-0.3795712321996688,0.6463547468185427,2
-0.6657151639461516,0.6463547468185427,-0.6299471724778414,0.6807419806718826,2
-0.6657151639461516,0.6807419806718826,-0.6299471724778414,0.7151292145252227,2
-0.6299471724778414,0.6463547468185427,-0.5941791810095309,0.6807419806718826,2
-0.6299471724778414,0.6807419806718826,-0.5941791810095309,0.7151292145252227,2
-0.6657151639461516,0.7151292145252229,-0.6299471724778414,0.7495164483785628,2
-0.6657151639461516,0.749516448378563,-0.6299471724778414,0.7839036822319033,2
-0.6299471724778414,0.7151292145252229,-0.5941791810095309,0.7495164483785628,2
-0.6299471724778414,0.749516448378563,-0.5941791810095309,0.7839036822319033,2
-0.5941791810095312,0.6463547468185427,-0.5584111895412206,0.6807419806718826,2
-0.5941791810095312,0.6807419806718826,-0.5584111895412206,0.7151292145252227,2
-0.5584111895412206,0.6463547468185427,-0.5226431980729104,0.6807419806718826,2
-0.5584111895412206,0.6807419806718826,-0.5226431980729104,0.7151292145252227,2
-0.5941791810095312,0.7151292145252229,-0.5584111895412206,0.7495164483785628,2
-0.5941791810095312,0.749516448378563,-0.5584111895412206,0.7839036822319033,2
-0.5584111895412206,0.7151292145252229,-0.5226431980729104,0.7495164483785628,2
-0.5584111895412206,0.749516448378563,-0.5226431980729104,0.7839036822319033,2
-0.6657151639461516,0.7839036822319031,-0.6299471724778414,0.8182909160852434,2
-0.6657151639461516,0.8182909160852434,-0.6299471724778414,0.8526781499385834,2
-0.6299471724778414,0.7839036822319031,-0.5941791810095309,0.8182909160852434,2
-0.6299471724778414,0.8182909160852434,-0.5941791810095309,0.8526781499385834,2
-0.6657151639461516,0.8526781499385834,-0.6299471724778414,0.8870653837919235,2
-0.6657151639461516,0.8870653837919237,-0.6299471724778414,0.9214526176452635,2
-0.6299471724778414,0.8526781499385834,-0.5941791810095309,0.8870653837919235,2
-0.6299471724778414,0.8870653837919237,-0.5941791810095309,0.9214526176452635,2
-0.5941791810095312,0.7839036822319031,-0.5584111895412206,0.8182909160852434,2
-0.5941791810095312,0.8182909160852434,-0.5584111895412206,0.8526781499385834,2
-0.5584111895412206,0.7839036822319031,-0.5226431980729104,0.8182909160852434,2
-0.5584111895412206,0.8182909160852434,-0.5226431980729104,0.8526781499385834,2
-0.5941791810095312,0.8526781499385834,-0.5584111895412206,0.8870653837919235,2
-0.5941791810095312,0.8870653837919237,-0.5584111895412206,0.9214526176452635,2
-0.5584111895412206,0.8526781499385834,-0.5226431980729104,0.8870653837919235,2
-0.5584111895412206,0.8870653837919237,-0.5226431980729104,0.9214526176452635,2
-0.5226431980729104,0.6463547468185427,-0.48687520660459976,0.6807419806718826,2
-0.5226431980729104,0.6807419806718826,-0.48687520660459976,0.7151292145252227,2
-0.48687520660459976,0.6463547468185427,-0.4511072151362896,0.6807419806718826,2
-0.48687520660459976,0.6807419806718826,-0.4511072151362896,0.7151292145252227,2
-0.5226431980729104,0.7151292145252229,-0.48687520660459976,0.7495164483785628,2
-0.5226431980729104,0.749516448378563,-0.48687520660459976,0.7839036822319033,2
-0.48687520660459976,0.7151292145252229,-0.4511072151362896,0.7495164483785628,2
-0.48687520660459976,0.749516448378563,-0.4511072151362896,0.7839036822319033,2
-0.4511072151362896,0.6463547468185427,-0.41533922366797943,0.6807419806718826,2
-0.4511072151362896,0.6807419806718826,-0.41533922366797943,0.7151292145252227,2
-0.41533922366797943,0.6463547468185427,-0.3795712321996688,0.6807419806718826,2
-0.41533922366797943,0.6807419806718826,-0.3795712321996688,0.7151292145252227,2
-0.4511072151362896,0.7151292145252229,-0.41533922366797943,0.7495164483785628,2
-0.4511072151362896,0.749516448378563,-0.41533922366797943,0.7839036822319033,2
-0.41533922366797943,0.7151292145252229,-0.3795712321996688,0.7495164483785628,2
-0.41533922366797943,0.749516448378563,-0.3795712321996688,0.7839036822319033,2
-0.5226431980729104,0.7839036822319031,-0.48687520660459976,0.8182909160852434,2
-0.5226431980729104,0.8182909160852434,-0.48687520660459976,0.8526781499385834,2
-0.48687520660459976,0.7839036822319031,-0.4511072151362896,0.8182909160852434,2
-0.48687520660459976,0.8182909160852434,-0.4511072151362896,0.8526781499385834,2
-0.5226431980729104,0.8526781499385834,-0.48687520660459976,0.8870653837919235,2
-0.5226431980729104,0.8870653837919237,-0.48687520660459976,0.9214526176452635,2
-0.48687520660459976,0.8526781499385834,-0.4511072151362896,0.8870653837919235,2
-0.48687520660459976,0.8870653837919237,-0.4511072151362896,0.9214526176452635,2
-0.4511072151362896,0.7839036822319031,-0.41533922366797943,0.8182909160852434,2
-0.4511072151362896,0.8182909160852434,-0.41533922366797943,0.8526781499385834,2
-0.41533922366797943,0.7839036822319031,-0.3795712321996688,0.8182909160852434,2
-0.41533922366797943,0.8182909160852434,-0.3795712321996688,0.8526781499385834,2
-0.4511072151362896,0.8526781499385834,-0.41533922366797943,0.8870653837919235,2
-0.4511072151362896,0.8870653837919237,-0.41533922366797943,0.9214526176452635,2
-0.41533922366797943,0.8526781499385834,-0.3795712321996688,0.8870653837919235,2
-0.41533922366797943,0.8870653837919237,-0.3795712321996688,0.9214526176452635,2
-0.3795712321996688,0.3712568759918212,-0.3438032407313586,0.4056441098451613,2
-0.3795712321996688,0.4056441098451615,-0.3438032407313586,0.4400313436985018,2
-0.3438032407313586,0.3712568759918212,-0.308035249263048,0.4056441098451613,2
-0.3438032407313586,0.4056441098451615,-0.308035249263048,0.4400313436985018,2
-0.3795712321996688,0.44003134369850155,-0.3438032407313586,0.47441857755184186,2
-0.3795712321996688,0.47441857755184186,-0.3438032407313586,0.5088058114051819,2
-0.3438032407313586,0.44003134369850155,-0.308035249263048,0.47441857755184186,2
-0.3438032407313586,0.47441857755184186,-0.308035249263048,0.5088058114051819,2
-0.308035249263048,0.3712568759918212,-0.2722672577947378,0.4056441098451613,2
-0.308035249263048,0.4056441098451615,-0.2722672577947378,0.4400313436985018,2
-0.2722672577947378,0.3712568759918212,-0.23649926632642765,0.4056441098451613,2
-0.2722672577947378,0.4056441098451615,-0.23649926632642765,0.4400313436985018,2
-0.308035249263048,0.44003134369850155,-0.2722672577947378,0.47441857755184186,2
-0.308035249263048,0.47441857755184186,-0.2722672577947378,0.5088058114051819,2
-0.2722672577947378,0.44003134369850155,-0.23649926632642765,0.47441857755184186,2
-0.2722672577947378,0.47441857755184186,-0.23649926632642765,0.5088058114051819,2
-0.3795712321996688,0.5088058114051819,-0.3438032407313586,0.543193045258522,2
-0.3795712321996688,0.5431930452585222,-0.3438032407313586,0.577580279111862,2
-0.3438032407313586,0.5088058114051819,-0.308035249263048,0.543193045258522,2
-0.3438032407313586,0.5431930452585222,-0.308035249263048,0.577580279111862,2
-0.3795712321996688,0.5775802791118623,-0.3438032407313586,0.6119675129652026,2
-0.3795712321996688,0.6119675129652024,-0.3438032407313586,0.6463547468185427,2
-0.3438032407313586,0.5775802791118623,-0.308035249263048,0.6119675129652026,2
-0.3438032407313586,0.6119675129652024,-0.308035249263048,0.6463547468185427,2
-0.308035249263048,0.5088058114051819,-0.2722672577947378,0.543193045258522,2
-0.308035249263048,0.5431930452585222,-0.2722672577947378,0.577580279111862,2
-0.2722672577947378,0.5088058114051819,-0.23649926632642765,0.543193045258522,2
-0.2722672577947378,0.5431930452585222,-0.23649926632642765,0.577580279111862,2
-0.308035249263048,0.5775802791118623,-0.2722672577947378,0.6119675129652026,2
-0.308035249263048,0.6119675129652024,-0.2722672577947378,0.6463547468185427,2
-0.2722672577947378,0.5775802791118623,-0.23649926632642765,0.6119675129652026,2
-0.2722672577947378,0.6119675129652024,-0.23649926632642765,0.6463547468185427,2
-0.23649926632642765,0.3712568759918212,-0.200731274858117,0.4056441098451613,2
-0.23649926632642765,0.4056441098451615,-0.200731274858117,0.4400313436985018,2
-0.200731274858117,0.3712568759918212,-0.16496328338980684,0.4056441098451613,2
-0.200731274858117,0.4056441098451615,-0.16496328338980684,0.4400313436985018,2
-0.23649926632642765,0.44003134369850155,-0.200731274858117,0.47441857755184186,2
-0.23649926632642765,0.47441857755184186,-0.200731274858117,0.5088058114051819,2
-0.200731274858117,0.44003134369850155,-0.16496328338980684,0.47441857755184186,2
-0.200731274858117,0.47441857755184186,-0.16496328338980684,0.5088058114051819,2
-0.16496328338980684,0.3712568759918212,-0.1291952919214962,0.4056441098451613,2
-0.16496328338980684,0.4056441098451615,-0.1291952919214962,0.4400313436985018,2
-0.1291952919214962,0.3712568759918212,-0.09342730045318604,0.4056441098451613,2
-0.1291952919214962,0.4056441098451615,-0.09342730045318604,0.4400313436985018,2
-0.16496328338980684,0.44003134369850155,-0.1291952919214962,0.47441857755184186,2
-0.16496328338980684,0.47441857755184186,-0.1291952919214962,0.5088058114051819,2
-0.1291952919214962,0.44003134369850155,-0.09342730045318604,0.47441857755184186,2
-0.1291952919214962,0.47441857755184186,-0.09342730045318604,0.5088058114051819,2
-0.23649926632642765,0.5088058114051819,-0.200731274858117,0.543193045258522,2
-0.23649926632642765,0.5431930452585222,-0.200731274858117,0.577580279111862,2
-0.200731274858117,0.5088058114051819,-0.16496328338980684,0.543193045258522,2
-0.200731274858117,0.5431930452585222,-0.16496328338980684,0.577580279111862,2
-0.23649926632642765,0.5775802791118623,-0.200731274858117,0.6119675129652026,2
-0.23649926632642765,0.6119675129652024,-0.200731274858117,0.6463547468185427,2
-0.200731274858117,0.5775802791118623,-0.16496328338980684,0.6119675129652026,2
-0.200731274858117,0.6119675129652024,-0.16496328338980684,0.6463547468185427,2
-0.16496328338980684,0.5088058114051819,-0.1291952919214962,0.543193045258522,2
-0.16496328338980684,0.5431930452585222,-0.1291952919214962,0.577580279111862,2
-0.1291952919214962,0.5088058114051819,-0.09342730045318604,0.543193045258522,2
-0.1291952919214962,0.5431930452585222,-0.09342730045318604,0.577580279111862,2
-0.16496328338980684,0.5775802791118623,-0.1291952919214962,0.6119675129652026,2
-0.16496328338980684,0.6119675129652024,-0.1291952919214962,0.6463547468185427,2
-0.1291952919214962,0.5775802791118623,-0.09342730045318604,0.6119675129652026,2
-0.1291952919214962,0.6119675129652024,-0.09342730045318604,0.6463547468185427,2
-0.3795712321996688,0.6463547468185427,-0.3438032407313586,0.6807419806718826,2
-0.3795712321996688,0.6807419806718826,-0.3438032407313586,0.7151292145252227,2
-0.3438032407313586,0.6463547468185427,-0.308035249263048,0.6807419806718826,2
-0.3438032407313586,0.6807419806718826,-0.308035249263048,0.7151292145252227,2
-0.3795712321996688,0.7151292145252229,-0.3438032407313586,0.7495164483785628,2
-0.3795712321996688,0.749516448378563,-0.3438032407313586,0.7839036822319033,2
-0.3438032407313586,0.7151292145252229,-0.308035249263048,0.7495164483785628,2
-0.3438032407313586,0.749516448378563,-0.308035249263048,0.7839036822319033,2
-0.308035249263048,0.6463547468185427,-0.2722672577947378,0.6807419806718826,2
-0.308035249263048,0.6807419806718826,-0.2722672577947378,0.7151292145252227,2
-0.2722672577947378,0.6463547468185427,-0.23649926632642765,0.6807419806718826,2
-0.2722672577947378,0.6807419806718826,-0.23649926632642765,0.7151292145252227,2
-0.308035249263048,0.7151292145252229,-0.2722672577947378,0.7495164483785628,2
-0.308035249263048,0.749516448378563,-0.2722672577947378,0.7839036822319033,2
-0.2722672577947378,0.7151292145252229,-0.23649926632642765,0.7495164483785628,2
-0.2722672577947378,0.749516448378563,-0.23649926632642765,0.7839036822319033,2
-0.3795712321996688,0.7839036822319031,-0.3438032407313586,0.8182909160852434,2
-0.3795712321996688,0.8182909160852434,-0.3438032407313586,0.8526781499385834,2
-0.3438032407313586,0.7839036822319031,-0.308035249263048,0.8182909160852434,2
-0.3438032407313586,0.8182909160852434,-0.308035249263048,0.8526781499385834,2
-0.3795712321996688,0.8526781499385834,-0.3438032407313586,0.8870653837919235,2
-0.3795712321996688,0.8870653837919237,-0.3438032407313586,0.9214526176452635,2
-0.3438032407313586,0.8526781499385834,-0.308035249263048,0.8870653837919235,2
-0.3438032407313586,0.8870653837919237,-0.308035249263048,0.9214526176452635,2
-0.308035249263048,0.7839036822319031,-0.2722672577947378,0.8182909160852434,2
-0.308035249263048,0.8182909160852434,-0.2722672577947378,0.8526781499385834,2
-0.2722672577947378,0.7839036822319031,-0.23649926632642765,0.8182909160852434,2
-0.2722672577947378,0.8182909160852434,-0.23649926632642765,0.8526781499385834,2
-0.308035249263048,0.8526781499385834,-0.2722672577947378,0.8870653837919235,2
-0.308035249263048,0.8870653837919237,-0.2722672577947378,0.9214526176452635,2
-0.2722672577947378,0.8526781499385834,-0.23649926632642765,0.8870653837919235,2
-0.2722672577947378,0.8870653837919237,-0.23649926632642765,0.9214526176452635,2
-0.23649926632642765,0.6463547468185427,-0.200731274858117,0.6807419806718826,2
-0.23649926632642765,0.6807419806718826,-0.200731274858117,0.7151292145252227,2
-0.200731274858117,0.6463547468185427,-0.16496328338980684,0.6807419806718826,2
-0.200731274858117,0.6807419806718826,-0.16496328338980684,0.7151292145252227,2
-0.23649926632642765,0.7151292145252229,-0.200731274858117,0.7495164483785628,2
-0.23649926632642765,0.749516448378563,-0.200731274858117,0.7839036822319033,2
-0.200731274858117,0.7151292145252229,-0.16496328338980684,0.7495164483785628,2
-0.200731274858117,0.749516448378563,-0.16496328338980684,0.7839036822319033,2
-0.16496328338980684,0.6463547468185427,-0.1291952919214962,0.6807419806718826,2
-0.16496328338980684,0.6807419806718826,-0.1291952919214962,0.7151292145252227,2
-0.1291952919214962,0.6463547468185427,-0.09342730045318604,0.6807419806718826,2
-0.1291952919214962,0.6807419806718826,-0.09342730045318604,0.7151292145252227,2
-0.16496328338980684,0.7151292145252229,-0.1291952919214962,0.7495164483785628,2
-0.16496328338980684,0.749516448378563,-0.1291952919214962,0.7839036822319033,2
-0.1291952919214962,0.7151292145252229,-0.09342730045318604,0.7495164483785628,2
-0.1291952919214962,0.749516448378563,-0.09342730045318604,0.7839036822319033,2
-0.23649926632642765,0.7839036822319031,-0.200731274858117,0.8182909160852434,2
-0.23649926632642765,0.8182909160852434,-0.200731274858117,0.8526781499385834,2
-0.200731274858117,0.7839036822319031,-0.16496328338980684,0.8182909160852434,2
-0.200731274858117,0.8182909160852434,-0.16496328338980684,0.8526781499385834,2
-0.23649926632642765,0.8526781499385834,-0.200731274858117,0.8870653837919235,2
-0.23649926632642765,0.8870653837919237,-0.200731274858117,0.9214526176452635,2
-0.200731274858117,0.8526781499385834,-0.16496328338980684,0.8870653837919235,2
-0.200731274858117,0.8870653837919237,-0.16496328338980684,0.9214526176452635,2
-0.16496328338980684,0.7839036822319031,-0.1291952919214962,0.8182909160852434,2
-0.16496328338980684,0.8182909160852434,-0.1291952919214962,0.8526781499385834,2
-0.1291952919214962,0.7839036822319031,-0.09342730045318604,0.8182909160852434,2
-0.1291952919214962,0.8182909160852434,-0.09342730045318604,0.8526781499385834,2
-0.16496328338980684,0.8526781499385834,-0.1291952919214962,0.8870653837919235,2
-0.16496328338980684,0.8870653837919237,-0.1291952919214962,0.9214526176452635,2
-0.1291952919214962,0.8526781499385834,-0.09342730045318604,0.8870653837919235,2
-0.1291952919214962,0.8870653837919237,-0.09342730045318604,0.9214526176452635,2
-1.2380030274391176,0.9214526176452638,-1.2022350359708072,0.9558398514986041,2
-1.2380030274391176,0.9558398514986038,-1.2022350359708072,0.9902270853519441,2
-1.202235035970807,0.9214526176452638,-1.1664670445024967,0.9558398514986041,2
-1.202235035970807,0.9558398514986038,-1.1664670445024967,0.9902270853519441,2
-1.2380030274391176,0.9902270853519441,-1.2022350359708072,1.0246143192052841,2
-1.2380030274391176,1.0246143192052841,-1.2022350359708072,1.0590015530586243,2
-1.202235035970807,0.9902270853519441,-1.1664670445024967,1.0246143192052841,2
-1.202235035970807,1.0246143192052841,-1.1664670445024967,1.0590015530586243,2
-1.1664670445024967,0.9214526176452638,-1.1306990530341863,0.9558398514986041,2
-1.1664670445024967,0.9558398514986038,-1.1306990530341863,0.9902270853519441,2
-1.1306990530341865,0.9214526176452638,-1.0949310615658758,0.9558398514986041,2
-1.1306990530341865,0.9558398514986038,-1.0949310615658758,0.9902270853519441,2
-1.1664670445024967,0.9902270853519441,-1.1306990530341863,1.0246143192052841,2
-1.1664670445024967,1.0246143192052841,-1.1306990530341863,1.0590015530586243,2
-1.1306990530341865,0.9902270853519441,-1.0949310615658758,1.0246143192052841,2
-1.1306990530341865,1.0246143192052841,-1.0949310615658758,1.0590015530586243,2
-1.2380030274391176,1.0590015530586245,-1.2022350359708072,1.0933887869119647,2
-1.2380030274391176,1.0933887869119645,-1.2022350359708072,1.1277760207653047,2
-1.202235035970807,1.0590015530586245,-1.1664670445024967,1.0933887869119647,2
-1.202235035970807,1.0933887869119645,-1.1664670445024967,1.1277760207653047,2
-1.2380030274391176,1.1277760207653045,-1.2022350359708072,1.162163254618645,2
-1.2380030274391176,1.162163254618645,-1.2022350359708072,1.1965504884719849,2
-1.202235035970807,1.1277760207653045,-1.1664670445024967,1.162163254618645,2
-1.202235035970807,1.162163254618645,-1.1664670445024967,1.1965504884719849,2
-1.1664670445024967,1.0590015530586245,-1.1306990530341863,1.0933887869119647,2
-1.1664670445024967,1.0933887869119645,-1.1306990530341863,1.1277760207653047,2
-1.1306990530341865,1.0590015530586245,-1.0949310615658758,1.0933887869119647,2
-1.1306990530341865,1.0933887869119645,-1.0949310615658758,1.1277760207653047,2
-1.1664670445024967,1.1277760207653045,-1.1306990530341863,1.162163254618645,2
-1.1664670445024967,1.162163254618645,-1.1306990530341863,1.1965504884719849,2
-1.1306990530341865,1.1277760207653045,-1.0949310615658758,1.162163254618645,2
-1.1306990530341865,1.162163254618645,-1.0949310615658758,1.1965504884719849,2
-1.0949310615658758,0.9214526176452638,-1.0591630700975658,0.9558398514986041,2
-1.0949310615658758,0.9558398514986038,-1.0591630700975658,0.9902270853519441,2
-1.0591630700975658,0.9214526176452638,-1.0233950786292554,0.9558398514986041,2
-1.0591630700975658,0.9558398514986038,-1.0233950786292554,0.9902270853519441,2
-1.0949310615658758,0.9902270853519441,-1.0591630700975658,1.0246143192052841,2
-1.0949310615658758,1.0246143192052841,-1.0591630700975658,1.0590015530586243,2
-1.0591630700975658,0.9902270853519441,-1.0233950786292554,1.0246143192052841,2
-1.0591630700975658,1.0246143192052841,-1.0233950786292554,1.0590015530586243,2
-1.0233950786292552,0.9214526176452638,-0.9876270871609449,0.9558398514986041,2
-1.0233950786292552,0.9558398514986038,-0.9876270871609449,0.9902270853519441,2
-0.9876270871609449,0.9214526176452638,-0.9518590956926345,0.9558398514986041,2
-0.9876270871609449,0.9558398514986038,-0.9518590956926345,0.9902270853519441,2
-1.0233950786292552,0.9902270853519441,-0.9876270871609449,1.0246143192052841,2
-1.0233950786292552,1.0246143192052841,-0.9876270871609449,1.0590015530586243,2
-0.9876270871609449,0.9902270853519441,-0.9518590956926345,1.0246143192052841,2
-0.9876270871609449,1.0246143192052841,-0.9518590956926345,1.0590015530586243,2
-1.0949310615658758,1.0590015530586245,-1.0591630700975658,1.0933887869119647,2
-1.0949310615658758,1.0933887869119645,-1.0591630700975658,1.1277760207653047,2
-1.0591630700975658,1.0590015530586245,-1.0233950786292554,1.0933887869119647,2
-1.0591630700975658,1.0933887869119645,-1.0233950786292554,1.1277760207653047,2
-1.0949310615658758,1.1277760207653045,-1.0591630700975658,1.162163254618645,2
-1.0949310615658758,1.162163254618645,-1.0591630700975658,1.1965504884719849,2
-1.0591630700975658,1.1277760207653045,-1.0233950786292554,1.162163254618645,2
-1.0591630700975658,1.162163254618645,-1.0233950786292554,1.1965504884719849,2
-1.0233950786292552,1.0590015530586245,-0.9876270871609449,1.0933887869119647,2
-1.0233950786292552,1.0933887869119645,-0.9876270871609449,1.1277760207653047,2
-0.9876270871609449,1.0590015530586245,-0.9518590956926345,1.0933887869119647,2
-0.9876270871609449,1.0933887869119645,-0.9518590956926345,1.1277760207653047,2
-1.0233950786292552,1.1277760207653045,-0.9876270871609449,1.162163254618645,2
-1.0233950786292552,1.162163254618645,-0.9876270871609449,1.1965504884719849,2
-0.9876270871609449,1.1277760207653045,-0.9518590956926345,1.162163254618645,2
-0.9876270871609449,1.162163254618645,-0.9518590956926345,1.1965504884719849,2
-1.2380030274391176,1.1965504884719849,-1.2022350359708072,1.230937722325325,2
-1.2380030274391176,1.2309377223253253,-1.2022350359708072,1.2653249561786655,2
-1.202235035970807,1.1965504884719849,-1.1664670445024967,1.230937722325325,2
-1.202235035970807,1.2309377223253253,-1.1664670445024967,1.2653249561786655,2
-1.2380030274391176,1.2653249561786652,-1.2022350359708072,1.2997121900320054,2
-1.2380030274391176,1.2997121900320052,-1.2022350359708072,1.3340994238853456,2
-1.202235035970807,1.2653249561786652,-1.1664670445024967,1.2997121900320054,2
-1.202235035970807,1.2997121900320052,-1.1664670445024967,1.3340994238853456,2
-1.1664670445024967,1.1965504884719849,-1.1306990530341863,1.230937722325325,2
-1.1664670445024967,1.2309377223253253,-1.1306990530341863,1.2653249561786655,2
-1.1306990530341865,1.1965504884719849,-1.0949310615658758,1.230937722325325,2
-1.1306990530341865,1.2309377223253253,-1.0949310615658758,1.2653249561786655,2
-1.1664670445024967,1.2653249561786652,-1.1306990530341863,1.2997121900320054,2
-1.1664670445024967,1.2997121900320052,-1.1306990530341863,1.3340994238853456,2
-1.1306990530341865,1.2653249561786652,-1.0949310615658758,1.2997121900320054,2
-1.1306990530341865,1.2997121900320052,-1.0949310615658758,1.3340994238853456,2
-1.2380030274391176,1.3340994238853456,-1.2022350359708072,1.3684866577386856,2
-1.2380030274391176,1.3684866577386856,-1.2022350359708072,1.4028738915920258,2
-1.202235035970807,1.3340994238853456,-1.1664670445024967,1.3684866577386856,2
-1.202235035970807,1.3684866577386856,-1.1664670445024967,1.4028738915920258,2
-1.2380030274391176,1.402873891592026,-1.2022350359708072,1.4372611254453662,2
-1.2380030274391176,1.437261125445366,-1.2022350359708072,1.4716483592987064,2
-1.202235035970807,1.402873891592026,-1.1664670445024967,1.4372611254453662,2
-1.202235035970807,1.437261125445366,-1.1664670445024967,1.4716483592987064,2
-1.1664670445024967,1.3340994238853456,-1.1306990530341863,1.3684866577386856,2
-1.1664670445024967,1.3684866577386856,-1.1306990530341863,1.4028738915920258,2
-1.1306990530341865,1.3340994238853456,-1.0949310615658758,1.3684866577386856,2
-1.1306990530341865,1.3684866577386856,-1.0949310615658758,1.4028738915920258,2
-1.1664670445024967,1.402873891592026,-1.1306990530341863,1.4372611254453662,2
-1.1664670445024967,1.437261125445366,-1.1306990530341863,1.4716483592987064,2
-1.1306990530341865,1.402873891592026,-1.0949310615658758,1.4372611254453662,2
-1.1306990530341865,1.437261125445366,-1.0949310615658758,1.4716483592987064,2
-1.0949310615658758,1.1965504884719849,-1.0591630700975658,1.230937722325325,2
-1.0949310615658758,1.2309377223253253,-1.0591630700975658,1.2653249561786655,2
-1.0591630700975658,1.1965504884719849,-1.0233950786292554,1.230937722325325,2
-1.0591630700975658,1.2309377223253253,-1.0233950786292554,1.2653249561786655,2
-1.0949310615658758,1.2653249561786652,-1.0591630700975658,1.2997121900320054,2
-1.0949310615658758,1.2997121900320052,-1.0591630700975658,1.3340994238853456,2
-1.0591630700975658,1.2653249561786652,-1.0233950786292554,1.2997121900320054,2
-1.0591630700975658,1.2997121900320052,-1.0233950786292554,1.3340994238853456,2
-1.0233950786292552,1.1965504884719849,-0.9876270871609449,1.230937722325325,2
-1.0233950786292552,1.2309377223253253,-0.9876270871609449,1.2653249561786655,2
-0.9876270871609449,1.1965504884719849,-0.9518590956926345,1.230937722325325,2
-0.9876270871609449,1.2309377223253253,-0.9518590956926345,1.2653249561786655,2
-1.0233950786292552,1.2653249561786652,-0.9876270871609449,1.2997121900320054,2
-1.0233950786292552,1.2997121900320052,-0.9876270871609449,1.3340994238853456,2
-0.9876270871609449,1.2653249561786652,-0.9518590956926345,1.2997121900320054,2
-0.9876270871609449,1.2997121900320052,-0.9518590956926345,1.3340994238853456,2
-1.0949310615658758,1.3340994238853456,-1.0591630700975658,1.3684866577386856,2
-1.0949310615658758,1.3684866577386856,-1.0591630700975658,1.4028738915920258,2
-1.0591630700975658,1.3340994238853456,-1.0233950786292554,1.3684866577386856,2
-1.0591630700975658,1.3684866577386856,-1.0233950786292554,1.4028738915920258,2
-1.0949310615658758,1.402873891592026,-1.0591630700975658,1.4372611254453662,2
-1.0949310615658758,1.437261125445366,-1.0591630700975658,1.4716483592987064,2
-1.0591630700975658,1.402873891592026,-1.0233950786292554,1.4372611254453662,2
-1.0591630700975658,1.437261125445366,-1.0233950786292554,1.4716483592987064,2
-1.0233950786292552,1.3340994238853456,-0.9876270871609449,1.3684866577386856,2
-1.0233950786292552,1.3684866577386856,-0.9876270871609449,1.4028738915920258,2
-0.9876270871609449,1.3340994238853456,-0.9518590956926345,1.3684866577386856,2
-0.9876270871609449,1.3684866577386856,-0.9518590956926345,1.4028738915920258,2
-1.0233950786292552,1.402873891592026,-0.9876270871609449,1.4372611254453662,2
-1.0233950786292552,1.437261125445366,-0.9876270871609449,1.4716483592987064,2
-0.9876270871609449,1.402873891592026,-0.9518590956926345,1.4372611254453662,2
-0.9876270871609449,1.437261125445366,-0.9518590956926345,1.4716483592987064,2
-0.9518590956926347,0.9214526176452638,-0.9160911042243242,0.9558398514986041,2
-0.9518590956926347,0.9558398514986038,-0.9160911042243242,0.9902270853519441,2
-0.9160911042243242,0.9214526176452638,-0.8803231127560139,0.9558398514986041,2
-0.9160911042243242,0.9558398514986038,-0.8803231127560139,0.9902270853519441,2
-0.9518590956926347,0.9902270853519441,-0.9160911042243242,1.0246143192052841,2
-0.9518590956926347,1.0246143192052841,-0.9160911042243242,1.0590015530586243,2
-0.9160911042243242,0.9902270853519441,-0.8803231127560139,1.0246143192052841,2
-0.9160911042243242,1.0246143192052841,-0.8803231127560139,1.0590015530586243,2
-0.8803231127560139,0.9214526176452638,-0.8445551212877035,0.9558398514986041,2
-0.8803231127560139,0.9558398514986038,-0.8445551212877035,0.9902270853519441,2
-0.8445551212877033,0.9214526176452638,-0.8087871298193932,0.9558398514986041,2
-0.8445551212877033,0.9558398514986038,-0.8087871298193932,0.9902270853519441,2
-0.8803231127560139,0.9902270853519441,-0.8445551212877035,1.0246143192052841,2
-0.8803231127560139,1.0246143192052841,-0.8445551212877035,1.0590015530586243,2
-0.8445551212877033,0.9902270853519441,-0.8087871298193932,1.0246143192052841,2
-0.8445551212877033,1.0246143192052841,-0.8087871298193932,1.0590015530586243,2
-0.9518590956926347,1.0590015530586245,-0.9160911042243242,1.0933887869119647,2
-0.9518590956926347,1.0933887869119645,-0.9160911042243242,1.1277760207653047,2
-0.9160911042243242,1.0590015530586245,-0.8803231127560139,1.0933887869119647,2
-0.9160911042243242,1.0933887869119645,-0.8803231127560139,1.1277760207653047,2
-0.9518590956926347,1.1277760207653045,-0.9160911042243242,1.162163254618645,2
-0.9518590956926347,1.162163254618645,-0.9160911042243242,1.1965504884719849,2
-0.9160911042243242,1.1277760207653045,-0.8803231127560139,1.162163254618645,2
-0.9160911042243242,1.162163254618645,-0.8803231127560139,1.1965504884719849,2
-0.8803231127560139,1.0590015530586245,-0.8445551212877035,1.0933887869119647,2
-0.8803231127560139,1.0933887869119645,-0.8445551212877035,1.1277760207653047,2
-0.8445551212877033,1.0590015530586245,-0.8087871298193932,1.0933887869119647,2
-0.8445551212877033,1.0933887869119645,-0.8087871298193932,1.1277760207653047,2
-0.8803231127560139,1.1277760207653045,-0.8445551212877035,1.162163254618645,2
-0.8803231127560139,1.162163254618645,-0.8445551212877035,1.1965504884719849,2
-0.8445551212877033,1.1277760207653045,-0.8087871298193932,1.162163254618645,2
-0.8445551212877033,1.162163254618645,-0.8087871298193932,1.1965504884719849,2
-0.8087871298193932,0.9214526176452638,-0.7730191383510827,0.9558398514986041,2
-0.8087871298193932,0.9558398514986038,-0.7730191383510827,0.9902270853519441,2
-0.7730191383510829,0.9214526176452638,-0.7372511468827724,0.9558398514986041,2
-0.7730191383510829,0.9558398514986038,-0.7372511468827724,0.9902270853519441,2
-0.8087871298193932,0.9902270853519441,-0.7730191383510827,1.0246143192052841,2
-0.8087871298193932,1.0246143192052841,-0.7730191383510827,1.0590015530586243,2
-0.7730191383510829,0.9902270853519441,-0.7372511468827724,1.0246143192052841,2
-0.7730191383510829,1.0246143192052841,-0.7372511468827724,1.0590015530586243,2
-0.7372511468827724,0.9214526176452638,-0.7014831554144622,0.9558398514986041,2
-0.7372511468827724,0.9558398514986038,-0.7014831554144622,0.9902270853519441,2
-0.7014831554144622,0.9214526176452638,-0.6657151639461518,0.9558398514986041,2
-0.7014831554144622,0.9558398514986038,-0.6657151639461518,0.9902270853519441,2
-0.7372511468827724,0.9902270853519441,-0.7014831554144622,1.0246143192052841,2
-0.7372511468827724,1.0246143192052841,-0.7014831554144622,1.0590015530586243,2
-0.7014831554144622,0.9902270853519441,-0.6657151639461518,1.0246143192052841,2
-0.7014831554144622,1.0246143192052841,-0.6657151639461518,1.0590015530586243,2
-0.8087871298193932,1.0590015530586245,-0.7730191383510827,1.0933887869119647,2
-0.8087871298193932,1.0933887869119645,-0.7730191383510827,1.1277760207653047,2
-0.7730191383510829,1.0590015530586245,-0.7372511468827724,1.0933887869119647,2
-0.7730191383510829,1.0933887869119645,-0.7372511468827724,1.1277760207653047,2
-0.8087871298193932,1.1277760207653045,-0.7730191383510827,1.162163254618645,2
-0.8087871298193932,1.162163254618645,-0.7730191383510827,1.1965504884719849,2
-0.7730191383510829,1.1277760207653045,-0.7372511468827724,1.162163254618645,2
-0.7730191383510829,1.162163254618645,-0.7372511468827724,1.1965504884719849,2
-0.7372511468827724,1.0590015530586245,-0.7014831554144622,1.0933887869119647,2
-0.7372511468827724,1.0933887869119645,-0.7014831554144622,1.1277760207653047,2
-0.7014831554144622,1.0590015530586245,-0.6657151639461518,1.0933887869119647,2
-0.7014831554144622,1.0933887869119645,-0.6657151639461518,1.1277760207653047,2
-0.7372511468827724,1.1277760207653045,-0.7014831554144622,1.162163254618645,2
-0.7372511468827724,1.162163254618645,-0.7014831554144622,1.1965504884719849,2
-0.7014831554144622,1.1277760207653045,-0.6657151639461518,1.162163254618645,2
-0.7014831554144622,1.162163254618645,-0.6657151639461518,1.1965504884719849,2
-0.9518590956926347,1.1965504884719849,-0.9160911042243242,1.230937722325325,2
-0.9518590956926347,1.2309377223253253,-0.9160911042243242,1.2653249561786655,2
-0.9160911042243242,1.1965504884719849,-0.8803231127560139,1.230937722325325,2
-0.9160911042243242,1.2309377223253253,-0.8803231127560139,1.2653249561786655,2
-0.9518590956926347,1.2653249561786652,-0.9160911042243242,1.2997121900320054,2
-0.9518590956926347,1.2997121900320052,-0.9160911042243242,1.3340994238853456,2
-0.9160911042243242,1.2653249561786652,-0.8803231127560139,1.2997121900320054,2
-0.9160911042243242,1.2997121900320052,-0.8803231127560139,1.3340994238853456,2
-0.8803231127560139,1.1965504884719849,-0.8445551212877035,1.230937722325325,2
-0.8803231127560139,1.2309377223253253,-0.8445551212877035,1.2653249561786655,2
-0.8445551212877033,1.1965504884719849,-0.8087871298193932,1.230937722325325,2
-0.8445551212877033,1.2309377223253253,-0.8087871298193932,1.2653249561786655,2
-0.8803231127560139,1.2653249561786652,-0.8445551212877035,1.2997121900320054,2
-0.8803231127560139,1.2997121900320052,-0.8445551212877035,1.3340994238853456,2
-0.8445551212877033,1.2653249561786652,-0.8087871298193932,1.2997121900320054,2
-0.8445551212877033,1.2997121900320052,-0.8087871298193932,1.3340994238853456,2
-0.9518590956926347,1.3340994238853456,-0.9160911042243242,1.3684866577386856,2
-0.9518590956926347,1.3684866577386856,-0.9160911042243242,1.4028738915920258,2
-0.9160911042243242,1.3340994238853456,-0.8803231127560139,1.3684866577386856,2
-0.9160911042243242,1.3684866577386856,-0.8803231127560139,1.4028738915920258,2
-0.9518590956926347,1.402873891592026,-0.9160911042243242,1.4372611254453662,2
-0.9518590956926347,1.437261125445366,-0.9160911042243242,1.4716483592987064,2
-0.9160911042243242,1.402873891592026,-0.8803231127560139,1.4372611254453662,2
-0.9160911042243242,1.437261125445366,-0.8803231127560139,1.4716483592987064,2
-0.8803231127560139,1.3340994238853456,-0.8445551212877035,1.3684866577386856,2
-0.8803231127560139,1.3684866577386856,-0.8445551212877035,1.4028738915920258,2
-0.8445551212877033,1.3340994238853456,-0.8087871298193932,1.3684866577386856,2
-0.8445551212877033,1.3684866577386856,-0.8087871298193932,1.4028738915920258,2
-0.8803231127560139,1.402873891592026,-0.8445551212877035,1.4372611254453662,2
-0.8803231127560139,1.437261125445366,-0.8445551212877035,1.4716483592987064,2
-0.8445551212877033,1.402873891592026,-0.8087871298193932,1.4372611254453662,2
-0.8445551212877033,1.437261125445366,-0.8087871298193932,1.4716483592987064,2
-0.8087871298193932,1.1965504884719849,-0.7730191383510827,1.230937722325325,2
-0.8087871298193932,1.2309377223253253,-0.7730191383510827,1.2653249561786655,2
-0.7730191383510829,1.1965504884719849,-0.7372511468827724,1.230937722325325,2
-0.7730191383510829,1.2309377223253253,-0.7372511468827724,1.2653249561786655,2
-0.8087871298193932,1.2653249561786652,-0.7730191383510827,1.2997121900320054,2
-0.8087871298193932,1.2997121900320052,-0.7730191383510827,1.3340994238853456,2
-0.7730191383510829,1.2653249561786652,-0.7372511468827724,1.2997121900320054,2
-0.7730191383510829,1.2997121900320052,-0.7372511468827724,1.3340994238853456,2
-0.7372511468827724,1.1965504884719849,-0.7014831554144622,1.230937722325325,2
-0.7372511468827724,1.2309377223253253,-0.7014831554144622,1.2653249561786655,2
-0.7014831554144622,1.1965504884719849,-0.6657151639461518,1.230937722325325,2
-0.7014831554144622,1.2309377223253253,-0.6657151639461518,1.2653249561786655,2
-0.7372511468827724,1.2653249561786652,-0.7014831554144622,1.2997121900320054,2
-0.7372511468827724,1.2997121900320052,-0.7014831554144622,1.3340994238853456,2
-0.7014831554144622,1.2653249561786652,-0.6657151639461518,1.2997121900320054,2
-0.7014831554144622,1.2997121900320052,-0.6657151639461518,1.3340994238853456,2
-0.8087871298193932,1.3340994238853456,-0.7730191383510827,1.3684866577386856,2
-0.8087871298193932,1.3684866577386856,-0.7730191383510827,1.4028738915920258,2
-0.7730191383510829,1.3340994238853456,-0.7372511468827724,1.3684866577386856,2
-0.7730191383510829,1.3684866577386856,-0.7372511468827724,1.4028738915920258,2
-0.8087871298193932,1.402873891592026,-0.7730191383510827,1.4372611254453662,2
-0.8087871298193932,1.437261125445366,-0.7730191383510827,1.4716483592987064,2
-0.7730191383510829,1.402873891592026,-0.7372511468827724,1.4372611254453662,2
-0.7730191383510829,1.437261125445366,-0.7372511468827724,1.4716483592987064,2
-0.7372511468827724,1.3340994238853456,-0.7014831554144622,1.3684866577386856,2
-0.7372511468827724,1.3684866577386856,-0.7014831554144622,1.4028738915920258,2
-0.7014831554144622,1.3340994238853456,-0.6657151639461518,1.3684866577386856,2
-0.7014831554144622,1.3684866577386856,-0.6657151639461518,1.4028738915920258,2
-0.7372511468827724,1.402873891592026,-0.7014831554144622,1.4372611254453662,2
-0.7372511468827724,1.437261125445366,-0.7014831554144622,1.4716483592987064,2
-0.7014831554144622,1.402873891592026,-0.6657151639461518,1.4372611254453662,2
-0.7014831554144622,1.437261125445366,-0.6657151639461518,1.4716483592987064,2
-1.2380030274391176,1.4716483592987064,-1.2022350359708072,1.5060355931520464,2
-1.2380030274391176,1.5060355931520464,-1.2022350359708072,1.5404228270053864,2
-1.202235035970807,1.4716483592987064,-1.1664670445024967,1.5060355931520464,2
-1.202235035970807,1.5060355931520464,-1.1664670445024967,1.5404228270053864,2
-1.2380030274391176,1.5404228270053864,-1.2022350359708072,1.5748100608587265,2
-1.2380030274391176,1.5748100608587268,-1.2022350359708072,1.609197294712067,2
-1.202235035970807,1.5404228270053864,-1.1664670445024967,1.5748100608587265,2
-1.202235035970807,1.5748100608587268,-1.1664670445024967,1.609197294712067,2
-1.1664670445024967,1.4716483592987064,-1.1306990530341863,1.5060355931520464,2
-1.1664670445024967,1.5060355931520464,-1.1306990530341863,1.5404228270053864,2
-1.1306990530341865,1.4716483592987064,-1.0949310615658758,1.5060355931520464,2
-1.1306990530341865,1.5060355931520464,-1.0949310615658758,1.5404228270053864,2
-1.1664670445024967,1.5404228270053864,-1.1306990530341863,1.5748100608587265,2
-1.1664670445024967,1.5748100608587268,-1.1306990530341863,1.609197294712067,2
-1.1306990530341865,1.5404228270053864,-1.0949310615658758,1.5748100608587265,2
-1.1306990530341865,1.5748100608587268,-1.0949310615658758,1.609197294712067,2
-1.2380030274391176,1.6091972947120667,-1.2022350359708072,1.6435845285654072,2
-1.2380030274391176,1.6435845285654072,-1.2022350359708072,1.6779717624187471,2
-1.202235035970807,1.6091972947120667,-1.1664670445024967,1.6435845285654072,2
-1.202235035970807,1.6435845285654072,-1.1664670445024967,1.6779717624187471,2
-1.2380030274391176,1.6779717624187471,-1.2022350359708072,1.712358996272087,2
-1.2380030274391176,1.712358996272087,-1.2022350359708072,1.7467462301254273,2
-1.202235035970807,1.6779717624187471,-1.1664670445024967,1.712358996272087,2
-1.202235035970807,1.712358996272087,-1.1664670445024967,1.7467462301254273,2
-1.1664670445024967,1.6091972947120667,-1.1306990530341863,1.6435845285654072,2
-1.1664670445024967,1.6435845285654072,-1.1306990530341863,1.6779717624187471,2
-1.1306990530341865,1.6091972947120667,-1.0949310615658758,1.6435845285654072,2
-1.1306990530341865,1.6435845285654072,-1.0949310615658758,1.6779717624187471,2
-1.1664670445024967,1.6779717624187471,-1.1306990530341863,1.712358996272087,2
-1.1664670445024967,1.712358996272087,-1.1306990530341863,1.7467462301254273,2
-1.1306990530341865,1.6779717624187471,-1.0949310615658758,1.712358996272087,2
-1.1306990530341865,1.712358996272087,-1.0949310615658758,1.7467462301254273,2
-1.0949310615658758,1.4716483592987064,-1.0591630700975658,1.5060355931520464,2
-1.0949310615658758,1.5060355931520464,-1.0591630700975658,1.5404228270053864,2
-1.0591630700975658,1.4716483592987064,-1.0233950786292554,1.5060355931520464,2
-1.0591630700975658,1.5060355931520464,-1.0233950786292554,1.5404228270053864,2
-1.0949310615658758,1.5404228270053864,-1.0591630700975658,1.5748100608587265,2
-1.0949310615658758,1.5748100608587268,-1.0591630700975658,1.609197294712067,2
-1.0591630700975658,1.5404228270053864,-1.0233950786292554,1.5748100608587265,2
-1.0591630700975658,1.5748100608587268,-1.0233950786292554,1.609197294712067,2
-1.0233950786292552,1.4716483592987064,-0.9876270871609449,1.5060355931520464,2
-1.0233950786292552,1.5060355931520464,-0.9876270871609449,1.5404228270053864,2
-0.9876270871609449,1.4716483592987064,-0.9518590956926345,1.5060355931520464,2
-0.9876270871609449,1.5060355931520464,-0.9518590956926345,1.5404228270053864,2
-1.0233950786292552,1.5404228270053864,-0.9876270871609449,1.5748100608587265,2
-1.0233950786292552,1.5748100608587268,-0.9876270871609449,1.609197294712067,2
-0.9876270871609449,1.5404228270053864,-0.9518590956926345,1.5748100608587265,2
-0.9876270871609449,1.5748100608587268,-0.9518590956926345,1.609197294712067,2
-1.0949310615658758,1.6091972947120667,-1.0591630700975658,1.6435845285654072,2
-1.0949310615658758,1.6435845285654072,-1.0591630700975658,1.6779717624187471,2
-1.0591630700975658,1.6091972947120667,-1.0233950786292554,1.6435845285654072,2
-1.0591630700975658,1.6435845285654072,-1.0233950786292554,1.6779717624187471,2
-1.0949310615658758,1.6779717624187471,-1.0591630700975658,1.712358996272087,2
-1.0949310615658758,1.712358996272087,-1.0591630700975658,1.7467462301254273,2
-1.0591630700975658,1.6779717624187471,-1.0233950786292554,1.712358996272087,2
-1.0591630700975658,1.712358996272087,-1.0233950786292554,1.7467462301254273,2
-1.0233950786292552,1.6091972947120667,-0.9876270871609449,1.6435845285654072,2
-1.0233950786292552,1.6435845285654072,-0.9876270871609449,1.6779717624187471,2
-0.9876270871609449,1.6091972947120667,-0.9518590956926345,1.6435845285654072,2
-0.9876270871609449,1.6435845285654072,-0.9518590956926345,1.6779717624187471,2
-1.0233950786292552,1.6779717624187471,-0.9876270871609449,1.712358996272087,2
-1.0233950786292552,1.712358996272087,-0.9876270871609449,1.7467462301254273,2
-0.9876270871609449,1.6779717624187471,-0.9518590956926345,1.712358996272087,2
-0.9876270871609449,1.712358996272087,-0.9518590956926345,1.7467462301254273,2
-1.2380030274391176,1.7467462301254275,-1.2022350359708072,1.7811334639787677,2
-1.2380030274391176,1.7811334639787675,-1.2022350359708072,1.815520697832108,2
-1.202235035970807,1.7467462301254275,-1.1664670445024967,1.7811334639787677,2
-1.202235035970807,1.7811334639787675,-1.1664670445024967,1.815520697832108,2
-1.2380030274391176,1.815520697832108,-1.2022350359708072,1.8499079316854479,2
-1.202235035970807,1.815520697832108,-1.1664670445024967,1.8499079316854479,2
-1.202235035970807,1.8499079316854479,-1.1664670445024967,1.8842951655387878,2
-1.1664670445024967,1.7467462301254275,-1.1306990530341863,1.7811334639787677,2
-1.1664670445024967,1.7811334639787675,-1.1306990530341863,1.815520697832108,2
-1.1306990530341865,1.7467462301254275,-1.0949310615658758,1.7811334639787677,2
-1.1306990530341865,1.7811334639787675,-1.0949310615658758,1.815520697832108,2
-1.1664670445024967,1.815520697832108,-1.1306990530341863,1.8499079316854479,2
-1.1664670445024967,1.8499079316854479,-1.1306990530341863,1.8842951655387878,2
-1.1306990530341865,1.815520697832108,-1.0949310615658758,1.8499079316854479,2
-1.1306990530341865,1.8499079316854479,-1.0949310615658758,1.8842951655387878,2
-1.1306990530341865,1.8842951655387878,-1.0949310615658758,1.918682399392128,2
-1.0949310615658758,1.7467462301254275,-1.0591630700975658,1.7811334639787677,2
-1.0949310615658758,1.7811334639787675,-1.0591630700975658,1.815520697832108,2
-1.0591630700975658,1.7467462301254275,-1.0233950786292554,1.7811334639787677,2
-1.0591630700975658,1.7811334639787675,-1.0233950786292554,1.815520697832108,2
-1.0949310615658758,1.815520697832108,-1.0591630700975658,1.8499079316854479,2
-1.0949310615658758,1.8499079316854479,-1.0591630700975658,1.8842951655387878,2
-1.0591630700975658,1.815520697832108,-1.0233950786292554,1.8499079316854479,2
-1.0591630700975658,1.8499079316854479,-1.0233950786292554,1.8842951655387878,2
-1.0233950786292552,1.7467462301254275,-0.9876270871609449,1.7811334639787677,2
-1.0233950786292552,1.7811334639787675,-0.9876270871609449,1.815520697832108,2
-0.9876270871609449,1.7467462301254275,-0.9518590956926345,1.7811334639787677,2
-0.9876270871609449,1.7811334639787675,-0.9518590956926345,1.815520697832108,2
-1.0233950786292552,1.815520697832108,-0.9876270871609449,1.8499079316854479,2
-1.0233950786292552,1.8499079316854479,-0.9876270871609449,1.8842951655387878,2
-0.9876270871609449,1.815520697832108,-0.9518590956926345,1.8499079316854479,2
-0.9876270871609449,1.8499079316854479,-0.9518590956926345,1.8842951655387878,2
-1.0949310615658758,1.8842951655387878,-1.0591630700975658,1.918682399392128,2
-1.0591630700975658,1.8842951655387878,-1.0233950786292554,1.918682399392128,2
-1.0591630700975658,1.9186823993921283,-1.0233950786292554,1.9530696332454685,2
-1.0233950786292552,1.8842951655387878,-0.9876270871609449,1.918682399392128,2
-1.0233950786292552,1.9186823993921283,-0.9876270871609449,1.9530696332454685,2
-0.9876270871609449,1.8842951655387878,-0.9518590956926345,1.918682399392128,2
-0.9876270871609449,1.9186823993921283,-0.9518590956926345,1.9530696332454685,2
-0.9518590956926347,1.4716483592987064,-0.9160911042243242,1.5060355931520464,2
-0.9518590956926347,1.5060355931520464,-0.9160911042243242,1.5404228270053864,2
-0.9160911042243242,1.4716483592987064,-0.8803231127560139,1.5060355931520464,2
-0.9160911042243242,1.5060355931520464,-0.8803231127560139,1.5404228270053864,2
-0.9518590956926347,1.5404228270053864,-0.9160911042243242,1.5748100608587265,2
-0.9518590956926347,1.5748100608587268,-0.9160911042243242,1.609197294712067,2
-0.9160911042243242,1.5404228270053864,-0.8803231127560139,1.5748100608587265,2
-0.9160911042243242,1.5748100608587268,-0.8803231127560139,1.609197294712067,2
-0.8803231127560139,1.4716483592987064,-0.8445551212877035,1.5060355931520464,2
-0.8803231127560139,1.5060355931520464,-0.8445551212877035,1.5404228270053864,2
-0.8445551212877033,1.4716483592987064,-0.8087871298193932,1.5060355931520464,2
-0.8445551212877033,1.5060355931520464,-0.8087871298193932,1.5404228270053864,2
-0.8803231127560139,1.5404228270053864,-0.8445551212877035,1.5748100608587265,2
-0.8803231127560139,1.5748100608587268,-0.8445551212877035,1.609197294712067,2
-0.8445551212877033,1.5404228270053864,-0.8087871298193932,1.5748100608587265,2
-0.8445551212877033,1.5748100608587268,-0.8087871298193932,1.609197294712067,2
-0.9518590956926347,1.6091972947120667,-0.9160911042243242,1.6435845285654072,2
-0.9518590956926347,1.6435845285654072,-0.9160911042243242,1.6779717624187471,2
-0.9160911042243242,1.6091972947120667,-0.8803231127560139,1.6435845285654072,2
-0.9160911042243242,1.6435845285654072,-0.8803231127560139,1.6779717624187471,2
-0.9518590956926347,1.6779717624187471,-0.9160911042243242,1.712358996272087,2
-0.9518590956926347,1.712358996272087,-0.9160911042243242,1.7467462301254273,2
-0.9160911042243242,1.6779717624187471,-0.8803231127560139,1.712358996272087,2
-0.9160911042243242,1.712358996272087,-0.8803231127560139,1.7467462301254273,2
-0.8803231127560139,1.6091972947120667,-0.8445551212877035,1.6435845285654072,2
-0.8803231127560139,1.6435845285654072,-0.8445551212877035,1.6779717624187471,2
-0.8445551212877033,1.6091972947120667,-0.8087871298193932,1.6435845285654072,2
-0.8445551212877033,1.6435845285654072,-0.8087871298193932,1.6779717624187471,2
-0.8803231127560139,1.6779717624187471,-0.8445551212877035,1.712358996272087,2
-0.8803231127560139,1.712358996272087,-0.8445551212877035,1.7467462301254273,2
-0.8445551212877033,1.6779717624187471,-0.8087871298193932,1.712358996272087,2
-0.8445551212877033,1.712358996272087,-0.8087871298193932,1.7467462301254273,2
-0.8087871298193932,1.4716483592987064,-0.7730191383510827,1.5060355931520464,2
-0.8087871298193932,1.5060355931520464,-0.7730191383510827,1.5404228270053864,2
-0.7730191383510829,1.4716483592987064,-0.7372511468827724,1.5060355931520464,2
-0.7730191383510829,1.5060355931520464,-0.7372511468827724,1.5404228270053864,2
-0.8087871298193932,1.5404228270053864,-0.7730191383510827,1.5748100608587265,2
-0.8087871298193932,1.5748100608587268,-0.7730191383510827,1.609197294712067,2
-0.7730191383510829,1.5404228270053864,-0.7372511468827724,1.5748100608587265,2
-0.7730191383510829,1.5748100608587268,-0.7372511468827724,1.609197294712067,2
-0.7372511468827724,1.4716483592987064,-0.7014831554144622,1.5060355931520464,2
-0.7372511468827724,1.5060355931520464,-0.7014831554144622,1.5404228270053864,2
-0.7014831554144622,1.4716483592987064,-0.6657151639461518,1.5060355931520464,2
-0.7014831554144622,1.5060355931520464,-0.6657151639461518,1.5404228270053864,2
-0.7372511468827724,1.5404228270053864,-0.7014831554144622,1.5748100608587265,2
-0.7372511468827724,1.5748100608587268,-0.7014831554144622,1.609197294712067,2
-0.7014831554144622,1.5404228270053864,-0.6657151639461518,1.5748100608587265,2
-0.7014831554144622,1.5748100608587268,-0.6657151639461518,1.609197294712067,2
-0.8087871298193932,1.6091972947120667,-0.7730191383510827,1.6435845285654072,2
-0.8087871298193932,1.6435845285654072,-0.7730191383510827,1.6779717624187471,2
-0.7730191383510829,1.6091972947120667,-0.7372511468827724,1.6435845285654072,2
-0.7730191383510829,1.6435845285654072,-0.7372511468827724,1.6779717624187471,2
-0.8087871298193932,1.6779717624187471,-0.7730191383510827,1.712358996272087,2
-0.8087871298193932,1.712358996272087,-0.7730191383510827,1.7467462301254273,2
-0.7730191383510829,1.6779717624187471,-0.7372511468827724,1.712358996272087,2
-0.7730191383510829,1.712358996272087,-0.7372511468827724,1.7467462301254273,2
-0.7372511468827724,1.6091972947120667,-0.7014831554144622,1.6435845285654072,2
-0.7372511468827724,1.6435845285654072,-0.7014831554144622,1.6779717624187471,2
-0.7014831554144622,1.6091972947120667,-0.6657151639461518,1.6435845285654072,2
-0.7014831554144622,1.6435845285654072,-0.6657151639461518,1.6779717624187471,2
-0.7372511468827724,1.6779717624187471,-0.7014831554144622,1.712358996272087,2
-0.7372511468827724,1.712358996272087,-0.7014831554144622,1.7467462301254273,2
-0.7014831554144622,1.6779717624187471,-0.6657151639461518,1.712358996272087,2
-0.7014831554144622,1.712358996272087,-0.6657151639461518,1.7467462301254273,2
-0.9518590956926347,1.7467462301254275,-0.9160911042243242,1.7811334639787677,2
-0.9518590956926347,1.7811334639787675,-0.9160911042243242,1.815520697832108,2
-0.9160911042243242,1.7467462301254275,-0.8803231127560139,1.7811334639787677,2
-0.9160911042243242,1.7811334639787675,-0.8803231127560139,1.815520697832108,2
-0.9518590956926347,1.815520697832108,-0.9160911042243242,1.8499079316854479,2
-0.9518590956926347,1.8499079316854479,-0.9160911042243242,1.8842951655387878,2
-0.9160911042243242,1.815520697832108,-0.8803231127560139,1.8499079316854479,2
-0.9160911042243242,1.8499079316854479,-0.8803231127560139,1.8842951655387878,2
-0.8803231127560139,1.7467462301254275,-0.8445551212877035,1.7811334639787677,2
-0.8803231127560139,1.7811334639787675,-0.8445551212877035,1.815520697832108,2
-0.8445551212877033,1.7467462301254275,-0.8087871298193932,1.7811334639787677,2
-0.8445551212877033,1.7811334639787675,-0.8087871298193932,1.815520697832108,2
-0.8803231127560139,1.815520697832108,-0.8445551212877035,1.8499079316854479,2
-0.8803231127560139,1.8499079316854479,-0.8445551212877035,1.8842951655387878,2
-0.8445551212877033,1.815520697832108,-0.8087871298193932,1.8499079316854479,2
-0.8445551212877033,1.8499079316854479,-0.8087871298193932,1.8842951655387878,2
-0.9518590956926347,1.8842951655387878,-0.9160911042243242,1.918682399392128,2
-0.9518590956926347,1.9186823993921283,-0.9160911042243242,1.9530696332454685,2
-0.9160911042243242,1.8842951655387878,-0.8803231127560139,1.918682399392128,2
-0.9160911042243242,1.9186823993921283,-0.8803231127560139,1.9530696332454685,2
-0.9160911042243242,1.9530696332454682,-0.8803231127560139,1.9874568670988086,2
-0.8803231127560139,1.8842951655387878,-0.8445551212877035,1.918682399392128,2
-0.8803231127560139,1.9186823993921283,-0.8445551212877035,1.9530696332454685,2
-0.8445551212877033,1.8842951655387878,-0.8087871298193932,1.918682399392128,2
-0.8445551212877033,1.9186823993921283,-0.8087871298193932,1.9530696332454685,2
-0.8803231127560139,1.9530696332454682,-0.8445551212877035,1.9874568670988086,2
-0.8445551212877033,1.9530696332454682,-0.8087871298193932,1.9874568670988086,2
-0.8087871298193932,1.7467462301254275,-0.7730191383510827,1.7811334639787677,2
-0.8087871298193932,1.7811334639787675,-0.7730191383510827,1.815520697832108,2
-0.7730191383510829,1.7467462301254275,-0.7372511468827724,1.7811334639787677,2
-0.7730191383510829,1.7811334639787675,-0.7372511468827724,1.815520697832108,2
-0.8087871298193932,1.815520697832108,-0.7730191383510827,1.8499079316854479,2
-0.8087871298193932,1.8499079316854479,-0.7730191383510827,1.8842951655387878,2
-0.7730191383510829,1.815520697832108,-0.7372511468827724,1.8499079316854479,2
-0.7730191383510829,1.8499079316854479,-0.7372511468827724,1.8842951655387878,2
-0.7372511468827724,1.7467462301254275,-0.7014831554144622,1.7811334639787677,2
-0.7372511468827724,1.7811334639787675,-0.7014831554144622,1.815520697832108,2
-0.7014831554144622,1.7467462301254275,-0.6657151639461518,1.7811334639787677,2
-0.7014831554144622,1.7811334639787675,-0.6657151639461518,1.815520697832108,2
-0.7372511468827724,1.815520697832108,-0.7014831554144622,1.8499079316854479,2
-0.7372511468827724,1.8499079316854479,-0.7014831554144622,1.8842951655387878,2
-0.7014831554144622,1.815520697832108,-0.6657151639461518,1.8499079316854479,2
-0.7014831554144622,1.8499079316854479,-0.6657151639461518,1.8842951655387878,2
-0.8087871298193932,1.8842951655387878,-0.7730191383510827,1.918682399392128,2
-0.8087871298193932,1.9186823993921283,-0.7730191383510827,1.9530696332454685,2
-0.7730191383510829,1.8842951655387878,-0.7372511468827724,1.918682399392128,2
-0.7730191383510829,1.9186823993921283,-0.7372511468827724,1.9530696332454685,2
-0.8087871298193932,1.9530696332454682,-0.7730191383510827,1.9874568670988086,2
-0.7730191383510829,1.9530696332454682,-0.7372511468827724,1.9874568670988086,2
-0.7730191383510829,1.9874568670988086,-0.7372511468827724,2.0218441009521486,2
-0.7372511468827724,1.8842951655387878,-0.7014831554144622,1.918682399392128,2
-0.7372511468827724,1.9186823993921283,-0.7014831554144622,1.9530696332454685,2
-0.7014831554144622,1.8842951655387878,-0.6657151639461518,1.918682399392128,2
-0.7014831554144622,1.9186823993921283,-0.6657151639461518,1.9530696332454685,2
-0.7372511468827724,1.9530696332454682,-0.7014831554144622,1.9874568670988086,2
-0.7372511468827724,1.9874568670988086,-0.7014831554144622,2.0218441009521486,2
-0.7014831554144622,1.9530696332454682,-0.6657151639461518,1.9874568670988086,2
-0.7014831554144622,1.9874568670988086,-0.6657151639461518,2.0218441009521486,2
-0.6657151639461516,0.9214526176452638,-0.6299471724778414,0.9558398514986041,2
-0.6657151639461516,0.9558398514986038,-0.6299471724778414,0.9902270853519441,2
-0.6299471724778414,0.9214526176452638,-0.5941791810095309,0.9558398514986041,2
-0.6299471724778414,0.9558398514986038,-0.5941791810095309,0.9902270853519441,2
-0.6657151639461516,0.9902270853519441,-0.6299471724778414,1.0246143192052841,2
-0.6657151639461516,1.0246143192052841,-0.6299471724778414,1.0590015530586243,2
-0.6299471724778414,0.9902270853519441,-0.5941791810095309,1.0246143192052841,2
-0.6299471724778414,1.0246143192052841,-0.5941791810095309,1.0590015530586243,2
-0.5941791810095312,0.9214526176452638,-0.5584111895412206,0.9558398514986041,2
-0.5941791810095312,0.9558398514986038,-0.5584111895412206,0.9902270853519441,2
-0.5584111895412206,0.9214526176452638,-0.5226431980729104,0.9558398514986041,2
-0.5584111895412206,0.9558398514986038,-0.5226431980729104,0.9902270853519441,2
-0.5941791810095312,0.9902270853519441,-0.5584111895412206,1.0246143192052841,2
-0.5941791810095312,1.0246143192052841,-0.5584111895412206,1.0590015530586243,2
-0.5584111895412206,0.9902270853519441,-0.5226431980729104,1.0246143192052841,2
-0.5584111895412206,1.0246143192052841,-0.5226431980729104,1.0590015530586243,2
-0.6657151639461516,1.0590015530586245,-0.6299471724778414,1.0933887869119647,2
-0.6657151639461516,1.0933887869119645,-0.6299471724778414,1.1277760207653047,2
-0.6299471724778414,1.0590015530586245,-0.5941791810095309,1.0933887869119647,2
-0.6299471724778414,1.0933887869119645,-0.5941791810095309,1.1277760207653047,2
-0.6657151639461516,1.1277760207653045,-0.6299471724778414,1.162163254618645,2
-0.6657151639461516,1.162163254618645,-0.6299471724778414,1.1965504884719849,2
-0.6299471724778414,1.1277760207653045,-0.5941791810095309,1.162163254618645,2
-0.6299471724778414,1.162163254618645,-0.5941791810095309,1.1965504884719849,2
-0.5941791810095312,1.0590015530586245,-0.5584111895412206,1.0933887869119647,2
-0.5941791810095312,1.0933887869119645,-0.5584111895412206,1.1277760207653047,2
-0.5584111895412206,1.0590015530586245,-0.5226431980729104,1.0933887869119647,2
-0.5584111895412206,1.0933887869119645,-0.5226431980729104,1.1277760207653047,2
-0.5941791810095312,1.1277760207653045,-0.5584111895412206,1.162163254618645,2
-0.5941791810095312,1.162163254618645,-0.5584111895412206,1.1965504884719849,2
-0.5584111895412206,1.1277760207653045,-0.5226431980729104,1.162163254618645,2
-0.5584111895412206,1.162163254618645,-0.5226431980729104,1.1965504884719849,2
-0.5226431980729104,0.9214526176452638,-0.48687520660459976,0.9558398514986041,2
-0.5226431980729104,0.9558398514986038,-0.48687520660459976,0.9902270853519441,2
-0.48687520660459976,0.9214526176452638,-0.4511072151362896,0.9558398514986041,2
-0.48687520660459976,0.9558398514986038,-0.4511072151362896,0.9902270853519441,2
-0.5226431980729104,0.9902270853519441,-0.48687520660459976,1.0246143192052841,2
-0.5226431980729104,1.0246143192052841,-0.48687520660459976,1.0590015530586243,2
-0.48687520660459976,0.9902270853519441,-0.4511072151362896,1.0246143192052841,2
-0.48687520660459976,1.0246143192052841,-0.4511072151362896,1.0590015530586243,2
-0.4511072151362896,0.9214526176452638,-0.41533922366797943,0.9558398514986041,2
-0.4511072151362896,0.9558398514986038,-0.41533922366797943,0.9902270853519441,2
-0.41533922366797943,0.9214526176452638,-0.3795712321996688,0.9558398514986041,2
-0.41533922366797943,0.9558398514986038,-0.3795712321996688,0.9902270853519441,2
-0.4511072151362896,0.9902270853519441,-0.41533922366797943,1.0246143192052841,2
-0.4511072151362896,1.0246143192052841,-0.41533922366797943,1.0590015530586243,2
-0.41533922366797943,0.9902270853519441,-0.3795712321996688,1.0246143192052841,2
-0.41533922366797943,1.0246143192052841,-0.3795712321996688,1.0590015530586243,2
-0.5226431980729104,1.0590015530586245,-0.48687520660459976,1.0933887869119647,2
-0.5226431980729104,1.0933887869119645,-0.48687520660459976,1.1277760207653047,2
-0.48687520660459976,1.0590015530586245,-0.4511072151362896,1.0933887869119647,2
-0.48687520660459976,1.0933887869119645,-0.4511072151362896,1.1277760207653047,2
-0.5226431980729104,1.1277760207653045,-0.48687520660459976,1.162163254618645,2
-0.5226431980729104,1.162163254618645,-0.48687520660459976,1.1965504884719849,2
-0.48687520660459976,1.1277760207653045,-0.4511072151362896,1.162163254618645,2
-0.48687520660459976,1.162163254618645,-0.4511072151362896,1.1965504884719849,2
-0.4511072151362896,1.0590015530586245,-0.41533922366797943,1.0933887869119647,2
-0.4511072151362896,1.0933887869119645,-0.41533922366797943,1.1277760207653047,2
-0.41533922366797943,1.0590015530586245,-0.3795712321996688,1.0933887869119647,2
-0.41533922366797943,1.0933887869119645,-0.3795712321996688,1.1277760207653047,2
-0.4511072151362896,1.1277760207653045,-0.41533922366797943,1.162163254618645,2
-0.4511072151362896,1.162163254618645,-0.41533922366797943,1.1965504884719849,2
-0.41533922366797943,1.1277760207653045,-0.3795712321996688,1.162163254618645,2
-0.41533922366797943,1.162163254618645,-0.3795712321996688,1.1965504884719849,2
-0.6657151639461516,1.1965504884719849,-0.6299471724778414,1.230937722325325,2
-0.6657151639461516,1.2309377223253253,-0.6299471724778414,1.2653249561786655,2
-0.6299471724778414,1.1965504884719849,-0.5941791810095309,1.230937722325325,2
-0.6299471724778414,1.2309377223253253,-0.5941791810095309,1.2653249561786655,2
-0.6657151639461516,1.2653249561786652,-0.6299471724778414,1.2997121900320054,2
-0.6657151639461516,1.2997121900320052,-0.6299471724778414,1.3340994238853456,2
-0.6299471724778414,1.2653249561786652,-0.5941791810095309,1.2997121900320054,2
-0.6299471724778414,1.2997121900320052,-0.5941791810095309,1.3340994238853456,2
-0.5941791810095312,1.1965504884719849,-0.5584111895412206,1.230937722325325,2
-0.5941791810095312,1.2309377223253253,-0.5584111895412206,1.2653249561786655,2
-0.5584111895412206,1.1965504884719849,-0.5226431980729104,1.230937722325325,2
-0.5584111895412206,1.2309377223253253,-0.5226431980729104,1.2653249561786655,2
-0.5941791810095312,1.2653249561786652,-0.5584111895412206,1.2997121900320054,2
-0.5941791810095312,1.2997121900320052,-0.5584111895412206,1.3340994238853456,2
-0.5584111895412206,1.2653249561786652,-0.5226431980729104,1.2997121900320054,2
-0.5584111895412206,1.2997121900320052,-0.5226431980729104,1.3340994238853456,2
-0.6657151639461516,1.3340994238853456,-0.6299471724778414,1.3684866577386856,2
-0.6657151639461516,1.3684866577386856,-0.6299471724778414,1.4028738915920258,2
-0.6299471724778414,1.3340994238853456,-0.5941791810095309,1.3684866577386856,2
-0.6299471724778414,1.3684866577386856,-0.5941791810095309,1.4028738915920258,2
-0.6657151639461516,1.402873891592026,-0.6299471724778414,1.4372611254453662,2
-0.6657151639461516,1.437261125445366,-0.6299471724778414,1.4716483592987064,2
-0.6299471724778414,1.402873891592026,-0.5941791810095309,1.4372611254453662,2
-0.6299471724778414,1.437261125445366,-0.5941791810095309,1.4716483592987064,2
-0.5941791810095312,1.3340994238853456,-0.5584111895412206,1.3684866577386856,2
-0.5941791810095312,1.3684866577386856,-0.5584111895412206,1.4028738915920258,2
-0.5584111895412206,1.3340994238853456,-0.5226431980729104,1.3684866577386856,2
-0.5584111895412206,1.3684866577386856,-0.5226431980729104,1.4028738915920258,2
-0.5941791810095312,1.402873891592026,-0.5584111895412206,1.4372611254453662,2
-0.5941791810095312,1.437261125445366,-0.5584111895412206,1.4716483592987064,2
-0.5584111895412206,1.402873891592026,-0.5226431980729104,1.4372611254453662,2
-0.5584111895412206,1.437261125445366,-0.5226431980729104,1.4716483592987064,2
-0.5226431980729104,1.1965504884719849,-0.48687520660459976,1.230937722325325,2
-0.5226431980729104,1.2309377223253253,-0.48687520660459976,1.2653249561786655,2
-0.48687520660459976,1.1965504884719849,-0.4511072151362896,1.230937722325325,2
-0.48687520660459976,1.2309377223253253,-0.4511072151362896,1.2653249561786655,2
-0.5226431980729104,1.2653249561786652,-0.48687520660459976,1.2997121900320054,2
-0.5226431980729104,1.2997121900320052,-0.48687520660459976,1.3340994238853456,2
-0.48687520660459976,1.2653249561786652,-0.4511072151362896,1.2997121900320054,2
-0.48687520660459976,1.2997121900320052,-0.4511072151362896,1.3340994238853456,2
-0.4511072151362896,1.1965504884719849,-0.41533922366797943,1.230937722325325,2
-0.4511072151362896,1.2309377223253253,-0.41533922366797943,1.2653249561786655,2
-0.41533922366797943,1.1965504884719849,-0.3795712321996688,1.230937722325325,2
-0.41533922366797943,1.2309377223253253,-0.3795712321996688,1.2653249561786655,2
-0.4511072151362896,1.2653249561786652,-0.41533922366797943,1.2997121900320054,2
-0.4511072151362896,1.2997121900320052,-0.41533922366797943,1.3340994238853456,2
-0.41533922366797943,1.2653249561786652,-0.3795712321996688,1.2997121900320054,2
-0.41533922366797943,1.2997121900320052,-0.3795712321996688,1.3340994238853456,2
-0.5226431980729104,1.3340994238853456,-0.48687520660459976,1.3684866577386856,2
-0.5226431980729104,1.3684866577386856,-0.48687520660459976,1.4028738915920258,2
-0.48687520660459976,1.3340994238853456,-0.4511072151362896,1.3684866577386856,2
-0.48687520660459976,1.3684866577386856,-0.4511072151362896,1.4028738915920258,2
-0.5226431980729104,1.402873891592026,-0.48687520660459976,1.4372611254453662,2
-0.5226431980729104,1.437261125445366,-0.48687520660459976,1.4716483592987064,2
-0.48687520660459976,1.402873891592026,-0.4511072151362896,1.4372611254453662,2
-0.48687520660459976,1.437261125445366,-0.4511072151362896,1.4716483592987064,2
-0.4511072151362896,1.3340994238853456,-0.41533922366797943,1.3684866577386856,2
-0.4511072151362896,1.3684866577386856,-0.41533922366797943,1.4028738915920258,2
-0.41533922366797943,1.3340994238853456,-0.3795712321996688,1.3684866577386856,2
-0.41533922366797943,1.3684866577386856,-0.3795712321996688,1.4028738915920258,2
-0.4511072151362896,1.402873891592026,-0.41533922366797943,1.4372611254453662,2
-0.4511072151362896,1.437261125445366,-0.41533922366797943,1.4716483592987064,2
-0.41533922366797943,1.402873891592026,-0.3795712321996688,1.4372611254453662,2
-0.41533922366797943,1.437261125445366,-0.3795712321996688,1.4716483592987064,2
-0.3795712321996688,0.9214526176452638,-0.3438032407313586,0.9558398514986041,2
-0.3795712321996688,0.9558398514986038,-0.3438032407313586,0.9902270853519441,2
-0.3438032407313586,0.9214526176452638,-0.308035249263048,0.9558398514986041,2
-0.3438032407313586,0.9558398514986038,-0.308035249263048,0.9902270853519441,2
-0.3795712321996688,0.9902270853519441,-0.3438032407313586,1.0246143192052841,2
-0.3795712321996688,1.0246143192052841,-0.3438032407313586,1.0590015530586243,2
-0.3438032407313586,0.9902270853519441,-0.308035249263048,1.0246143192052841,2
-0.3438032407313586,1.0246143192052841,-0.308035249263048,1.0590015530586243,2
-0.308035249263048,0.9214526176452638,-0.2722672577947378,0.9558398514986041,2
-0.308035249263048,0.9558398514986038,-0.2722672577947378,0.9902270853519441,2
-0.2722672577947378,0.9214526176452638,-0.23649926632642765,0.9558398514986041,2
-0.2722672577947378,0.9558398514986038,-0.23649926632642765,0.9902270853519441,2
-0.308035249263048,0.9902270853519441,-0.2722672577947378,1.0246143192052841,2
-0.308035249263048,1.0246143192052841,-0.2722672577947378,1.0590015530586243,2
-0.2722672577947378,0.9902270853519441,-0.23649926632642765,1.0246143192052841,2
-0.2722672577947378,1.0246143192052841,-0.23649926632642765,1.0590015530586243,2
-0.3795712321996688,1.0590015530586245,-0.3438032407313586,1.0933887869119647,2
-0.3795712321996688,1.0933887869119645,-0.3438032407313586,1.1277760207653047,2
-0.3438032407313586,1.0590015530586245,-0.308035249263048,1.0933887869119647,2
-0.3438032407313586,1.0933887869119645,-0.308035249263048,1.1277760207653047,2
-0.3795712321996688,1.1277760207653045,-0.3438032407313586,1.162163254618645,2
-0.3795712321996688,1.162163254618645,-0.3438032407313586,1.1965504884719849,2
-0.3438032407313586,1.1277760207653045,-0.308035249263048,1.162163254618645,2
-0.3438032407313586,1.162163254618645,-0.308035249263048,1.1965504884719849,2
-0.308035249263048,1.0590015530586245,-0.2722672577947378,1.0933887869119647,2
-0.308035249263048,1.0933887869119645,-0.2722672577947378,1.1277760207653047,2
-0.2722672577947378,1.0590015530586245,-0.23649926632642765,1.0933887869119647,2
-0.2722672577947378,1.0933887869119645,-0.23649926632642765,1.1277760207653047,2
-0.308035249263048,1.1277760207653045,-0.2722672577947378,1.162163254618645,2
-0.308035249263048,1.162163254618645,-0.2722672577947378,1.1965504884719849,2
-0.2722672577947378,1.1277760207653045,-0.23649926632642765,1.162163254618645,2
-0.2722672577947378,1.162163254618645,-0.23649926632642765,1.1965504884719849,2
-0.23649926632642765,0.9214526176452638,-0.200731274858117,0.9558398514986041,2
-0.23649926632642765,0.9558398514986038,-0.200731274858117,0.9902270853519441,2
-0.200731274858117,0.9214526176452638,-0.16496328338980684,0.9558398514986041,2
-0.200731274858117,0.9558398514986038,-0.16496328338980684,0.9902270853519441,2
-0.23649926632642765,0.9902270853519441,-0.200731274858117,1.0246143192052841,2
-0.23649926632642765,1.0246143192052841,-0.200731274858117,1.0590015530586243,2
-0.200731274858117,0.9902270853519441,-0.16496328338980684,1.0246143192052841,2
-0.200731274858117,1.0246143192052841,-0.16496328338980684,1.0590015530586243,2
-0.16496328338980684,0.9214526176452638,-0.1291952919214962,0.9558398514986041,2
-0.16496328338980684,0.9558398514986038,-0.1291952919214962,0.9902270853519441,2
-0.1291952919214962,0.9214526176452638,-0.09342730045318604,0.9558398514986041,2
-0.1291952919214962,0.9558398514986038,-0.09342730045318604,0.9902270853519441,2
-0.16496328338980684,0.9902270853519441,-0.1291952919214962,1.0246143192052841,2
-0.16496328338980684,1.0246143192052841,-0.1291952919214962,1.0590015530586243,2
-0.1291952919214962,0.9902270853519441,-0.09342730045318604,1.0246143192052841,2
-0.1291952919214962,1.0246143192052841,-0.09342730045318604,1.0590015530586243,2
-0.23649926632642765,1.0590015530586245,-0.200731274858117,1.0933887869119647,2
-0.23649926632642765,1.0933887869119645,-0.200731274858117,1.1277760207653047,2
-0.200731274858117,1.0590015530586245,-0.16496328338980684,1.0933887869119647,2
-0.200731274858117,1.0933887869119645,-0.16496328338980684,1.1277760207653047,2
-0.23649926632642765,1.1277760207653045,-0.200731274858117,1.162163254618645,2
-0.23649926632642765,1.162163254618645,-0.200731274858117,1.1965504884719849,2
-0.200731274858117,1.1277760207653045,-0.16496328338980684,1.162163254618645,2
-0.200731274858117,1.162163254618645,-0.16496328338980684,1.1965504884719849,2
-0.16496328338980684,1.0590015530586245,-0.1291952919214962,1.0933887869119647,2
-0.16496328338980684,1.0933887869119645,-0.1291952919214962,1.1277760207653047,2
-0.1291952919214962,1.0590015530586245,-0.09342730045318604,1.0933887869119647,2
-0.1291952919214962,1.0933887869119645,-0.09342730045318604,1.1277760207653047,2
-0.16496328338980684,1.1277760207653045,-0.1291952919214962,1.162163254618645,2
-0.16496328338980684,1.162163254618645,-0.1291952919214962,1.1965504884719849,2
-0.1291952919214962,1.1277760207653045,-0.09342730045318604,1.162163254618645,2
-0.1291952919214962,1.162163254618645,-0.09342730045318604,1.1965504884719849,2
-0.3795712321996688,1.1965504884719849,-0.3438032407313586,1.230937722325325,2
-0.3795712321996688,1.2309377223253253,-0.3438032407313586,1.2653249561786655,2
-0.3438032407313586,1.1965504884719849,-0.308035249263048,1.230937722325325,2
-0.3438032407313586,1.2309377223253253,-0.308035249263048,1.2653249561786655,2
-0.3795712321996688,1.2653249561786652,-0.3438032407313586,1.2997121900320054,2
-0.3795712321996688,1.2997121900320052,-0.3438032407313586,1.3340994238853456,2
-0.3438032407313586,1.2653249561786652,-0.308035249263048,1.2997121900320054,2
-0.3438032407313586,1.2997121900320052,-0.308035249263048,1.3340994238853456,2
-0.308035249263048,1.1965504884719849,-0.2722672577947378,1.230937722325325,2
-0.308035249263048,1.2309377223253253,-0.2722672577947378,1.2653249561786655,2
-0.2722672577947378,1.1965504884719849,-0.23649926632642765,1.230937722325325,2
-0.2722672577947378,1.2309377223253253,-0.23649926632642765,1.2653249561786655,2
-0.308035249263048,1.2653249561786652,-0.2722672577947378,1.2997121900320054,2
-0.308035249263048,1.2997121900320052,-0.2722672577947378,1.3340994238853456,2
-0.2722672577947378,1.2653249561786652,-0.23649926632642765,1.2997121900320054,2
-0.2722672577947378,1.2997121900320052,-0.23649926632642765,1.3340994238853456,2
-0.3795712321996688,1.3340994238853456,-0.3438032407313586,1.3684866577386856,2
-0.3795712321996688,1.3684866577386856,-0.3438032407313586,1.4028738915920258,2
-0.3438032407313586,1.3340994238853456,-0.308035249263048,1.3684866577386856,2
-0.3438032407313586,1.3684866577386856,-0.308035249263048,1.4028738915920258,2
-0.3795712321996688,1.402873891592026,-0.3438032407313586,1.4372611254453662,2
-0.3795712321996688,1.437261125445366,-0.3438032407313586,1.4716483592987064,2
-0.3438032407313586,1.402873891592026,-0.308035249263048,1.4372611254453662,2
-0.3438032407313586,1.437261125445366,-0.308035249263048,1.4716483592987064,2
-0.308035249263048,1.3340994238853456,-0.2722672577947378,1.3684866577386856,2
-0.308035249263048,1.3684866577386856,-0.2722672577947378,1.4028738915920258,2
-0.2722672577947378,1.3340994238853456,-0.23649926632642765,1.3684866577386856,2
-0.2722672577947378,1.3684866577386856,-0.23649926632642765,1.4028738915920258,2
-0.308035249263048,1.402873891592026,-0.2722672577947378,1.4372611254453662,2
-0.308035249263048,1.437261125445366,-0.2722672577947378,1.4716483592987064,2
-0.2722672577947378,1.402873891592026,-0.23649926632642765,1.4372611254453662,2
-0.2722672577947378,1.437261125445366,-0.23649926632642765,1.4716483592987064,2
-0.23649926632642765,1.1965504884719849,-0.200731274858117,1.230937722325325,2
-0.23649926632642765,1.2309377223253253,-0.200731274858117,1.2653249561786655,2
-0.200731274858117,1.1965504884719849,-0.16496328338980684,1.230937722325325,2
-0.200731274858117,1.2309377223253253,-0.16496328338980684,1.2653249561786655,2
-0.23649926632642765,1.2653249561786652,-0.200731274858117,1.2997121900320054,2
-0.23649926632642765,1.2997121900320052,-0.200731274858117,1.3340994238853456,2
-0.200731274858117,1.2653249561786652,-0.16496328338980684,1.2997121900320054,2
-0.200731274858117,1.2997121900320052,-0.16496328338980684,1.3340994238853456,2
-0.16496328338980684,1.1965504884719849,-0.1291952919214962,1.230937722325325,2
-0.16496328338980684,1.2309377223253253,-0.1291952919214962,1.2653249561786655,2
-0.1291952919214962,1.1965504884719849,-0.09342730045318604,1.230937722325325,2
-0.1291952919214962,1.2309377223253253,-0.09342730045318604,1.2653249561786655,2
-0.16496328338980684,1.2653249561786652,-0.1291952919214962,1.2997121900320054,2
-0.16496328338980684,1.2997121900320052,-0.1291952919214962,1.3340994238853456,2
-0.1291952919214962,1.2653249561786652,-0.09342730045318604,1.2997121900320054,2
-0.1291952919214962,1.2997121900320052,-0.09342730045318604,1.3340994238853456,2
-0.23649926632642765,1.3340994238853456,-0.200731274858117,1.3684866577386856,2
-0.23649926632642765,1.3684866577386856,-0.200731274858117,1.4028738915920258,2
-0.200731274858117,1.3340994238853456,-0.16496328338980684,1.3684866577386856,2
-0.200731274858117,1.3684866577386856,-0.16496328338980684,1.4028738915920258,2
-0.23649926632642765,1.402873891592026,-0.200731274858117,1.4372611254453662,2
-0.23649926632642765,1.437261125445366,-0.200731274858117,1.4716483592987064,2
-0.200731274858117,1.402873891592026,-0.16496328338980684,1.4372611254453662,2
-0.200731274858117,1.437261125445366,-0.16496328338980684,1.4716483592987064,2
-0.16496328338980684,1.3340994238853456,-0.1291952919214962,1.3684866577386856,2
-0.16496328338980684,1.3684866577386856,-0.1291952919214962,1.4028738915920258,2
-0.1291952919214962,1.3340994238853456,-0.09342730045318604,1.3684866577386856,2
-0.1291952919214962,1.3684866577386856,-0.09342730045318604,1.4028738915920258,2
-0.16496328338980684,1.402873891592026,-0.1291952919214962,1.4372611254453662,2
-0.16496328338980684,1.437261125445366,-0.1291952919214962,1.4716483592987064,2
-0.1291952919214962,1.402873891592026,-0.09342730045318604,1.4372611254453662,2
-0.1291952919214962,1.437261125445366,-0.09342730045318604,1.4716483592987064,2
-0.6657151639461516,1.4716483592987064,-0.6299471724778414,1.5060355931520464,2
-0.6657151639461516,1.5060355931520464,-0.6299471724778414,1.5404228270053864,2
-0.6299471724778414,1.4716483592987064,-0.5941791810095309,1.5060355931520464,2
-0.6299471724778414,1.5060355931520464,-0.5941791810095309,1.5404228270053864,2
-0.6657151639461516,1.5404228270053864,-0.6299471724778414,1.5748100608587265,2
-0.6657151639461516,1.5748100608587268,-0.6299471724778414,1.609197294712067,2
-0.6299471724778414,1.5404228270053864,-0.5941791810095309,1.5748100608587265,2
-0.6299471724778414,1.5748100608587268,-0.5941791810095309,1.609197294712067,2
-0.5941791810095312,1.4716483592987064,-0.5584111895412206,1.5060355931520464,2
-0.5941791810095312,1.5060355931520464,-0.5584111895412206,1.5404228270053864,2
-0.5584111895412206,1.4716483592987064,-0.5226431980729104,1.5060355931520464,2
-0.5584111895412206,1.5060355931520464,-0.5226431980729104,1.5404228270053864,2
-0.5941791810095312,1.5404228270053864,-0.5584111895412206,1.5748100608587265,2
-0.5941791810095312,1.5748100608587268,-0.5584111895412206,1.609197294712067,2
-0.5584111895412206,1.5404228270053864,-0.5226431980729104,1.5748100608587265,2
-0.5584111895412206,1.5748100608587268,-0.5226431980729104,1.609197294712067,2
-0.6657151639461516,1.6091972947120667,-0.6299471724778414,1.6435845285654072,2
-0.6657151639461516,1.6435845285654072,-0.6299471724778414,1.6779717624187471,2
-0.6299471724778414,1.6091972947120667,-0.5941791810095309,1.6435845285654072,2
-0.6299471724778414,1.6435845285654072,-0.5941791810095309,1.6779717624187471,2
-0.6657151639461516,1.6779717624187471,-0.6299471724778414,1.712358996272087,2
-0.6657151639461516,1.712358996272087,-0.6299471724778414,1.7467462301254273,2
-0.6299471724778414,1.6779717624187471,-0.5941791810095309,1.712358996272087,2
-0.6299471724778414,1.712358996272087,-0.5941791810095309,1.7467462301254273,2
-0.5941791810095312,1.6091972947120667,-0.5584111895412206,1.6435845285654072,2
-0.5941791810095312,1.6435845285654072,-0.5584111895412206,1.6779717624187471,2
-0.5584111895412206,1.6091972947120667,-0.5226431980729104,1.6435845285654072,2
-0.5584111895412206,1.6435845285654072,-0.5226431980729104,1.6779717624187471,2
-0.5941791810095312,1.6779717624187471,-0.5584111895412206,1.712358996272087,2
-0.5941791810095312,1.712358996272087,-0.5584111895412206,1.7467462301254273,2
-0.5584111895412206,1.6779717624187471,-0.5226431980729104,1.712358996272087,2
-0.5584111895412206,1.712358996272087,-0.5226431980729104,1.7467462301254273,2
-0.5226431980729104,1.4716483592987064,-0.48687520660459976,1.5060355931520464,2
-0.5226431980729104,1.5060355931520464,-0.48687520660459976,1.5404228270053864,2
-0.48687520660459976,1.4716483592987064,-0.4511072151362896,1.5060355931520464,2
-0.48687520660459976,1.5060355931520464,-0.4511072151362896,1.5404228270053864,2
-0.5226431980729104,1.5404228270053864,-0.48687520660459976,1.5748100608587265,2
-0.5226431980729104,1.5748100608587268,-0.48687520660459976,1.609197294712067,2
-0.48687520660459976,1.5404228270053864,-0.4511072151362896,1.5748100608587265,2
-0.48687520660459976,1.5748100608587268,-0.4511072151362896,1.609197294712067,2
-0.4511072151362896,1.4716483592987064,-0.41533922366797943,1.5060355931520464,2
-0.4511072151362896,1.5060355931520464,-0.41533922366797943,1.5404228270053864,2
-0.41533922366797943,1.4716483592987064,-0.3795712321996688,1.5060355931520464,2
-0.41533922366797943,1.5060355931520464,-0.3795712321996688,1.5404228270053864,2
-0.4511072151362896,1.5404228270053864,-0.41533922366797943,1.5748100608587265,2
-0.4511072151362896,1.5748100608587268,-0.41533922366797943,1.609197294712067,2
-0.41533922366797943,1.5404228270053864,-0.3795712321996688,1.5748100608587265,2
-0.41533922366797943,1.5748100608587268,-0.3795712321996688,1.609197294712067,2
-0.5226431980729104,1.6091972947120667,-0.48687520660459976,1.6435845285654072,2
-0.5226431980729104,1.6435845285654072,-0.48687520660459976,1.6779717624187471,2
-0.48687520660459976,1.6091972947120667,-0.4511072151362896,1.6435845285654072,2
-0.48687520660459976,1.6435845285654072,-0.4511072151362896,1.6779717624187471,2
-0.5226431980729104,1.6779717624187471,-0.48687520660459976,1.712358996272087,2
-0.5226431980729104,1.712358996272087,-0.48687520660459976,1.7467462301254273,2
-0.48687520660459976,1.6779717624187471,-0.4511072151362896,1.712358996272087,2
-0.48687520660459976,1.712358996272087,-0.4511072151362896,1.7467462301254273,2
-0.4511072151362896,1.6091972947120667,-0.41533922366797943,1.6435845285654072,2
-0.4511072151362896,1.6435845285654072,-0.41533922366797943,1.6779717624187471,2
-0.41533922366797943,1.6091972947120667,-0.3795712321996688,1.6435845285654072,2
-0.41533922366797943,1.6435845285654072,-0.3795712321996688,1.6779717624187471,2
-0.4511072151362896,1.6779717624187471,-0.41533922366797943,1.712358996272087,2
-0.4511072151362896,1.712358996272087,-0.41533922366797943,1.7467462301254273,2
-0.41533922366797943,1.6779717624187471,-0.3795712321996688,1.712358996272087,2
-0.41533922366797943,1.712358996272087,-0.3795712321996688,1.7467462301254273,2
-0.6657151639461516,1.7467462301254275,-0.6299471724778414,1.7811334639787677,2
-0.6657151639461516,1.7811334639787675,-0.6299471724778414,1.815520697832108,2
-0.6299471724778414,1.7467462301254275,-0.5941791810095309,1.7811334639787677,2
-0.6299471724778414,1.7811334639787675,-0.5941791810095309,1.815520697832108,2
-0.6657151639461516,1.815520697832108,-0.6299471724778414,1.8499079316854479,2
-0.6657151639461516,1.8499079316854479,-0.6299471724778414,1.8842951655387878,2
-0.6299471724778414,1.815520697832108,-0.5941791810095309,1.8499079316854479,2
-0.6299471724778414,1.8499079316854479,-0.5941791810095309,1.8842951655387878,2
-0.5941791810095312,1.7467462301254275,-0.5584111895412206,1.7811334639787677,2
-0.5941791810095312,1.7811334639787675,-0.5584111895412206,1.815520697832108,2
-0.5584111895412206,1.7467462301254275,-0.5226431980729104,1.7811334639787677,2
-0.5584111895412206,1.7811334639787675,-0.5226431980729104,1.815520697832108,2
-0.5941791810095312,1.815520697832108,-0.5584111895412206,1.8499079316854479,2
-0.5941791810095312,1.8499079316854479,-0.5584111895412206,1.8842951655387878,2
-0.5584111895412206,1.815520697832108,-0.5226431980729104,1.8499079316854479,2
-0.5584111895412206,1.8499079316854479,-0.5226431980729104,1.8842951655387878,2
-0.6657151639461516,1.8842951655387878,-0.6299471724778414,1.918682399392128,2
-0.6657151639461516,1.9186823993921283,-0.6299471724778414,1.9530696332454685,2
-0.6299471724778414,1.8842951655387878,-0.5941791810095309,1.918682399392128,2
-0.6299471724778414,1.9186823993921283,-0.5941791810095309,1.9530696332454685,2
-0.6657151639461516,1.9530696332454682,-0.6299471724778414,1.9874568670988086,2
-0.6657151639461516,1.9874568670988086,-0.6299471724778414,2.0218441009521486,2
-0.6299471724778414,1.9530696332454682,-0.5941791810095309,1.9874568670988086,2
-0.6299471724778414,1.9874568670988086,-0.5941791810095309,2.0218441009521486,2
-0.5941791810095312,1.8842951655387878,-0.5584111895412206,1.918682399392128,2
-0.5941791810095312,1.9186823993921283,-0.5584111895412206,1.9530696332454685,2
-0.5584111895412206,1.8842951655387878,-0.5226431980729104,1.918682399392128,2
-0.5584111895412206,1.9186823993921283,-0.5226431980729104,1.9530696332454685,2
-0.5941791810095312,1.9530696332454682,-0.5584111895412206,1.9874568670988086,2
-0.5941791810095312,1.9874568670988086,-0.5584111895412206,2.0218441009521486,2
-0.5584111895412206,1.9530696332454682,-0.5226431980729104,1.9874568670988086,2
-0.5584111895412206,1.9874568670988086,-0.5226431980729104,2.0218441009521486,2
-0.5226431980729104,1.7467462301254275,-0.48687520660459976,1.7811334639787677,2
-0.5226431980729104,1.7811334639787675,-0.48687520660459976,1.815520697832108,2
-0.48687520660459976,1.7467462301254275,-0.4511072151362896,1.7811334639787677,2
-0.48687520660459976,1.7811334639787675,-0.4511072151362896,1.815520697832108,2
-0.5226431980729104,1.815520697832108,-0.48687520660459976,1.8499079316854479,2
-0.5226431980729104,1.8499079316854479,-0.48687520660459976,1.8842951655387878,2
-0.48687520660459976,1.815520697832108,-0.4511072151362896,1.8499079316854479,2
-0.48687520660459976,1.8499079316854479,-0.4511072151362896,1.8842951655387878,2
-0.4511072151362896,1.7467462301254275,-0.41533922366797943,1.7811334639787677,2
-0.4511072151362896,1.7811334639787675,-0.41533922366797943,1.815520697832108,2
-0.41533922366797943,1.7467462301254275,-0.3795712321996688,1.7811334639787677,2
-0.41533922366797943,1.7811334639787675,-0.3795712321996688,1.815520697832108,2
-0.4511072151362896,1.815520697832108,-0.41533922366797943,1.8499079316854479,2
-0.4511072151362896,1.8499079316854479,-0.41533922366797943,1.8842951655387878,2
-0.41533922366797943,1.815520697832108,-0.3795712321996688,1.8499079316854479,2
-0.41533922366797943,1.8499079316854479,-0.3795712321996688,1.8842951655387878,2
-0.5226431980729104,1.8842951655387878,-0.48687520660459976,1.918682399392128,2
-0.5226431980729104,1.9186823993921283,-0.48687520660459976,1.9530696332454685,2
-0.48687520660459976,1.8842951655387878,-0.4511072151362896,1.918682399392128,2
-0.48687520660459976,1.9186823993921283,-0.4511072151362896,1.9530696332454685,2
-0.5226431980729104,1.9530696332454682,-0.48687520660459976,1.9874568670988086,2
-0.5226431980729104,1.9874568670988086,-0.48687520660459976,2.0218441009521486,2
-0.48687520660459976,1.9530696332454682,-0.4511072151362896,1.9874568670988086,2
-0.48687520660459976,1.9874568670988086,-0.4511072151362896,2.0218441009521486,2
-0.4511072151362896,1.8842951655387878,-0.41533922366797943,1.918682399392128,2
-0.4511072151362896,1.9186823993921283,-0.41533922366797943,1.9530696332454685,2
-0.41533922366797943,1.8842951655387878,-0.3795712321996688,1.918682399392128,2
-0.41533922366797943,1.9186823993921283,-0.3795712321996688,1.9530696332454685,2
-0.4511072151362896,1.9530696332454682,-0.41533922366797943,1.9874568670988086,2
-0.4511072151362896,1.9874568670988086,-0.41533922366797943,2.0218441009521486,2
-0.41533922366797943,1.9530696332454682,-0.3795712321996688,1.9874568670988086,2
-0.41533922366797943,1.9874568670988086,-0.3795712321996688,2.0218441009521486,2
-0.3795712321996688,1.4716483592987064,-0.3438032407313586,1.5060355931520464,2
-0.3795712321996688,1.5060355931520464,-0.3438032407313586,1.5404228270053864,2
-0.3438032407313586,1.4716483592987064,-0.308035249263048,1.5060355931520464,2
-0.3438032407313586,1.5060355931520464,-0.308035249263048,1.5404228270053864,2
-0.3795712321996688,1.5404228270053864,-0.3438032407313586,1.5748100608587265,2
-0.3795712321996688,1.5748100608587268,-0.3438032407313586,1.609197294712067,2
-0.3438032407313586,1.5404228270053864,-0.308035249263048,1.5748100608587265,2
-0.3438032407313586,1.5748100608587268,-0.308035249263048,1.609197294712067,2
-0.308035249263048,1.4716483592987064,-0.2722672577947378,1.5060355931520464,2
-0.308035249263048,1.5060355931520464,-0.2722672577947378,1.5404228270053864,2
-0.2722672577947378,1.4716483592987064,-0.23649926632642765,1.5060355931520464,2
-0.2722672577947378,1.5060355931520464,-0.23649926632642765,1.5404228270053864,2
-0.308035249263048,1.5404228270053864,-0.2722672577947378,1.5748100608587265,2
-0.308035249263048,1.5748100608587268,-0.2722672577947378,1.609197294712067,2
-0.2722672577947378,1.5404228270053864,-0.23649926632642765,1.5748100608587265,2
-0.2722672577947378,1.5748100608587268,-0.23649926632642765,1.609197294712067,2
-0.3795712321996688,1.6091972947120667,-0.3438032407313586,1.6435845285654072,2
-0.3795712321996688,1.6435845285654072,-0.3438032407313586,1.6779717624187471,2
-0.3438032407313586,1.6091972947120667,-0.308035249263048,1.6435845285654072,2
-0.3438032407313586,1.6435845285654072,-0.308035249263048,1.6779717624187471,2
-0.3795712321996688,1.6779717624187471,-0.3438032407313586,1.712358996272087,2
-0.3795712321996688,1.712358996272087,-0.3438032407313586,1.7467462301254273,2
-0.3438032407313586,1.6779717624187471,-0.308035249263048,1.712358996272087,2
-0.3438032407313586,1.712358996272087,-0.308035249263048,1.7467462301254273,2
-0.308035249263048,1.6091972947120667,-0.2722672577947378,1.6435845285654072,2
-0.308035249263048,1.6435845285654072,-0.2722672577947378,1.6779717624187471,2
-0.2722672577947378,1.6091972947120667,-0.23649926632642765,1.6435845285654072,2
-0.2722672577947378,1.6435845285654072,-0.23649926632642765,1.6779717624187471,2
-0.308035249263048,1.6779717624187471,-0.2722672577947378,1.712358996272087,2
-0.308035249263048,1.712358996272087,-0.2722672577947378,1.7467462301254273,2
-0.2722672577947378,1.6779717624187471,-0.23649926632642765,1.712358996272087,2
-0.2722672577947378,1.712358996272087,-0.23649926632642765,1.7467462301254273,2
-0.23649926632642765,1.4716483592987064,-0.200731274858117,1.5060355931520464,2
-0.23649926632642765,1.5060355931520464,-0.200731274858117,1.5404228270053864,2
-0.200731274858117,1.4716483592987064,-0.16496328338980684,1.5060355931520464,2
-0.200731274858117,1.5060355931520464,-0.16496328338980684,1.5404228270053864,2
-0.23649926632642765,1.5404228270053864,-0.200731274858117,1.5748100608587265,2
-0.23649926632642765,1.5748100608587268,-0.200731274858117,1.609197294712067,2
-0.200731274858117,1.5404228270053864,-0.16496328338980684,1.5748100608587265,2
-0.200731274858117,1.5748100608587268,-0.16496328338980684,1.609197294712067,2
-0.16496328338980684,1.4716483592987064,-0.1291952919214962,1.5060355931520464,2
-0.16496328338980684,1.5060355931520464,-0.1291952919214962,1.5404228270053864,2
-0.1291952919214962,1.4716483592987064,-0.09342730045318604,1.5060355931520464,2
-0.1291952919214962,1.5060355931520464,-0.09342730045318604,1.5404228270053864,2
-0.16496328338980684,1.5404228270053864,-0.1291952919214962,1.5748100608587265,2
-0.16496328338980684,1.5748100608587268,-0.1291952919214962,1.609197294712067,2
-0.1291952919214962,1.5404228270053864,-0.09342730045318604,1.5748100608587265,2
-0.1291952919214962,1.5748100608587268,-0.09342730045318604,1.609197294712067,2
-0.23649926632642765,1.6091972947120667,-0.200731274858117,1.6435845285654072,2
-0.23649926632642765,1.6435845285654072,-0.200731274858117,1.6779717624187471,2
-0.200731274858117,1.6091972947120667,-0.16496328338980684,1.6435845285654072,2
-0.200731274858117,1.6435845285654072,-0.16496328338980684,1.6779717624187471,2
-0.23649926632642765,1.6779717624187471,-0.200731274858117,1.712358996272087,2
-0.23649926632642765,1.712358996272087,-0.200731274858117,1.7467462301254273,2
-0.200731274858117,1.6779717624187471,-0.16496328338980684,1.712358996272087,2
-0.200731274858117,1.712358996272087,-0.16496328338980684,1.7467462301254273,2
-0.16496328338980684,1.6091972947120667,-0.1291952919214962,1.6435845285654072,2
-0.16496328338980684,1.6435845285654072,-0.1291952919214962,1.6779717624187471,2
-0.1291952919214962,1.6091972947120667,-0.09342730045318604,1.6435845285654072,2
-0.1291952919214962,1.6435845285654072,-0.09342730045318604,1.6779717624187471,2
-0.16496328338980684,1.6779717624187471,-0.1291952919214962,1.712358996272087,2
-0.16496328338980684,1.712358996272087,-0.1291952919214962,1.7467462301254273,2
-0.1291952919214962,1.6779717624187471,-0.09342730045318604,1.712358996272087,2
-0.1291952919214962,1.712358996272087,-0.09342730045318604,1.7467462301254273,2
-0.3795712321996688,1.7467462301254275,-0.3438032407313586,1.7811334639787677,2
-0.3795712321996688,1.7811334639787675,-0.3438032407313586,1.815520697832108,2
-0.3438032407313586,1.7467462301254275,-0.308035249263048,1.7811334639787677,2
-0.3438032407313586,1.7811334639787675,-0.308035249263048,1.815520697832108,2
-0.3795712321996688,1.815520697832108,-0.3438032407313586,1.8499079316854479,2
-0.3795712321996688,1.8499079316854479,-0.3438032407313586,1.8842951655387878,2
-0.3438032407313586,1.815520697832108,-0.308035249263048,1.8499079316854479,2
-0.3438032407313586,1.8499079316854479,-0.308035249263048,1.8842951655387878,2
-0.308035249263048,1.7467462301254275,-0.2722672577947378,1.7811334639787677,2
-0.308035249263048,1.7811334639787675,-0.2722672577947378,1.815520697832108,2
-0.2722672577947378,1.7467462301254275,-0.23649926632642765,1.7811334639787677,2
-0.2722672577947378,1.7811334639787675,-0.23649926632642765,1.815520697832108,2
-0.308035249263048,1.815520697832108,-0.2722672577947378,1.8499079316854479,2
-0.308035249263048,1.8499079316854479,-0.2722672577947378,1.8842951655387878,2
-0.2722672577947378,1.815520697832108,-0.23649926632642765,1.8499079316854479,2
-0.2722672577947378,1.8499079316854479,-0.23649926632642765,1.8842951655387878,2
-0.3795712321996688,1.8842951655387878,-0.3438032407313586,1.918682399392128,2
-0.3795712321996688,1.9186823993921283,-0.3438032407313586,1.9530696332454685,2
-0.3438032407313586,1.8842951655387878,-0.308035249263048,1.918682399392128,2
-0.3438032407313586,1.9186823993921283,-0.308035249263048,1.9530696332454685,2
-0.3795712321996688,1.9530696332454682,-0.3438032407313586,1.9874568670988086,2
-0.3795712321996688,1.9874568670988086,-0.3438032407313586,2.0218441009521486,2
-0.3438032407313586,1.9530696332454682,-0.308035249263048,1.9874568670988086,2
-0.3438032407313586,1.9874568670988086,-0.308035249263048,2.0218441009521486,2
-0.308035249263048,1.8842951655387878,-0.2722672577947378,1.918682399392128,2
-0.308035249263048,1.9186823993921283,-0.2722672577947378,1.9530696332454685,2
-0.2722672577947378,1.8842951655387878,-0.23649926632642765,1.918682399392128,2
-0.2722672577947378,1.9186823993921283,-0.23649926632642765,1.9530696332454685,2
-0.308035249263048,1.9530696332454682,-0.2722672577947378,1.9874568670988086,2
-0.308035249263048,1.9874568670988086,-0.2722672577947378,2.0218441009521486,2
-0.2722672577947378,1.9530696332454682,-0.23649926632642765,1.9874568670988086,2
-0.2722672577947378,1.9874568670988086,-0.23649926632642765,2.0218441009521486,2
-0.23649926632642765,1.7467462301254275,-0.200731274858117,1.7811334639787677,2
-0.23649926632642765,1.7811334639787675,-0.200731274858117,1.815520697832108,2
-0.200731274858117,1.7467462301254275,-0.16496328338980684,1.7811334639787677,2
-0.200731274858117,1.7811334639787675,-0.16496328338980684,1.815520697832108,2
-0.23649926632642765,1.815520697832108,-0.200731274858117,1.8499079316854479,2
-0.23649926632642765,1.8499079316854479,-0.200731274858117,1.8842951655387878,2
-0.200731274858117,1.815520697832108,-0.16496328338980684,1.8499079316854479,2
-0.200731274858117,1.8499079316854479,-0.16496328338980684,1.8842951655387878,2
-0.16496328338980684,1.7467462301254275,-0.1291952919214962,1.7811334639787677,2
-0.16496328338980684,1.7811334639787675,-0.1291952919214962,1.815520697832108,2
-0.1291952919214962,1.7467462301254275,-0.09342730045318604,1.7811334639787677,2
-0.1291952919214962,1.7811334639787675,-0.09342730045318604,1.815520697832108,2
-0.16496328338980684,1.815520697832108,-0.1291952919214962,1.8499079316854479,2
-0.16496328338980684,1.8499079316854479,-0.1291952919214962,1.8842951655387878,2
-0.1291952919214962,1.815520697832108,-0.09342730045318604,1.8499079316854479,2
-0.1291952919214962,1.8499079316854479,-0.09342730045318604,1.8842951655387878,2
-0.23649926632642765,1.8842951655387878,-0.200731274858117,1.918682399392128,2
-0.23649926632642765,1.9186823993921283,-0.200731274858117,1.9530696332454685,2
-0.200731274858117,1.8842951655387878,-0.16496328338980684,1.918682399392128,2
-0.200731274858117,1.9186823993921283,-0.16496328338980684,1.9530696332454685,2
-0.23649926632642765,1.9530696332454682,-0.200731274858117,1.9874568670988086,2
-0.23649926632642765,1.9874568670988086,-0.200731274858117,2.0218441009521486,2
-0.200731274858117,1.9530696332454682,-0.16496328338980684,1.9874568670988086,2
-0.200731274858117,1.9874568670988086,-0.16496328338980684,2.0218441009521486,2
-0.16496328338980684,1.8842951655387878,-0.1291952919214962,1.918682399392128,2
-0.16496328338980684,1.9186823993921283,-0.1291952919214962,1.9530696332454685,2
-0.1291952919214962,1.8842951655387878,-0.09342730045318604,1.918682399392128,2
-0.1291952919214962,1.9186823993921283,-0.09342730045318604,1.9530696332454685,2
-0.16496328338980684,1.9530696332454682,-0.1291952919214962,1.9874568670988086,2
-0.16496328338980684,1.9874568670988086,-0.1291952919214962,2.0218441009521486,2
-0.1291952919214962,1.9530696332454682,-0.09342730045318604,1.9874568670988086,2
-0.1291952919214962,1.9874568670988086,-0.09342730045318604,2.0218441009521486,2
-0.6299471724778414,2.0218441009521486,-0.5941791810095309,2.0562313348054886,2
-0.5941791810095312,2.0218441009521486,-0.5584111895412206,2.0562313348054886,2
-0.5584111895412206,2.0218441009521486,-0.5226431980729104,2.0562313348054886,2
-0.5226431980729104,2.0218441009521486,-0.48687520660459976,2.0562313348054886,2
-0.5226431980729104,2.0562313348054886,-0.48687520660459976,2.0906185686588286,2
-0.48687520660459976,2.0218441009521486,-0.4511072151362896,2.0562313348054886,2
-0.48687520660459976,2.0562313348054886,-0.4511072151362896,2.0906185686588286,2
-0.4511072151362896,2.0218441009521486,-0.41533922366797943,2.0562313348054886,2
-0.4511072151362896,2.0562313348054886,-0.41533922366797943,2.0906185686588286,2
-0.41533922366797943,2.0218441009521486,-0.3795712321996688,2.0562313348054886,2
-0.41533922366797943,2.0562313348054886,-0.3795712321996688,2.0906185686588286,2
-0.41533922366797943,2.090618568658829,-0.3795712321996688,2.1250058025121694,2
-0.3795712321996688,2.0218441009521486,-0.3438032407313586,2.0562313348054886,2
-0.3795712321996688,2.0562313348054886,-0.3438032407313586,2.0906185686588286,2
-0.3438032407313586,2.0218441009521486,-0.308035249263048,2.0562313348054886,2
-0.3438032407313586,2.0562313348054886,-0.308035249263048,2.0906185686588286,2
-0.3795712321996688,2.090618568658829,-0.3438032407313586,2.1250058025121694,2
-0.3438032407313586,2.090618568658829,-0.308035249263048,2.1250058025121694,2
-0.3438032407313586,2.125005802512169,-0.308035249263048,2.1593930363655094,2
-0.308035249263048,2.0218441009521486,-0.2722672577947378,2.0562313348054886,2
-0.308035249263048,2.0562313348054886,-0.2722672577947378,2.0906185686588286,2
-0.2722672577947378,2.0218441009521486,-0.23649926632642765,2.0562313348054886,2
-0.2722672577947378,2.0562313348054886,-0.23649926632642765,2.0906185686588286,2
-0.308035249263048,2.090618568658829,-0.2722672577947378,2.1250058025121694,2
-0.308035249263048,2.125005802512169,-0.2722672577947378,2.1593930363655094,2
-0.2722672577947378,2.090618568658829,-0.23649926632642765,2.1250058025121694,2
-0.2722672577947378,2.125005802512169,-0.23649926632642765,2.1593930363655094,2
-0.2722672577947378,2.1593930363655094,-0.23649926632642765,2.1937802702188494,2
-0.23649926632642765,2.0218441009521486,-0.200731274858117,2.0562313348054886,2
-0.23649926632642765,2.0562313348054886,-0.200731274858117,2.0906185686588286,2
-0.200731274858117,2.0218441009521486,-0.16496328338980684,2.0562313348054886,2
-0.200731274858117,2.0562313348054886,-0.16496328338980684,2.0906185686588286,2
-0.23649926632642765,2.090618568658829,-0.200731274858117,2.1250058025121694,2
-0.23649926632642765,2.125005802512169,-0.200731274858117,2.1593930363655094,2
-0.200731274858117,2.090618568658829,-0.16496328338980684,2.1250058025121694,2
-0.200731274858117,2.125005802512169,-0.16496328338980684,2.1593930363655094,2
-0.16496328338980684,2.0218441009521486,-0.1291952919214962,2.0562313348054886,2
-0.16496328338980684,2.0562313348054886,-0.1291952919214962,2.0906185686588286,2
-0.1291952919214962,2.0218441009521486,-0.09342730045318604,2.0562313348054886,2
-0.1291952919214962,2.0562313348054886,-0.09342730045318604,2.0906185686588286,2
-0.16496328338980684,2.090618568658829,-0.1291952919214962,2.1250058025121694,2
-0.16496328338980684,2.125005802512169,-0.1291952919214962,2.1593930363655094,2
-0.1291952919214962,2.090618568658829,-0.09342730045318604,2.1250058025121694,2
-0.1291952919214962,2.125005802512169,-0.09342730045318604,2.1593930363655094,2
-0.23649926632642765,2.1593930363655094,-0.200731274858117,2.1937802702188494,2
-0.200731274858117,2.1593930363655094,-0.16496328338980684,2.1937802702188494,2
-0.16496328338980684,2.1593930363655094,-0.1291952919214962,2.1937802702188494,2
-0.16496328338980684,2.1937802702188494,-0.1291952919214962,2.2281675040721893,2
-0.1291952919214962,2.1593930363655094,-0.09342730045318604,2.1937802702188494,2
-0.1291952919214962,2.1937802702188494,-0.09342730045318604,2.2281675040721893,2
-0.09342730045318604,-2.4484962999820707,-0.057659308984875854,-2.4141090661287308,2
-0.09342730045318604,-2.4141090661287308,-0.057659308984875854,-2.379721832275391,2
-0.057659308984875854,-2.4484962999820707,-0.021891317516565235,-2.4141090661287308,2
-0.057659308984875854,-2.4141090661287308,-0.021891317516565235,-2.379721832275391,2
-0.021891317516565235,-2.4141090661287308,0.013876673951744942,-2.379721832275391,2
0.013876673951744942,-2.4141090661287308,0.049644665420055564,-2.379721832275391,2
0.049644665420055564,-2.4141090661287308,0.08541265688836575,-2.379721832275391,2
-0.09342730045318604,-2.379721832275391,-0.057659308984875854,-2.345334598422051,2
-0.09342730045318604,-2.345334598422051,-0.057659308984875854,-2.3109473645687104,2
-0.057659308984875854,-2.379721832275391,-0.021891317516565235,-2.345334598422051,2
-0.057659308984875854,-2.345334598422051,-0.021891317516565235,-2.3109473645687104,2
-0.09342730045318604,-2.310947364568711,-0.057659308984875854,-2.2765601307153704,2
-0.09342730045318604,-2.27656013071537,-0.057659308984875854,-2.24217289686203,2
-0.057659308984875854,-2.310947364568711,-0.021891317516565235,-2.2765601307153704,2
-0.057659308984875854,-2.27656013071537,-0.021891317516565235,-2.24217289686203,2
-0.021891317516565235,-2.379721832275391,0.013876673951744942,-2.345334598422051,2
-0.021891317516565235,-2.345334598422051,0.013876673951744942,-2.3109473645687104,2
0.013876673951744942,-2.379721832275391,0.049644665420055564,-2.345334598422051,2
0.013876673951744942,-2.345334598422051,0.049644665420055564,-2.3109473645687104,2
-0.021891317516565235,-2.310947364568711,0.013876673951744942,-2.2765601307153704,2
-0.021891317516565235,-2.27656013071537,0.013876673951744942,-2.24217289686203,2
0.013876673951744942,-2.310947364568711,0.049644665420055564,-2.2765601307153704,2
0.013876673951744942,-2.27656013071537,0.049644665420055564,-2.24217289686203,2
-0.09342730045318604,-2.24217289686203,-0.057659308984875854,-2.20778566300869,2
-0.09342730045318604,-2.20778566300869,-0.057659308984875854,-2.17339842915535,2
-0.057659308984875854,-2.24217289686203,-0.021891317516565235,-2.20778566300869,2
-0.057659308984875854,-2.20778566300869,-0.021891317516565235,-2.17339842915535,2
-0.09342730045318604,-2.17339842915535,-0.057659308984875854,-2.1390111953020097,2
-0.09342730045318604,-2.13901119530201,-0.057659308984875854,-2.1046239614486697,2
-0.057659308984875854,-2.17339842915535,-0.021891317516565235,-2.1390111953020097,2
-0.057659308984875854,-2.13901119530201,-0.021891317516565235,-2.1046239614486697,2
-0.021891317516565235,-2.24217289686203,0.013876673951744942,-2.20778566300869,2
-0.021891317516565235,-2.20778566300869,0.013876673951744942,-2.17339842915535,2
0.013876673951744942,-2.24217289686203,0.049644665420055564,-2.20778566300869,2
0.013876673951744942,-2.20778566300869,0.049644665420055564,-2.17339842915535,2
-0.021891317516565235,-2.17339842915535,0.013876673951744942,-2.1390111953020097,2
-0.021891317516565235,-2.13901119530201,0.013876673951744942,-2.1046239614486697,2
0.013876673951744942,-2.17339842915535,0.049644665420055564,-2.1390111953020097,2
0.013876673951744942,-2.13901119530201,0.049644665420055564,-2.1046239614486697,2
0.049644665420055564,-2.379721832275391,0.08541265688836575,-2.345334598422051,2
0.049644665420055564,-2.345334598422051,0.08541265688836575,-2.3109473645687104,2
0.08541265688836575,-2.379721832275391,0.12118064835667591,-2.345334598422051,2
0.08541265688836575,-2.345334598422051,0.12118064835667591,-2.3109473645687104,2
0.049644665420055564,-2.310947364568711,0.08541265688836575,-2.2765601307153704,2
0.049644665420055564,-2.27656013071537,0.08541265688836575,-2.24217289686203,2
0.08541265688836575,-2.310947364568711,0.12118064835667591,-2.2765601307153704,2
0.08541265688836575,-2.27656013071537,0.12118064835667591,-2.24217289686203,2
0.12118064835667591,-2.379721832275391,0.15694863982498655,-2.345334598422051,2
0.12118064835667591,-2.345334598422051,0.15694863982498655,-2.3109473645687104,2
0.15694863982498655,-2.345334598422051,0.19271663129329672,-2.3109473645687104,2
0.12118064835667591,-2.310947364568711,0.15694863982498655,-2.2765601307153704,2
0.12118064835667591,-2.27656013071537,0.15694863982498655,-2.24217289686203,2
0.15694863982498655,-2.310947364568711,0.19271663129329672,-2.2765601307153704,2
0.15694863982498655,-2.27656013071537,0.19271663129329672,-2.24217289686203,2
0.049644665420055564,-2.24217289686203,0.08541265688836575,-2.20778566300869,2
0.049644665420055564,-2.20778566300869,0.08541265688836575,-2.17339842915535,2
0.08541265688836575,-2.24217289686203,0.12118064835667591,-2.20778566300869,2
0.08541265688836575,-2.20778566300869,0.12118064835667591,-2.17339842915535,2
0.049644665420055564,-2.17339842915535,0.08541265688836575,-2.1390111953020097,2
0.049644665420055564,-2.13901119530201,0.08541265688836575,-2.1046239614486697,2
0.08541265688836575,-2.17339842915535,0.12118064835667591,-2.1390111953020097,2
0.08541265688836575,-2.13901119530201,0.12118064835667591,-2.1046239614486697,2
0.12118064835667591,-2.24217289686203,0.15694863982498655,-2.20778566300869,2
0.12118064835667591,-2.20778566300869,0.15694863982498655,-2.17339842915535,2
0.15694863982498655,-2.24217289686203,0.19271663129329672,-2.20778566300869,2
0.15694863982498655,-2.20778566300869,0.19271663129329672,-2.17339842915535,2
0.12118064835667591,-2.17339842915535,0.15694863982498655,-2.1390111953020097,2
0.12118064835667591,-2.13901119530201,0.15694863982498655,-2.1046239614486697,2
0.15694863982498655,-2.17339842915535,0.19271663129329672,-2.1390111953020097,2
0.15694863982498655,-2.13901119530201,0.19271663129329672,-2.1046239614486697,2
-0.09342730045318604,-2.1046239614486693,-0.057659308984875854,-2.0702367275953293,2
-0.09342730045318604,-2.0702367275953293,-0.057659308984875854,-2.0358494937419893,2
-0.057659308984875854,-2.1046239614486693,-0.021891317516565235,-2.0702367275953293,2
-0.057659308984875854,-2.0702367275953293,-0.021891317516565235,-2.0358494937419893,2
-0.09342730045318604,-2.0358494937419893,-0.057659308984875854,-2.0014622598886493,2
-0.09342730045318604,-2.0014622598886493,-0.057659308984875854,-1.967075026035309,2
-0.057659308984875854,-2.0358494937419893,-0.021891317516565235,-2.0014622598886493,2
-0.057659308984875854,-2.0014622598886493,-0.021891317516565235,-1.967075026035309,2
-0.021891317516565235,-2.1046239614486693,0.013876673951744942,-2.0702367275953293,2
-0.021891317516565235,-2.0702367275953293,0.013876673951744942,-2.0358494937419893,2
0.013876673951744942,-2.1046239614486693,0.049644665420055564,-2.0702367275953293,2
0.013876673951744942,-2.0702367275953293,0.049644665420055564,-2.0358494937419893,2
-0.021891317516565235,-2.0358494937419893,0.013876673951744942,-2.0014622598886493,2
-0.021891317516565235,-2.0014622598886493,0.013876673951744942,-1.967075026035309,2
0.013876673951744942,-2.0358494937419893,0.049644665420055564,-2.0014622598886493,2
0.013876673951744942,-2.0014622598886493,0.049644665420055564,-1.967075026035309,2
-0.09342730045318604,-1.9670750260353091,-0.057659308984875854,-1.932687792181969,2
-0.09342730045318604,-1.9326877921819687,-0.057659308984875854,-1.8983005583286285,2
-0.057659308984875854,-1.9670750260353091,-0.021891317516565235,-1.932687792181969,2
-0.057659308984875854,-1.9326877921819687,-0.021891317516565235,-1.8983005583286285,2
-0.09342730045318604,-1.8983005583286285,-0.057659308984875854,-1.8639133244752886,2
-0.09342730045318604,-1.8639133244752886,-0.057659308984875854,-1.8295260906219486,2
-0.057659308984875854,-1.8983005583286285,-0.021891317516565235,-1.8639133244752886,2
-0.057659308984875854,-1.8639133244752886,-0.021891317516565235,-1.8295260906219486,2
-0.021891317516565235,-1.9670750260353091,0.013876673951744942,-1.932687792181969,2
-0.021891317516565235,-1.9326877921819687,0.013876673951744942,-1.8983005583286285,2
0.013876673951744942,-1.9670750260353091,0.049644665420055564,-1.932687792181969,2
0.013876673951744942,-1.9326877921819687,0.049644665420055564,-1.8983005583286285,2
-0.021891317516565235,-1.8983005583286285,0.013876673951744942,-1.8639133244752886,2
-0.021891317516565235,-1.8639133244752886,0.013876673951744942,-1.8295260906219486,2
0.013876673951744942,-1.8983005583286285,0.049644665420055564,-1.8639133244752886,2
0.013876673951744942,-1.8639133244752886,0.049644665420055564,-1.8295260906219486,2
0.049644665420055564,-2.1046239614486693,0.08541265688836575,-2.0702367275953293,2
0.049644665420055564,-2.0702367275953293,0.08541265688836575,-2.0358494937419893,2
0.08541265688836575,-2.1046239614486693,0.12118064835667591,-2.0702367275953293,2
0.08541265688836575,-2.0702367275953293,0.12118064835667591,-2.0358494937419893,2
0.049644665420055564,-2.0358494937419893,0.08541265688836575,-2.0014622598886493,2
0.049644665420055564,-2.0014622598886493,0.08541265688836575,-1.967075026035309,2
0.08541265688836575,-2.0358494937419893,0.12118064835667591,-2.0014622598886493,2
0.08541265688836575,-2.0014622598886493,0.12118064835667591,-1.967075026035309,2
0.12118064835667591,-2.1046239614486693,0.15694863982498655,-2.0702367275953293,2
0.12118064835667591,-2.0702367275953293,0.15694863982498655,-2.0358494937419893,2
0.15694863982498655,-2.1046239614486693,0.19271663129329672,-2.0702367275953293,2
0.15694863982498655,-2.0702367275953293,0.19271663129329672,-2.0358494937419893,2
0.12118064835667591,-2.0358494937419893,0.15694863982498655,-2.0014622598886493,2
0.12118064835667591,-2.0014622598886493,0.15694863982498655,-1.967075026035309,2
0.15694863982498655,-2.0358494937419893,0.19271663129329672,-2.0014622598886493,2
0.15694863982498655,-2.0014622598886493,0.19271663129329672,-1.967075026035309,2
0.049644665420055564,-1.9670750260353091,0.08541265688836575,-1.932687792181969,2
0.049644665420055564,-1.9326877921819687,0.08541265688836575,-1.8983005583286285,2
0.08541265688836575,-1.9670750260353091,0.12118064835667591,-1.932687792181969,2
0.08541265688836575,-1.9326877921819687,0.12118064835667591,-1.8983005583286285,2
0.049644665420055564,-1.8983005583286285,0.08541265688836575,-1.8639133244752886,2
0.049644665420055564,-1.8639133244752886,0.08541265688836575,-1.8295260906219486,2
0.08541265688836575,-1.8983005583286285,0.12118064835667591,-1.8639133244752886,2
0.08541265688836575,-1.8639133244752886,0.12118064835667591,-1.8295260906219486,2
0.12118064835667591,-1.9670750260353091,0.15694863982498655,-1.932687792181969,2
0.12118064835667591,-1.9326877921819687,0.15694863982498655,-1.8983005583286285,2
0.15694863982498655,-1.9670750260353091,0.19271663129329672,-1.932687792181969,2
0.15694863982498655,-1.9326877921819687,0.19271663129329672,-1.8983005583286285,2
0.12118064835667591,-1.8983005583286285,0.15694863982498655,-1.8639133244752886,2
0.12118064835667591,-1.8639133244752886,0.15694863982498655,-1.8295260906219486,2
0.15694863982498655,-1.8983005583286285,0.19271663129329672,-1.8639133244752886,2
0.15694863982498655,-1.8639133244752886,0.19271663129329672,-1.8295260906219486,2
0.19271663129329672,-2.345334598422051,0.22848462276160733,-2.3109473645687104,2
0.19271663129329672,-2.310947364568711,0.22848462276160733,-2.2765601307153704,2
0.19271663129329672,-2.27656013071537,0.22848462276160733,-2.24217289686203,2
0.22848462276160733,-2.310947364568711,0.2642526142299175,-2.2765601307153704,2
0.22848462276160733,-2.27656013071537,0.2642526142299175,-2.24217289686203,2
0.2642526142299175,-2.310947364568711,0.3000206056982277,-2.2765601307153704,2
0.2642526142299175,-2.27656013071537,0.3000206056982277,-2.24217289686203,2
0.3000206056982277,-2.310947364568711,0.3357885971665383,-2.2765601307153704,2
0.3000206056982277,-2.27656013071537,0.3357885971665383,-2.24217289686203,2
0.19271663129329672,-2.24217289686203,0.22848462276160733,-2.20778566300869,2
0.19271663129329672,-2.20778566300869,0.22848462276160733,-2.17339842915535,2
0.22848462276160733,-2.24217289686203,0.2642526142299175,-2.20778566300869,2
0.22848462276160733,-2.20778566300869,0.2642526142299175,-2.17339842915535,2
0.19271663129329672,-2.17339842915535,0.22848462276160733,-2.1390111953020097,2
0.19271663129329672,-2.13901119530201,0.22848462276160733,-2.1046239614486697,2
0.22848462276160733,-2.17339842915535,0.2642526142299175,-2.1390111953020097,2
0.22848462276160733,-2.13901119530201,0.2642526142299175,-2.1046239614486697,2
0.2642526142299175,-2.24217289686203,0.3000206056982277,-2.20778566300869,2
0.2642526142299175,-2.20778566300869,0.3000206056982277,-2.17339842915535,2
0.3000206056982277,-2.24217289686203,0.3357885971665383,-2.20778566300869,2
0.3000206056982277,-2.20778566300869,0.3357885971665383,-2.17339842915535,2
0.2642526142299175,-2.17339842915535,0.3000206056982277,-2.1390111953020097,2
0.2642526142299175,-2.13901119530201,0.3000206056982277,-2.1046239614486697,2
0.3000206056982277,-2.17339842915535,0.3357885971665383,-2.1390111953020097,2
0.3000206056982277,-2.13901119530201,0.3357885971665383,-2.1046239614486697,2
0.3357885971665383,-2.310947364568711,0.3715565886348485,-2.2765601307153704,2
0.3357885971665383,-2.27656013071537,0.3715565886348485,-2.24217289686203,2
0.3715565886348485,-2.27656013071537,0.40732458010315914,-2.24217289686203,2
0.40732458010315914,-2.27656013071537,0.4430925715714693,-2.24217289686203,2
0.4430925715714693,-2.27656013071537,0.4788605630397795,-2.24217289686203,2
0.3357885971665383,-2.24217289686203,0.3715565886348485,-2.20778566300869,2
0.3357885971665383,-2.20778566300869,0.3715565886348485,-2.17339842915535,2
0.3715565886348485,-2.24217289686203,0.40732458010315914,-2.20778566300869,2
0.3715565886348485,-2.20778566300869,0.40732458010315914,-2.17339842915535,2
0.3357885971665383,-2.17339842915535,0.3715565886348485,-2.1390111953020097,2
0.3357885971665383,-2.13901119530201,0.3715565886348485,-2.1046239614486697,2
0.3715565886348485,-2.17339842915535,0.40732458010315914,-2.1390111953020097,2
0.3715565886348485,-2.13901119530201,0.40732458010315914,-2.1046239614486697,2
0.40732458010315914,-2.24217289686203,0.4430925715714693,-2.20778566300869,2
0.40732458010315914,-2.20778566300869,0.4430925715714693,-2.17339842915535,2
0.4430925715714693,-2.24217289686203,0.4788605630397795,-2.20778566300869,2
0.4430925715714693,-2.20778566300869,0.4788605630397795,-2.17339842915535,2
0.40732458010315914,-2.17339842915535,0.4430925715714693,-2.1390111953020097,2
0.40732458010315914,-2.13901119530201,0.4430925715714693,-2.1046239614486697,2
0.4430925715714693,-2.17339842915535,0.4788605630397795,-2.1390111953020097,2
0.4430925715714693,-2.13901119530201,0.4788605630397795,-2.1046239614486697,2
0.19271663129329672,-2.1046239614486693,0.22848462276160733,-2.0702367275953293,2
0.19271663129329672,-2.0702367275953293,0.22848462276160733,-2.0358494937419893,2
0.22848462276160733,-2.1046239614486693,0.2642526142299175,-2.0702367275953293,2
0.22848462276160733,-2.0702367275953293,0.2642526142299175,-2.0358494937419893,2
0.19271663129329672,-2.0358494937419893,0.22848462276160733,-2.0014622598886493,2
0.19271663129329672,-2.0014622598886493,0.22848462276160733,-1.967075026035309,2
0.22848462276160733,-2.0358494937419893,0.2642526142299175,-2.0014622598886493,2
0.22848462276160733,-2.0014622598886493,0.2642526142299175,-1.967075026035309,2
0.2642526142299175,-2.1046239614486693,0.3000206056982277,-2.0702367275953293,2
0.2642526142299175,-2.0702367275953293,0.3000206056982277,-2.0358494937419893,2
0.3000206056982277,-2.1046239614486693,0.3357885971665383,-2.0702367275953293,2
0.3000206056982277,-2.0702367275953293,0.3357885971665383,-2.0358494937419893,2
0.2642526142299175,-2.0358494937419893,0.3000206056982277,-2.0014622598886493,2
0.2642526142299175,-2.0014622598886493,0.3000206056982277,-1.967075026035309,2
0.3000206056982277,-2.0358494937419893,0.3357885971665383,-2.0014622598886493,2
0.3000206056982277,-2.0014622598886493,0.3357885971665383,-1.967075026035309,2
0.19271663129329672,-1.9670750260353091,0.22848462276160733,-1.932687792181969,2
0.19271663129329672,-1.9326877921819687,0.22848462276160733,-1.8983005583286285,2
0.22848462276160733,-1.9670750260353091,0.2642526142299175,-1.932687792181969,2
0.22848462276160733,-1.9326877921819687,0.2642526142299175,-1.8983005583286285,2
0.19271663129329672,-1.8983005583286285,0.22848462276160733,-1.8639133244752886,2
0.19271663129329672,-1.8639133244752886,0.22848462276160733,-1.8295260906219486,2
0.22848462276160733,-1.8983005583286285,0.2642526142299175,-1.8639133244752886,2
0.22848462276160733,-1.8639133244752886,0.2642526142299175,-1.8295260906219486,2
0.2642526142299175,-1.9670750260353091,0.3000206056982277,-1.932687792181969,2
0.2642526142299175,-1.9326877921819687,0.3000206056982277,-1.8983005583286285,2
0.3000206056982277,-1.9670750260353091,0.3357885971665383,-1.932687792181969,2
0.3000206056982277,-1.9326877921819687,0.3357885971665383,-1.8983005583286285,2
0.2642526142299175,-1.8983005583286285,0.3000206056982277,-1.8639133244752886,2
0.2642526142299175,-1.8639133244752886,0.3000206056982277,-1.8295260906219486,2
0.3000206056982277,-1.8983005583286285,0.3357885971665383,-1.8639133244752886,2
0.3000206056982277,-1.8639133244752886,0.3357885971665383,-1.8295260906219486,2
0.3357885971665383,-2.1046239614486693,0.3715565886348485,-2.0702367275953293,2
0.3357885971665383,-2.0702367275953293,0.3715565886348485,-2.0358494937419893,2
0.3715565886348485,-2.1046239614486693,0.40732458010315914,-2.0702367275953293,2
0.3715565886348485,-2.0702367275953293,0.40732458010315914,-2.0358494937419893,2
0.3357885971665383,-2.0358494937419893,0.3715565886348485,-2.0014622598886493,2
0.3357885971665383,-2.0014622598886493,0.3715565886348485,-1.967075026035309,2
0.3715565886348485,-2.0358494937419893,0.40732458010315914,-2.0014622598886493,2
0.3715565886348485,-2.0014622598886493,0.40732458010315914,-1.967075026035309,2
0.40732458010315914,-2.1046239614486693,0.4430925715714693,-2.0702367275953293,2
0.40732458010315914,-2.0702367275953293,0.4430925715714693,-2.0358494937419893,2
0.4430925715714693,-2.1046239614486693,0.4788605630397795,-2.0702367275953293,2
0.4430925715714693,-2.0702367275953293,0.4788605630397795,-2.0358494937419893,2
0.40732458010315914,-2.0358494937419893,0.4430925715714693,-2.0014622598886493,2
0.40732458010315914,-2.0014622598886493,0.4430925715714693,-1.967075026035309,2
0.4430925715714693,-2.0358494937419893,0.4788605630397795,-2.0014622598886493,2
0.4430925715714693,-2.0014622598886493,0.4788605630397795,-1.967075026035309,2
0.3357885971665383,-1.9670750260353091,0.3715565886348485,-1.932687792181969,2
0.3357885971665383,-1.9326877921819687,0.3715565886348485,-1.8983005583286285,2
0.3715565886348485,-1.9670750260353091,0.40732458010315914,-1.932687792181969,2
0.3715565886348485,-1.9326877921819687,0.40732458010315914,-1.8983005583286285,2
0.3357885971665383,-1.8983005583286285,0.3715565886348485,-1.8639133244752886,2
0.3357885971665383,-1.8639133244752886,0.3715565886348485,-1.8295260906219486,2
0.3715565886348485,-1.8983005583286285,0.40732458010315914,-1.8639133244752886,2
0.3715565886348485,-1.8639133244752886,0.40732458010315914,-1.8295260906219486,2
0.40732458010315914,-1.9670750260353091,0.4430925715714693,-1.932687792181969,2
0.40732458010315914,-1.9326877921819687,0.4430925715714693,-1.8983005583286285,2
0.4430925715714693,-1.9670750260353091,0.4788605630397795,-1.932687792181969,2
0.4430925715714693,-1.9326877921819687,0.4788605630397795,-1.8983005583286285,2
0.40732458010315914,-1.8983005583286285,0.4430925715714693,-1.8639133244752886,2
0.40732458010315914,-1.8639133244752886,0.4430925715714693,-1.8295260906219486,2
0.4430925715714693,-1.8983005583286285,0.4788605630397795,-1.8639133244752886,2
0.4430925715714693,-1.8639133244752886,0.4788605630397795,-1.8295260906219486,2
-0.09342730045318604,-1.8295260906219486,-0.057659308984875854,-1.7951388567686082,2
-0.09342730045318604,-1.7951388567686084,-0.057659308984875854,-1.7607516229152682,2
-0.057659308984875854,-1.8295260906219486,-0.021891317516565235,-1.7951388567686082,2
-0.057659308984875854,-1.7951388567686084,-0.021891317516565235,-1.7607516229152682,2
-0.09342730045318604,-1.760751622915268,-0.057659308984875854,-1.7263643890619278,2
-0.09342730045318604,-1.7263643890619278,-0.057659308984875854,-1.6919771552085878,2
-0.057659308984875854,-1.760751622915268,-0.021891317516565235,-1.7263643890619278,2
-0.057659308984875854,-1.7263643890619278,-0.021891317516565235,-1.6919771552085878,2
-0.021891317516565235,-1.8295260906219486,0.013876673951744942,-1.7951388567686082,2
-0.021891317516565235,-1.7951388567686084,0.013876673951744942,-1.7607516229152682,2
0.013876673951744942,-1.8295260906219486,0.049644665420055564,-1.7951388567686082,2
0.013876673951744942,-1.7951388567686084,0.049644665420055564,-1.7607516229152682,2
-0.021891317516565235,-1.760751622915268,0.013876673951744942,-1.7263643890619278,2
-0.021891317516565235,-1.7263643890619278,0.013876673951744942,-1.6919771552085878,2
0.013876673951744942,-1.760751622915268,0.049644665420055564,-1.7263643890619278,2
0.013876673951744942,-1.7263643890619278,0.049644665420055564,-1.6919771552085878,2
-0.09342730045318604,-1.6919771552085878,-0.057659308984875854,-1.6575899213552474,2
-0.09342730045318604,-1.6575899213552476,-0.057659308984875854,-1.6232026875019074,2
-0.057659308984875854,-1.6919771552085878,-0.021891317516565235,-1.6575899213552474,2
-0.057659308984875854,-1.6575899213552476,-0.021891317516565235,-1.6232026875019074,2
-0.09342730045318604,-1.6232026875019077,-0.057659308984875854,-1.5888154536485675,2
-0.09342730045318604,-1.5888154536485672,-0.057659308984875854,-1.554428219795227,2
-0.057659308984875854,-1.6232026875019077,-0.021891317516565235,-1.5888154536485675,2
-0.057659308984875854,-1.5888154536485672,-0.021891317516565235,-1.554428219795227,2
-0.021891317516565235,-1.6919771552085878,0.013876673951744942,-1.6575899213552474,2
-0.021891317516565235,-1.6575899213552476,0.013876673951744942,-1.6232026875019074,2
0.013876673951744942,-1.6919771552085878,0.049644665420055564,-1.6575899213552474,2
0.013876673951744942,-1.6575899213552476,0.049644665420055564,-1.6232026875019074,2
-0.021891317516565235,-1.6232026875019077,0.013876673951744942,-1.5888154536485675,2
-0.021891317516565235,-1.5888154536485672,0.013876673951744942,-1.554428219795227,2
0.013876673951744942,-1.6232026875019077,0.049644665420055564,-1.5888154536485675,2
0.013876673951744942,-1.5888154536485672,0.049644665420055564,-1.554428219795227,2
0.049644665420055564,-1.8295260906219486,0.08541265688836575,-1.7951388567686082,2
0.049644665420055564,-1.7951388567686084,0.08541265688836575,-1.7607516229152682,2
0.08541265688836575,-1.8295260906219486,0.12118064835667591,-1.7951388567686082,2
0.08541265688836575,-1.7951388567686084,0.12118064835667591,-1.7607516229152682,2
0.049644665420055564,-1.760751622915268,0.08541265688836575,-1.7263643890619278,2
0.049644665420055564,-1.7263643890619278,0.08541265688836575,-1.6919771552085878,2
0.08541265688836575,-1.760751622915268,0.12118064835667591,-1.7263643890619278,2
0.08541265688836575,-1.7263643890619278,0.12118064835667591,-1.6919771552085878,2
0.12118064835667591,-1.8295260906219486,0.15694863982498655,-1.7951388567686082,2
0.12118064835667591,-1.7951388567686084,0.15694863982498655,-1.7607516229152682,2
0.15694863982498655,-1.8295260906219486,0.19271663129329672,-1.7951388567686082,2
0.15694863982498655,-1.7951388567686084,0.19271663129329672,-1.7607516229152682,2
0.12118064835667591,-1.760751622915268,0.15694863982498655,-1.7263643890619278,2
0.12118064835667591,-1.7263643890619278,0.15694863982498655,-1.6919771552085878,2
0.15694863982498655,-1.760751622915268,0.19271663129329672,-1.7263643890619278,2
0.15694863982498655,-1.7263643890619278,0.19271663129329672,-1.6919771552085878,2
0.049644665420055564,-1.6919771552085878,0.08541265688836575,-1.6575899213552474,2
0.049644665420055564,-1.6575899213552476,0.08541265688836575,-1.6232026875019074,2
0.08541265688836575,-1.6919771552085878,0.12118064835667591,-1.6575899213552474,2
0.08541265688836575,-1.6575899213552476,0.12118064835667591,-1.6232026875019074,2
0.049644665420055564,-1.6232026875019077,0.08541265688836575,-1.5888154536485675,2
0.049644665420055564,-1.5888154536485672,0.08541265688836575,-1.554428219795227,2
0.08541265688836575,-1.6232026875019077,0.12118064835667591,-1.5888154536485675,2
0.08541265688836575,-1.5888154536485672,0.12118064835667591,-1.554428219795227,2
0.12118064835667591,-1.6919771552085878,0.15694863982498655,-1.6575899213552474,2
0.12118064835667591,-1.6575899213552476,0.15694863982498655,-1.6232026875019074,2
0.15694863982498655,-1.6919771552085878,0.19271663129329672,-1.6575899213552474,2
0.15694863982498655,-1.6575899213552476,0.19271663129329672,-1.6232026875019074,2
0.12118064835667591,-1.6232026875019077,0.15694863982498655,-1.5888154536485675,2
0.12118064835667591,-1.5888154536485672,0.15694863982498655,-1.554428219795227,2
0.15694863982498655,-1.6232026875019077,0.19271663129329672,-1.5888154536485675,2
0.15694863982498655,-1.5888154536485672,0.19271663129329672,-1.554428219795227,2
-0.09342730045318604,-1.554428219795227,-0.057659308984875854,-1.520040985941887,2
-0.09342730045318604,-1.520040985941887,-0.057659308984875854,-1.4856537520885467,2
-0.057659308984875854,-1.554428219795227,-0.021891317516565235,-1.520040985941887,2
-0.057659308984875854,-1.520040985941887,-0.021891317516565235,-1.4856537520885467,2
-0.09342730045318604,-1.4856537520885469,-0.057659308984875854,-1.4512665182352067,2
-0.09342730045318604,-1.451266518235207,-0.057659308984875854,-1.4168792843818667,2
-0.057659308984875854,-1.4856537520885469,-0.021891317516565235,-1.4512665182352067,2
-0.057659308984875854,-1.451266518235207,-0.021891317516565235,-1.4168792843818667,2
-0.021891317516565235,-1.554428219795227,0.013876673951744942,-1.520040985941887,2
-0.021891317516565235,-1.520040985941887,0.013876673951744942,-1.4856537520885467,2
0.013876673951744942,-1.554428219795227,0.049644665420055564,-1.520040985941887,2
0.013876673951744942,-1.520040985941887,0.049644665420055564,-1.4856537520885467,2
-0.021891317516565235,-1.4856537520885469,0.013876673951744942,-1.4512665182352067,2
-0.021891317516565235,-1.451266518235207,0.013876673951744942,-1.4168792843818667,2
0.013876673951744942,-1.4856537520885469,0.049644665420055564,-1.4512665182352067,2
0.013876673951744942,-1.451266518235207,0.049644665420055564,-1.4168792843818667,2
-0.09342730045318604,-1.4168792843818665,-0.057659308984875854,-1.3824920505285263,2
-0.09342730045318604,-1.3824920505285263,-0.057659308984875854,-1.3481048166751863,2
-0.057659308984875854,-1.4168792843818665,-0.021891317516565235,-1.3824920505285263,2
-0.057659308984875854,-1.3824920505285263,-0.021891317516565235,-1.3481048166751863,2
-0.09342730045318604,-1.3481048166751863,-0.057659308984875854,-1.313717582821846,2
-0.09342730045318604,-1.3137175828218461,-0.057659308984875854,-1.279330348968506,2
-0.057659308984875854,-1.3481048166751863,-0.021891317516565235,-1.313717582821846,2
-0.057659308984875854,-1.3137175828218461,-0.021891317516565235,-1.279330348968506,2
-0.021891317516565235,-1.4168792843818665,0.013876673951744942,-1.3824920505285263,2
-0.021891317516565235,-1.3824920505285263,0.013876673951744942,-1.3481048166751863,2
0.013876673951744942,-1.4168792843818665,0.049644665420055564,-1.3824920505285263,2
0.013876673951744942,-1.3824920505285263,0.049644665420055564,-1.3481048166751863,2
-0.021891317516565235,-1.3481048166751863,0.013876673951744942,-1.313717582821846,2
-0.021891317516565235,-1.3137175828218461,0.013876673951744942,-1.279330348968506,2
0.013876673951744942,-1.3481048166751863,0.049644665420055564,-1.313717582821846,2
0.013876673951744942,-1.3137175828218461,0.049644665420055564,-1.279330348968506,2
0.049644665420055564,-1.554428219795227,0.08541265688836575,-1.520040985941887,2
0.049644665420055564,-1.520040985941887,0.08541265688836575,-1.4856537520885467,2
0.08541265688836575,-1.554428219795227,0.12118064835667591,-1.520040985941887,2
0.08541265688836575,-1.520040985941887,0.12118064835667591,-1.4856537520885467,2
0.049644665420055564,-1.4856537520885469,0.08541265688836575,-1.4512665182352067,2
0.049644665420055564,-1.451266518235207,0.08541265688836575,-1.4168792843818667,2
0.08541265688836575,-1.4856537520885469,0.12118064835667591,-1.4512665182352067,2
0.08541265688836575,-1.451266518235207,0.12118064835667591,-1.4168792843818667,2
0.12118064835667591,-1.554428219795227,0.15694863982498655,-1.520040985941887,2
0.12118064835667591,-1.520040985941887,0.15694863982498655,-1.4856537520885467,2
0.15694863982498655,-1.554428219795227,0.19271663129329672,-1.520040985941887,2
0.15694863982498655,-1.520040985941887,0.19271663129329672,-1.4856537520885467,2
0.12118064835667591,-1.4856537520885469,0.15694863982498655,-1.4512665182352067,2
0.12118064835667591,-1.451266518235207,0.15694863982498655,-1.4168792843818667,2
0.15694863982498655,-1.4856537520885469,0.19271663129329672,-1.4512665182352067,2
0.15694863982498655,-1.451266518235207,0.19271663129329672,-1.4168792843818667,2
0.049644665420055564,-1.4168792843818665,0.08541265688836575,-1.3824920505285263,2
0.049644665420055564,-1.3824920505285263,0.08541265688836575,-1.3481048166751863,2
0.08541265688836575,-1.4168792843818665,0.12118064835667591,-1.3824920505285263,2
0.08541265688836575,-1.3824920505285263,0.12118064835667591,-1.3481048166751863,2
0.049644665420055564,-1.3481048166751863,0.08541265688836575,-1.313717582821846,2
0.049644665420055564,-1.3137175828218461,0.08541265688836575,-1.279330348968506,2
0.08541265688836575,-1.3481048166751863,0.12118064835667591,-1.313717582821846,2
0.08541265688836575,-1.3137175828218461,0.12118064835667591,-1.279330348968506,2
0.12118064835667591,-1.4168792843818665,0.15694863982498655,-1.3824920505285263,2
0.12118064835667591,-1.3824920505285263,0.15694863982498655,-1.3481048166751863,2
0.15694863982498655,-1.4168792843818665,0.19271663129329672,-1.3824920505285263,2
0.15694863982498655,-1.3824920505285263,0.19271663129329672,-1.3481048166751863,2
0.12118064835667591,-1.3481048166751863,0.15694863982498655,-1.313717582821846,2
0.12118064835667591,-1.3137175828218461,0.15694863982498655,-1.279330348968506,2
0.15694863982498655,-1.3481048166751863,0.19271663129329672,-1.313717582821846,2
0.15694863982498655,-1.3137175828218461,0.19271663129329672,-1.279330348968506,2
0.19271663129329672,-1.8295260906219486,0.22848462276160733,-1.7951388567686082,2
0.19271663129329672,-1.7951388567686084,0.22848462276160733,-1.7607516229152682,2
0.22848462276160733,-1.8295260906219486,0.2642526142299175,-1.7951388567686082,2
0.22848462276160733,-1.7951388567686084,0.2642526142299175,-1.7607516229152682,2
0.19271663129329672,-1.760751622915268,0.22848462276160733,-1.7263643890619278,2
0.19271663129329672,-1.7263643890619278,0.22848462276160733,-1.6919771552085878,2
0.22848462276160733,-1.760751622915268,0.2642526142299175,-1.7263643890619278,2
0.22848462276160733,-1.7263643890619278,0.2642526142299175,-1.6919771552085878,2
0.2642526142299175,-1.8295260906219486,0.3000206056982277,-1.7951388567686082,2
0.2642526142299175,-1.7951388567686084,0.3000206056982277,-1.7607516229152682,2
0.3000206056982277,-1.8295260906219486,0.3357885971665383,-1.7951388567686082,2
0.3000206056982277,-1.7951388567686084,0.3357885971665383,-1.7607516229152682,2
0.2642526142299175,-1.760751622915268,0.3000206056982277,-1.7263643890619278,2
0.2642526142299175,-1.7263643890619278,0.3000206056982277,-1.6919771552085878,2
0.3000206056982277,-1.760751622915268,0.3357885971665383,-1.7263643890619278,2
0.3000206056982277,-1.7263643890619278,0.3357885971665383,-1.6919771552085878,2
0.19271663129329672,-1.6919771552085878,0.22848462276160733,-1.6575899213552474,2
0.19271663129329672,-1.6575899213552476,0.22848462276160733,-1.6232026875019074,2
0.22848462276160733,-1.6919771552085878,0.2642526142299175,-1.6575899213552474,2
0.22848462276160733,-1.6575899213552476,0.2642526142299175,-1.6232026875019074,2
0.19271663129329672,-1.6232026875019077,0.22848462276160733,-1.5888154536485675,2
0.19271663129329672,-1.5888154536485672,0.22848462276160733,-1.554428219795227,2
0.22848462276160733,-1.6232026875019077,0.2642526142299175,-1.5888154536485675,2
0.22848462276160733,-1.5888154536485672,0.2642526142299175,-1.554428219795227,2
0.2642526142299175,-1.6919771552085878,0.3000206056982277,-1.6575899213552474,2
0.2642526142299175,-1.6575899213552476,0.3000206056982277,-1.6232026875019074,2
0.3000206056982277,-1.6919771552085878,0.3357885971665383,-1.6575899213552474,2
0.3000206056982277,-1.6575899213552476,0.3357885971665383,-1.6232026875019074,2
0.2642526142299175,-1.6232026875019077,0.3000206056982277,-1.5888154536485675,2
0.2642526142299175,-1.5888154536485672,0.3000206056982277,-1.554428219795227,2
0.3000206056982277,-1.6232026875019077,0.3357885971665383,-1.5888154536485675,2
0.3000206056982277,-1.5888154536485672,0.3357885971665383,-1.554428219795227,2
0.3357885971665383,-1.8295260906219486,0.3715565886348485,-1.7951388567686082,2
0.3357885971665383,-1.7951388567686084,0.3715565886348485,-1.7607516229152682,2
0.3715565886348485,-1.8295260906219486,0.40732458010315914,-1.7951388567686082,2
0.3715565886348485,-1.7951388567686084,0.40732458010315914,-1.7607516229152682,2
0.3357885971665383,-1.760751622915268,0.3715565886348485,-1.7263643890619278,2
0.3357885971665383,-1.7263643890619278,0.3715565886348485,-1.6919771552085878,2
0.3715565886348485,-1.760751622915268,0.40732458010315914,-1.7263643890619278,2
0.3715565886348485,-1.7263643890619278,0.40732458010315914,-1.6919771552085878,2
0.40732458010315914,-1.8295260906219486,0.4430925715714693,-1.7951388567686082,2
0.40732458010315914,-1.7951388567686084,0.4430925715714693,-1.7607516229152682,2
0.4430925715714693,-1.8295260906219486,0.4788605630397795,-1.7951388567686082,2
0.4430925715714693,-1.7951388567686084,0.4788605630397795,-1.7607516229152682,2
0.40732458010315914,-1.760751622915268,0.4430925715714693,-1.7263643890619278,2
0.40732458010315914,-1.7263643890619278,0.4430925715714693,-1.6919771552085878,2
0.4430925715714693,-1.760751622915268,0.4788605630397795,-1.7263643890619278,2
0.4430925715714693,-1.7263643890619278,0.4788605630397795,-1.6919771552085878,2
0.3357885971665383,-1.6919771552085878,0.3715565886348485,-1.6575899213552474,2
0.3357885971665383,-1.6575899213552476,0.3715565886348485,-1.6232026875019074,2
0.3715565886348485,-1.6919771552085878,0.40732458010315914,-1.6575899213552474,2
0.3715565886348485,-1.6575899213552476,0.40732458010315914,-1.6232026875019074,2
0.3357885971665383,-1.6232026875019077,0.3715565886348485,-1.5888154536485675,2
0.3357885971665383,-1.5888154536485672,0.3715565886348485,-1.554428219795227,2
0.3715565886348485,-1.6232026875019077,0.40732458010315914,-1.5888154536485675,2
0.3715565886348485,-1.5888154536485672,0.40732458010315914,-1.554428219795227,2
0.40732458010315914,-1.6919771552085878,0.4430925715714693,-1.6575899213552474,2
0.40732458010315914,-1.6575899213552476,0.4430925715714693,-1.6232026875019074,2
0.4430925715714693,-1.6919771552085878,0.4788605630397795,-1.6575899213552474,2
0.4430925715714693,-1.6575899213552476,0.4788605630397795,-1.6232026875019074,2
0.40732458010315914,-1.6232026875019077,0.4430925715714693,-1.5888154536485675,2
0.40732458010315914,-1.5888154536485672,0.4430925715714693,-1.554428219795227,2
0.4430925715714693,-1.6232026875019077,0.4788605630397795,-1.5888154536485675,2
0.4430925715714693,-1.5888154536485672,0.4788605630397795,-1.554428219795227,2
0.19271663129329672,-1.554428219795227,0.22848462276160733,-1.520040985941887,2
0.19271663129329672,-1.520040985941887,0.22848462276160733,-1.4856537520885467,2
0.22848462276160733,-1.554428219795227,0.2642526142299175,-1.520040985941887,2
0.22848462276160733,-1.520040985941887,0.2642526142299175,-1.4856537520885467,2
0.19271663129329672,-1.4856537520885469,0.22848462276160733,-1.4512665182352067,2
0.19271663129329672,-1.451266518235207,0.22848462276160733,-1.4168792843818667,2
0.22848462276160733,-1.4856537520885469,0.2642526142299175,-1.4512665182352067,2
0.22848462276160733,-1.451266518235207,0.2642526142299175,-1.4168792843818667,2
0.2642526142299175,-1.554428219795227,0.3000206056982277,-1.520040985941887,2
0.2642526142299175,-1.520040985941887,0.3000206056982277,-1.4856537520885467,2
0.3000206056982277,-1.554428219795227,0.3357885971665383,-1.520040985941887,2
0.3000206056982277,-1.520040985941887,0.3357885971665383,-1.4856537520885467,2
0.2642526142299175,-1.4856537520885469,0.3000206056982277,-1.4512665182352067,2
0.2642526142299175,-1.451266518235207,0.3000206056982277,-1.4168792843818667,2
0.3000206056982277,-1.4856537520885469,0.3357885971665383,-1.4512665182352067,2
0.3000206056982277,-1.451266518235207,0.3357885971665383,-1.4168792843818667,2
0.19271663129329672,-1.4168792843818665,0.22848462276160733,-1.3824920505285263,2
0.19271663129329672,-1.3824920505285263,0.22848462276160733,-1.3481048166751863,2
0.22848462276160733,-1.4168792843818665,0.2642526142299175,-1.3824920505285263,2
0.22848462276160733,-1.3824920505285263,0.2642526142299175,-1.3481048166751863,2
0.19271663129329672,-1.3481048166751863,0.22848462276160733,-1.313717582821846,2
0.19271663129329672,-1.3137175828218461,0.22848462276160733,-1.279330348968506,2
0.22848462276160733,-1.3481048166751863,0.2642526142299175,-1.313717582821846,2
0.22848462276160733,-1.3137175828218461,0.2642526142299175,-1.279330348968506,2
0.2642526142299175,-1.4168792843818665,0.3000206056982277,-1.3824920505285263,2
0.2642526142299175,-1.3824920505285263,0.3000206056982277,-1.3481048166751863,2
0.3000206056982277,-1.4168792843818665,0.3357885971665383,-1.3824920505285263,2
0.3000206056982277,-1.3824920505285263,0.3357885971665383,-1.3481048166751863,2
0.2642526142299175,-1.3481048166751863,0.3000206056982277,-1.313717582821846,2
0.2642526142299175,-1.3137175828218461,0.3000206056982277,-1.279330348968506,2
0.3000206056982277,-1.3481048166751863,0.3357885971665383,-1.313717582821846,2
0.3000206056982277,-1.3137175828218461,0.3357885971665383,-1.279330348968506,2
0.3357885971665383,-1.554428219795227,0.3715565886348485,-1.520040985941887,2
0.3357885971665383,-1.520040985941887,0.3715565886348485,-1.4856537520885467,2
0.3715565886348485,-1.554428219795227,0.40732458010315914,-1.520040985941887,2
0.3715565886348485,-1.520040985941887,0.40732458010315914,-1.4856537520885467,2
0.3357885971665383,-1.4856537520885469,0.3715565886348485,-1.4512665182352067,2
0.3357885971665383,-1.451266518235207,0.3715565886348485,-1.4168792843818667,2
0.3715565886348485,-1.4856537520885469,0.40732458010315914,-1.4512665182352067,2
0.3715565886348485,-1.451266518235207,0.40732458010315914,-1.4168792843818667,2
0.40732458010315914,-1.554428219795227,0.4430925715714693,-1.520040985941887,2
0.40732458010315914,-1.520040985941887,0.4430925715714693,-1.4856537520885467,2
0.4430925715714693,-1.554428219795227,0.4788605630397795,-1.520040985941887,2
0.4430925715714693,-1.520040985941887,0.4788605630397795,-1.4856537520885467,2
0.40732458010315914,-1.4856537520885469,0.4430925715714693,-1.4512665182352067,2
0.40732458010315914,-1.451266518235207,0.4430925715714693,-1.4168792843818667,2
0.4430925715714693,-1.4856537520885469,0.4788605630397795,-1.4512665182352067,2
0.4430925715714693,-1.451266518235207,0.4788605630397795,-1.4168792843818667,2
0.3357885971665383,-1.4168792843818665,0.3715565886348485,-1.3824920505285263,2
0.3357885971665383,-1.3824920505285263,0.3715565886348485,-1.3481048166751863,2
0.3715565886348485,-1.4168792843818665,0.40732458010315914,-1.3824920505285263,2
0.3715565886348485,-1.3824920505285263,0.40732458010315914,-1.3481048166751863,2
0.3357885971665383,-1.3481048166751863,0.3715565886348485,-1.313717582821846,2
0.3357885971665383,-1.3137175828218461,0.3715565886348485,-1.279330348968506,2
0.3715565886348485,-1.3481048166751863,0.40732458010315914,-1.313717582821846,2
0.3715565886348485,-1.3137175828218461,0.40732458010315914,-1.279330348968506,2
0.40732458010315914,-1.4168792843818665,0.4430925715714693,-1.3824920505285263,2
0.40732458010315914,-1.3824920505285263,0.4430925715714693,-1.3481048166751863,2
0.4430925715714693,-1.4168792843818665,0.4788605630397795,-1.3824920505285263,2
0.4430925715714693,-1.3824920505285263,0.4788605630397795,-1.3481048166751863,2
0.40732458010315914,-1.3481048166751863,0.4430925715714693,-1.313717582821846,2
0.40732458010315914,-1.3137175828218461,0.4430925715714693,-1.279330348968506,2
0.4430925715714693,-1.3481048166751863,0.4788605630397795,-1.313717582821846,2
0.4430925715714693,-1.3137175828218461,0.4788605630397795,-1.279330348968506,2
0.4788605630397795,-2.24217289686203,0.5146285545080901,-2.20778566300869,2
0.4788605630397795,-2.20778566300869,0.5146285545080901,-2.17339842915535,2
0.5146285545080901,-2.24217289686203,0.5503965459764003,-2.20778566300869,2
0.5146285545080901,-2.20778566300869,0.5503965459764003,-2.17339842915535,2
0.4788605630397795,-2.17339842915535,0.5146285545080901,-2.1390111953020097,2
0.4788605630397795,-2.13901119530201,0.5146285545080901,-2.1046239614486697,2
0.5146285545080901,-2.17339842915535,0.5503965459764003,-2.1390111953020097,2
0.5146285545080901,-2.13901119530201,0.5503965459764003,-2.1046239614486697,2
0.5503965459764003,-2.24217289686203,0.5861645374447109,-2.20778566300869,2
0.5503965459764003,-2.20778566300869,0.5861645374447109,-2.17339842915535,2
0.5861645374447106,-2.24217289686203,0.6219325289130211,-2.20778566300869,2
0.5861645374447106,-2.20778566300869,0.6219325289130211,-2.17339842915535,2
0.5503965459764003,-2.17339842915535,0.5861645374447109,-2.1390111953020097,2
0.5503965459764003,-2.13901119530201,0.5861645374447109,-2.1046239614486697,2
0.5861645374447106,-2.17339842915535,0.6219325289130211,-2.1390111953020097,2
0.5861645374447106,-2.13901119530201,0.6219325289130211,-2.1046239614486697,2
0.6219325289130211,-2.20778566300869,0.6577005203813312,-2.17339842915535,2
0.6577005203813314,-2.20778566300869,0.6934685118496419,-2.17339842915535,2
0.6219325289130211,-2.17339842915535,0.6577005203813312,-2.1390111953020097,2
0.6219325289130211,-2.13901119530201,0.6577005203813312,-2.1046239614486697,2
0.6577005203813314,-2.17339842915535,0.6934685118496419,-2.1390111953020097,2
0.6577005203813314,-2.13901119530201,0.6934685118496419,-2.1046239614486697,2
0.6934685118496419,-2.20778566300869,0.7292365033179521,-2.17339842915535,2
0.6934685118496419,-2.17339842915535,0.7292365033179521,-2.1390111953020097,2
0.6934685118496419,-2.13901119530201,0.7292365033179521,-2.1046239614486697,2
0.7292365033179521,-2.17339842915535,0.7650044947862626,-2.1390111953020097,2
0.7292365033179521,-2.13901119530201,0.7650044947862626,-2.1046239614486697,2
0.4788605630397795,-2.1046239614486693,0.5146285545080901,-2.0702367275953293,2
0.4788605630397795,-2.0702367275953293,0.5146285545080901,-2.0358494937419893,2
0.5146285545080901,-2.1046239614486693,0.5503965459764003,-2.0702367275953293,2
0.5146285545080901,-2.0702367275953293,0.5503965459764003,-2.0358494937419893,2
0.4788605630397795,-2.0358494937419893,0.5146285545080901,-2.0014622598886493,2
0.4788605630397795,-2.0014622598886493,0.5146285545080901,-1.967075026035309,2
0.5146285545080901,-2.0358494937419893,0.5503965459764003,-2.0014622598886493,2
0.5146285545080901,-2.0014622598886493,0.5503965459764003,-1.967075026035309,2
0.5503965459764003,-2.1046239614486693,0.5861645374447109,-2.0702367275953293,2
0.5503965459764003,-2.0702367275953293,0.5861645374447109,-2.0358494937419893,2
0.5861645374447106,-2.1046239614486693,0.6219325289130211,-2.0702367275953293,2
0.5861645374447106,-2.0702367275953293,0.6219325289130211,-2.0358494937419893,2
0.5503965459764003,-2.0358494937419893,0.5861645374447109,-2.0014622598886493,2
0.5503965459764003,-2.0014622598886493,0.5861645374447109,-1.967075026035309,2
0.5861645374447106,-2.0358494937419893,0.6219325289130211,-2.0014622598886493,2
0.5861645374447106,-2.0014622598886493,0.6219325289130211,-1.967075026035309,2
0.4788605630397795,-1.9670750260353091,0.5146285545080901,-1.932687792181969,2
0.4788605630397795,-1.9326877921819687,0.5146285545080901,-1.8983005583286285,2
0.5146285545080901,-1.9670750260353091,0.5503965459764003,-1.932687792181969,2
0.5146285545080901,-1.9326877921819687,0.5503965459764003,-1.8983005583286285,2
0.4788605630397795,-1.8983005583286285,0.5146285545080901,-1.8639133244752886,2
0.4788605630397795,-1.8639133244752886,0.5146285545080901,-1.8295260906219486,2
0.5146285545080901,-1.8983005583286285,0.5503965459764003,-1.8639133244752886,2
0.5146285545080901,-1.8639133244752886,0.5503965459764003,-1.8295260906219486,2
0.5503965459764003,-1.9670750260353091,0.5861645374447109,-1.932687792181969,2
0.5503965459764003,-1.9326877921819687,0.5861645374447109,-1.8983005583286285,2
0.5861645374447106,-1.9670750260353091,0.6219325289130211,-1.932687792181969,2
0.5861645374447106,-1.9326877921819687,0.6219325289130211,-1.8983005583286285,2
0.5503965459764003,-1.8983005583286285,0.5861645374447109,-1.8639133244752886,2
0.5503965459764003,-1.8639133244752886,0.5861645374447109,-1.8295260906219486,2
0.5861645374447106,-1.8983005583286285,0.6219325289130211,-1.8639133244752886,2
0.5861645374447106,-1.8639133244752886,0.6219325289130211,-1.8295260906219486,2
0.6219325289130211,-2.1046239614486693,0.6577005203813312,-2.0702367275953293,2
0.6219325289130211,-2.0702367275953293,0.6577005203813312,-2.0358494937419893,2
0.6577005203813314,-2.1046239614486693,0.6934685118496419,-2.0702367275953293,2
0.6577005203813314,-2.0702367275953293,0.6934685118496419,-2.0358494937419893,2
0.6219325289130211,-2.0358494937419893,0.6577005203813312,-2.0014622598886493,2
0.6219325289130211,-2.0014622598886493,0.6577005203813312,-1.967075026035309,2
0.6577005203813314,-2.0358494937419893,0.6934685118496419,-2.0014622598886493,2
0.6577005203813314,-2.0014622598886493,0.6934685118496419,-1.967075026035309,2
0.6934685118496419,-2.1046239614486693,0.7292365033179521,-2.0702367275953293,2
0.6934685118496419,-2.0702367275953293,0.7292365033179521,-2.0358494937419893,2
0.7292365033179521,-2.1046239614486693,0.7650044947862626,-2.0702367275953293,2
0.7292365033179521,-2.0702367275953293,0.7650044947862626,-2.0358494937419893,2
0.6934685118496419,-2.0358494937419893,0.7292365033179521,-2.0014622598886493,2
0.6934685118496419,-2.0014622598886493,0.7292365033179521,-1.967075026035309,2
0.7292365033179521,-2.0358494937419893,0.7650044947862626,-2.0014622598886493,2
0.7292365033179521,-2.0014622598886493,0.7650044947862626,-1.967075026035309,2
0.6219325289130211,-1.9670750260353091,0.6577005203813312,-1.932687792181969,2
0.6219325289130211,-1.9326877921819687,0.6577005203813312,-1.8983005583286285,2
0.6577005203813314,-1.9670750260353091,0.6934685118496419,-1.932687792181969,2
0.6577005203813314,-1.9326877921819687,0.6934685118496419,-1.8983005583286285,2
0.6219325289130211,-1.8983005583286285,0.6577005203813312,-1.8639133244752886,2
0.6219325289130211,-1.8639133244752886,0.6577005203813312,-1.8295260906219486,2
0.6577005203813314,-1.8983005583286285,0.6934685118496419,-1.8639133244752886,2
0.6577005203813314,-1.8639133244752886,0.6934685118496419,-1.8295260906219486,2
0.6934685118496419,-1.9670750260353091,0.7292365033179521,-1.932687792181969,2
0.6934685118496419,-1.9326877921819687,0.7292365033179521,-1.8983005583286285,2
0.7292365033179521,-1.9670750260353091,0.7650044947862626,-1.932687792181969,2
0.7292365033179521,-1.9326877921819687,0.7650044947862626,-1.8983005583286285,2
0.6934685118496419,-1.8983005583286285,0.7292365033179521,-1.8639133244752886,2
0.6934685118496419,-1.8639133244752886,0.7292365033179521,-1.8295260906219486,2
0.7292365033179521,-1.8983005583286285,0.7650044947862626,-1.8639133244752886,2
0.7292365033179521,-1.8639133244752886,0.7650044947862626,-1.8295260906219486,2
0.7650044947862624,-2.17339842915535,0.8007724862545729,-2.1390111953020097,2
0.7650044947862624,-2.13901119530201,0.8007724862545729,-2.1046239614486697,2
0.8007724862545729,-2.13901119530201,0.836540477722883,-2.1046239614486697,2
0.8365404777228832,-2.13901119530201,0.8723084691911936,-2.1046239614486697,2
0.8723084691911936,-2.13901119530201,0.9080764606595039,-2.1046239614486697,2
0.7650044947862624,-2.1046239614486693,0.8007724862545729,-2.0702367275953293,2
0.7650044947862624,-2.0702367275953293,0.8007724862545729,-2.0358494937419893,2
0.8007724862545729,-2.1046239614486693,0.836540477722883,-2.0702367275953293,2
0.8007724862545729,-2.0702367275953293,0.836540477722883,-2.0358494937419893,2
0.7650044947862624,-2.0358494937419893,0.8007724862545729,-2.0014622598886493,2
0.7650044947862624,-2.0014622598886493,0.8007724862545729,-1.967075026035309,2
0.8007724862545729,-2.0358494937419893,0.836540477722883,-2.0014622598886493,2
0.8007724862545729,-2.0014622598886493,0.836540477722883,-1.967075026035309,2
0.8365404777228832,-2.1046239614486693,0.8723084691911936,-2.0702367275953293,2
0.8365404777228832,-2.0702367275953293,0.8723084691911936,-2.0358494937419893,2
0.8723084691911936,-2.1046239614486693,0.9080764606595039,-2.0702367275953293,2
0.8723084691911936,-2.0702367275953293,0.9080764606595039,-2.0358494937419893,2
0.8365404777228832,-2.0358494937419893,0.8723084691911936,-2.0014622598886493,2
0.8365404777228832,-2.0014622598886493,0.8723084691911936,-1.967075026035309,2
0.8723084691911936,-2.0358494937419893,0.9080764606595039,-2.0014622598886493,2
0.8723084691911936,-2.0014622598886493,0.9080764606595039,-1.967075026035309,2
0.7650044947862624,-1.9670750260353091,0.8007724862545729,-1.932687792181969,2
0.7650044947862624,-1.9326877921819687,0.8007724862545729,-1.8983005583286285,2
0.8007724862545729,-1.9670750260353091,0.836540477722883,-1.932687792181969,2
0.8007724862545729,-1.9326877921819687,0.836540477722883,-1.8983005583286285,2
0.7650044947862624,-1.8983005583286285,0.8007724862545729,-1.8639133244752886,2
0.7650044947862624,-1.8639133244752886,0.8007724862545729,-1.8295260906219486,2
0.8007724862545729,-1.8983005583286285,0.836540477722883,-1.8639133244752886,2
0.8007724862545729,-1.8639133244752886,0.836540477722883,-1.8295260906219486,2
0.8365404777228832,-1.9670750260353091,0.8723084691911936,-1.932687792181969,2
0.8365404777228832,-1.9326877921819687,0.8723084691911936,-1.8983005583286285,2
0.8723084691911936,-1.9670750260353091,0.9080764606595039,-1.932687792181969,2
0.8723084691911936,-1.9326877921819687,0.9080764606595039,-1.8983005583286285,2
0.8365404777228832,-1.8983005583286285,0.8723084691911936,-1.8639133244752886,2
0.8365404777228832,-1.8639133244752886,0.8723084691911936,-1.8295260906219486,2
0.8723084691911936,-1.8983005583286285,0.9080764606595039,-1.8639133244752886,2
0.8723084691911936,-1.8639133244752886,0.9080764606595039,-1.8295260906219486,2
0.9080764606595039,-2.1046239614486693,0.9438444521278144,-2.0702367275953293,2
0.9080764606595039,-2.0702367275953293,0.9438444521278144,-2.0358494937419893,2
0.9438444521278142,-2.1046239614486693,0.9796124435961246,-2.0702367275953293,2
0.9438444521278142,-2.0702367275953293,0.9796124435961246,-2.0358494937419893,2
0.9080764606595039,-2.0358494937419893,0.9438444521278144,-2.0014622598886493,2
0.9080764606595039,-2.0014622598886493,0.9438444521278144,-1.967075026035309,2
0.9438444521278142,-2.0358494937419893,0.9796124435961246,-2.0014622598886493,2
0.9438444521278142,-2.0014622598886493,0.9796124435961246,-1.967075026035309,2
0.9796124435961246,-2.0702367275953293,1.0153804350644349,-2.0358494937419893,2
1.015380435064435,-2.0702367275953293,1.0511484265327455,-2.0358494937419893,2
0.9796124435961246,-2.0358494937419893,1.0153804350644349,-2.0014622598886493,2
0.9796124435961246,-2.0014622598886493,1.0153804350644349,-1.967075026035309,2
1.015380435064435,-2.0358494937419893,1.0511484265327455,-2.0014622598886493,2
1.015380435064435,-2.0014622598886493,1.0511484265327455,-1.967075026035309,2
0.9080764606595039,-1.9670750260353091,0.9438444521278144,-1.932687792181969,2
0.9080764606595039,-1.9326877921819687,0.9438444521278144,-1.8983005583286285,2
0.9438444521278142,-1.9670750260353091,0.9796124435961246,-1.932687792181969,2
0.9438444521278142,-1.9326877921819687,0.9796124435961246,-1.8983005583286285,2
0.9080764606595039,-1.8983005583286285,0.9438444521278144,-1.8639133244752886,2
0.9080764606595039,-1.8639133244752886,0.9438444521278144,-1.8295260906219486,2
0.9438444521278142,-1.8983005583286285,0.9796124435961246,-1.8639133244752886,2
0.9438444521278142,-1.8639133244752886,0.9796124435961246,-1.8295260906219486,2
0.9796124435961246,-1.9670750260353091,1.0153804350644349,-1.932687792181969,2
0.9796124435961246,-1.9326877921819687,1.0153804350644349,-1.8983005583286285,2
1.015380435064435,-1.9670750260353091,1.0511484265327455,-1.932687792181969,2
1.015380435064435,-1.9326877921819687,1.0511484265327455,-1.8983005583286285,2
0.9796124435961246,-1.8983005583286285,1.0153804350644349,-1.8639133244752886,2
0.9796124435961246,-1.8639133244752886,1.0153804350644349,-1.8295260906219486,2
1.015380435064435,-1.8983005583286285,1.0511484265327455,-1.8639133244752886,2
1.015380435064435,-1.8639133244752886,1.0511484265327455,-1.8295260906219486,2
0.4788605630397795,-1.8295260906219486,0.5146285545080901,-1.7951388567686082,2
0.4788605630397795,-1.7951388567686084,0.5146285545080901,-1.7607516229152682,2
0.5146285545080901,-1.8295260906219486,0.5503965459764003,-1.7951388567686082,2
0.5146285545080901,-1.7951388567686084,0.5503965459764003,-1.7607516229152682,2
0.4788605630397795,-1.760751622915268,0.5146285545080901,-1.7263643890619278,2
0.4788605630397795,-1.7263643890619278,0.5146285545080901,-1.6919771552085878,2
0.5146285545080901,-1.760751622915268,0.5503965459764003,-1.7263643890619278,2
0.5146285545080901,-1.7263643890619278,0.5503965459764003,-1.6919771552085878,2
0.5503965459764003,-1.8295260906219486,0.5861645374447109,-1.7951388567686082,2
0.5503965459764003,-1.7951388567686084,0.5861645374447109,-1.7607516229152682,2
0.5861645374447106,-1.8295260906219486,0.6219325289130211,-1.7951388567686082,2
0.5861645374447106,-1.7951388567686084,0.6219325289130211,-1.7607516229152682,2
0.5503965459764003,-1.760751622915268,0.5861645374447109,-1.7263643890619278,2
0.5503965459764003,-1.7263643890619278,0.5861645374447109,-1.6919771552085878,2
0.5861645374447106,-1.760751622915268,0.6219325289130211,-1.7263643890619278,2
0.5861645374447106,-1.7263643890619278,0.6219325289130211,-1.6919771552085878,2
0.4788605630397795,-1.6919771552085878,0.5146285545080901,-1.6575899213552474,2
0.4788605630397795,-1.6575899213552476,0.5146285545080901,-1.6232026875019074,2
0.5146285545080901,-1.6919771552085878,0.5503965459764003,-1.6575899213552474,2
0.5146285545080901,-1.6575899213552476,0.5503965459764003,-1.6232026875019074,2
0.4788605630397795,-1.6232026875019077,0.5146285545080901,-1.5888154536485675,2
0.4788605630397795,-1.5888154536485672,0.5146285545080901,-1.554428219795227,2
0.5146285545080901,-1.6232026875019077,0.5503965459764003,-1.5888154536485675,2
0.5146285545080901,-1.5888154536485672,0.5503965459764003,-1.554428219795227,2
0.5503965459764003,-1.6919771552085878,0.5861645374447109,-1.6575899213552474,2
0.5503965459764003,-1.6575899213552476,0.5861645374447109,-1.6232026875019074,2
0.5861645374447106,-1.6919771552085878,0.6219325289130211,-1.6575899213552474,2
0.5861645374447106,-1.6575899213552476,0.6219325289130211,-1.6232026875019074,2
0.5503965459764003,-1.6232026875019077,0.5861645374447109,-1.5888154536485675,2
0.5503965459764003,-1.5888154536485672,0.5861645374447109,-1.554428219795227,2
0.5861645374447106,-1.6232026875019077,0.6219325289130211,-1.5888154536485675,2
0.5861645374447106,-1.5888154536485672,0.6219325289130211,-1.554428219795227,2
0.6219325289130211,-1.8295260906219486,0.6577005203813312,-1.7951388567686082,2
0.6219325289130211,-1.7951388567686084,0.6577005203813312,-1.7607516229152682,2
0.6577005203813314,-1.8295260906219486,0.6934685118496419,-1.7951388567686082,2
0.6577005203813314,-1.7951388567686084,0.6934685118496419,-1.7607516229152682,2
0.6219325289130211,-1.760751622915268,0.6577005203813312,-1.7263643890619278,2
0.6219325289130211,-1.7263643890619278,0.6577005203813312,-1.6919771552085878,2
0.6577005203813314,-1.760751622915268,0.6934685118496419,-1.7263643890619278,2
0.6577005203813314,-1.7263643890619278,0.6934685118496419,-1.6919771552085878,2
0.6934685118496419,-1.8295260906219486,0.7292365033179521,-1.7951388567686082,2
0.6934685118496419,-1.7951388567686084,0.7292365033179521,-1.7607516229152682,2
0.7292365033179521,-1.8295260906219486,0.7650044947862626,-1.7951388567686082,2
0.7292365033179521,-1.7951388567686084,0.7650044947862626,-1.7607516229152682,2
0.6934685118496419,-1.760751622915268,0.7292365033179521,-1.7263643890619278,2
0.6934685118496419,-1.7263643890619278,0.7292365033179521,-1.6919771552085878,2
0.7292365033179521,-1.760751622915268,0.7650044947862626,-1.7263643890619278,2
0.7292365033179521,-1.7263643890619278,0.7650044947862626,-1.6919771552085878,2
0.6219325289130211,-1.6919771552085878,0.6577005203813312,-1.6575899213552474,2
0.6219325289130211,-1.6575899213552476,0.6577005203813312,-1.6232026875019074,2
0.6577005203813314,-1.6919771552085878,0.6934685118496419,-1.6575899213552474,2
0.6577005203813314,-1.6575899213552476,0.6934685118496419,-1.6232026875019074,2
0.6219325289130211,-1.6232026875019077,0.6577005203813312,-1.5888154536485675,2
0.6219325289130211,-1.5888154536485672,0.6577005203813312,-1.554428219795227,2
0.6577005203813314,-1.6232026875019077,0.6934685118496419,-1.5888154536485675,2
0.6577005203813314,-1.5888154536485672,0.6934685118496419,-1.554428219795227,2
0.6934685118496419,-1.6919771552085878,0.7292365033179521,-1.6575899213552474,2
0.6934685118496419,-1.6575899213552476,0.7292365033179521,-1.6232026875019074,2
0.7292365033179521,-1.6919771552085878,0.7650044947862626,-1.6575899213552474,2
0.7292365033179521,-1.6575899213552476,0.7650044947862626,-1.6232026875019074,2
0.6934685118496419,-1.6232026875019077,0.7292365033179521,-1.5888154536485675,2
0.6934685118496419,-1.5888154536485672,0.7292365033179521,-1.554428219795227,2
0.7292365033179521,-1.6232026875019077,0.7650044947862626,-1.5888154536485675,2
0.7292365033179521,-1.5888154536485672,0.7650044947862626,-1.554428219795227,2
0.4788605630397795,-1.554428219795227,0.5146285545080901,-1.520040985941887,2
0.4788605630397795,-1.520040985941887,0.5146285545080901,-1.4856537520885467,2
0.5146285545080901,-1.554428219795227,0.5503965459764003,-1.520040985941887,2
0.5146285545080901,-1.520040985941887,0.5503965459764003,-1.4856537520885467,2
0.4788605630397795,-1.4856537520885469,0.5146285545080901,-1.4512665182352067,2
0.4788605630397795,-1.451266518235207,0.5146285545080901,-1.4168792843818667,2
0.5146285545080901,-1.4856537520885469,0.5503965459764003,-1.4512665182352067,2
0.5146285545080901,-1.451266518235207,0.5503965459764003,-1.4168792843818667,2
0.5503965459764003,-1.554428219795227,0.5861645374447109,-1.520040985941887,2
0.5503965459764003,-1.520040985941887,0.5861645374447109,-1.4856537520885467,2
0.5861645374447106,-1.554428219795227,0.6219325289130211,-1.520040985941887,2
0.5861645374447106,-1.520040985941887,0.6219325289130211,-1.4856537520885467,2
0.5503965459764003,-1.4856537520885469,0.5861645374447109,-1.4512665182352067,2
0.5503965459764003,-1.451266518235207,0.5861645374447109,-1.4168792843818667,2
0.5861645374447106,-1.4856537520885469,0.6219325289130211,-1.4512665182352067,2
0.5861645374447106,-1.451266518235207,0.6219325289130211,-1.4168792843818667,2
0.4788605630397795,-1.4168792843818665,0.5146285545080901,-1.3824920505285263,2
0.4788605630397795,-1.3824920505285263,0.5146285545080901,-1.3481048166751863,2
0.5146285545080901,-1.4168792843818665,0.5503965459764003,-1.3824920505285263,2
0.5146285545080901,-1.3824920505285263,0.5503965459764003,-1.3481048166751863,2
0.4788605630397795,-1.3481048166751863,0.5146285545080901,-1.313717582821846,2
0.4788605630397795,-1.3137175828218461,0.5146285545080901,-1.279330348968506,2
0.5146285545080901,-1.3481048166751863,0.5503965459764003,-1.313717582821846,2
0.5146285545080901,-1.3137175828218461,0.5503965459764003,-1.279330348968506,2
0.5503965459764003,-1.4168792843818665,0.5861645374447109,-1.3824920505285263,2
0.5503965459764003,-1.3824920505285263,0.5861645374447109,-1.3481048166751863,2
0.5861645374447106,-1.4168792843818665,0.6219325289130211,-1.3824920505285263,2
0.5861645374447106,-1.3824920505285263,0.6219325289130211,-1.3481048166751863,2
0.5503965459764003,-1.3481048166751863,0.5861645374447109,-1.313717582821846,2
0.5503965459764003,-1.3137175828218461,0.5861645374447109,-1.279330348968506,2
0.5861645374447106,-1.3481048166751863,0.6219325289130211,-1.313717582821846,2
0.5861645374447106,-1.3137175828218461,0.6219325289130211,-1.279330348968506,2
0.6219325289130211,-1.554428219795227,0.6577005203813312,-1.520040985941887,2
0.6219325289130211,-1.520040985941887,0.6577005203813312,-1.4856537520885467,2
0.6577005203813314,-1.554428219795227,0.6934685118496419,-1.520040985941887,2
0.6577005203813314,-1.520040985941887,0.6934685118496419,-1.4856537520885467,2
0.6219325289130211,-1.4856537520885469,0.6577005203813312,-1.4512665182352067,2
0.6219325289130211,-1.451266518235207,0.6577005203813312,-1.4168792843818667,2
0.6577005203813314,-1.4856537520885469,0.6934685118496419,-1.4512665182352067,2
0.6577005203813314,-1.451266518235207,0.6934685118496419,-1.4168792843818667,2
0.6934685118496419,-1.554428219795227,0.7292365033179521,-1.520040985941887,2
0.6934685118496419,-1.520040985941887,0.7292365033179521,-1.4856537520885467,2
0.7292365033179521,-1.554428219795227,0.7650044947862626,-1.520040985941887,2
0.7292365033179521,-1.520040985941887,0.7650044947862626,-1.4856537520885467,2
0.6934685118496419,-1.4856537520885469,0.7292365033179521,-1.4512665182352067,2
0.6934685118496419,-1.451266518235207,0.7292365033179521,-1.4168792843818667,2
0.7292365033179521,-1.4856537520885469,0.7650044947862626,-1.4512665182352067,2
0.7292365033179521,-1.451266518235207,0.7650044947862626,-1.4168792843818667,2
0.6219325289130211,-1.4168792843818665,0.6577005203813312,-1.3824920505285263,2
0.6219325289130211,-1.3824920505285263,0.6577005203813312,-1.3481048166751863,2
0.6577005203813314,-1.4168792843818665,0.6934685118496419,-1.3824920505285263,2
0.6577005203813314,-1.3824920505285263,0.6934685118496419,-1.3481048166751863,2
0.6219325289130211,-1.3481048166751863,0.6577005203813312,-1.313717582821846,2
0.6219325289130211,-1.3137175828218461,0.6577005203813312,-1.279330348968506,2
0.6577005203813314,-1.3481048166751863,0.6934685118496419,-1.313717582821846,2
0.6577005203813314,-1.3137175828218461,0.6934685118496419,-1.279330348968506,2
0.6934685118496419,-1.4168792843818665,0.7292365033179521,-1.3824920505285263,2
0.6934685118496419,-1.3824920505285263,0.7292365033179521,-1.3481048166751863,2
0.7292365033179521,-1.4168792843818665,0.7650044947862626,-1.3824920505285263,2
0.7292365033179521,-1.3824920505285263,0.7650044947862626,-1.3481048166751863,2
0.6934685118496419,-1.3481048166751863,0.7292365033179521,-1.313717582821846,2
0.6934685118496419,-1.3137175828218461,0.7292365033179521,-1.279330348968506,2
0.7292365033179521,-1.3481048166751863,0.7650044947862626,-1.313717582821846,2
0.7292365033179521,-1.3137175828218461,0.7650044947862626,-1.279330348968506,2
0.7650044947862624,-1.8295260906219486,0.8007724862545729,-1.7951388567686082,2
0.7650044947862624,-1.7951388567686084,0.8007724862545729,-1.7607516229152682,2
0.8007724862545729,-1.8295260906219486,0.836540477722883,-1.7951388567686082,2
0.8007724862545729,-1.7951388567686084,0.836540477722883,-1.7607516229152682,2
0.7650044947862624,-1.760751622915268,0.8007724862545729,-1.7263643890619278,2
0.7650044947862624,-1.7263643890619278,0.8007724862545729,-1.6919771552085878,2
0.8007724862545729,-1.760751622915268,0.836540477722883,-1.7263643890619278,2
0.8007724862545729,-1.7263643890619278,0.836540477722883,-1.6919771552085878,2
0.8365404777228832,-1.8295260906219486,0.8723084691911936,-1.7951388567686082,2
0.8365404777228832,-1.7951388567686084,0.8723084691911936,-1.7607516229152682,2
0.8723084691911936,-1.8295260906219486,0.9080764606595039,-1.7951388567686082,2
0.8723084691911936,-1.7951388567686084,0.9080764606595039,-1.7607516229152682,2
0.8365404777228832,-1.760751622915268,0.8723084691911936,-1.7263643890619278,2
0.8365404777228832,-1.7263643890619278,0.8723084691911936,-1.6919771552085878,2
0.8723084691911936,-1.760751622915268,0.9080764606595039,-1.7263643890619278,2
0.8723084691911936,-1.7263643890619278,0.9080764606595039,-1.6919771552085878,2
0.7650044947862624,-1.6919771552085878,0.8007724862545729,-1.6575899213552474,2
0.7650044947862624,-1.6575899213552476,0.8007724862545729,-1.6232026875019074,2
0.8007724862545729,-1.6919771552085878,0.836540477722883,-1.6575899213552474,2
0.8007724862545729,-1.6575899213552476,0.836540477722883,-1.6232026875019074,2
0.7650044947862624,-1.6232026875019077,0.8007724862545729,-1.5888154536485675,2
0.7650044947862624,-1.5888154536485672,0.8007724862545729,-1.554428219795227,2
0.8007724862545729,-1.6232026875019077,0.836540477722883,-1.5888154536485675,2
0.8007724862545729,-1.5888154536485672,0.836540477722883,-1.554428219795227,2
0.8365404777228832,-1.6919771552085878,0.8723084691911936,-1.6575899213552474,2
0.8365404777228832,-1.6575899213552476,0.8723084691911936,-1.6232026875019074,2
0.8723084691911936,-1.6919771552085878,0.9080764606595039,-1.6575899213552474,2
0.8723084691911936,-1.6575899213552476,0.9080764606595039,-1.6232026875019074,2
0.8365404777228832,-1.6232026875019077,0.8723084691911936,-1.5888154536485675,2
0.8365404777228832,-1.5888154536485672,0.8723084691911936,-1.554428219795227,2
0.8723084691911936,-1.6232026875019077,0.9080764606595039,-1.5888154536485675,2
0.8723084691911936,-1.5888154536485672,0.9080764606595039,-1.554428219795227,2
0.9080764606595039,-1.8295260906219486,0.9438444521278144,-1.7951388567686082,2
0.9080764606595039,-1.7951388567686084,0.9438444521278144,-1.7607516229152682,2
0.9438444521278142,-1.8295260906219486,0.9796124435961246,-1.7951388567686082,2
0.9438444521278142,-1.7951388567686084,0.9796124435961246,-1.7607516229152682,2
0.9080764606595039,-1.760751622915268,0.9438444521278144,-1.7263643890619278,2
0.9080764606595039,-1.7263643890619278,0.9438444521278144,-1.6919771552085878,2
0.9438444521278142,-1.760751622915268,0.9796124435961246,-1.7263643890619278,2
0.9438444521278142,-1.7263643890619278,0.9796124435961246,-1.6919771552085878,2
0.9796124435961246,-1.8295260906219486,1.0153804350644349,-1.7951388567686082,2
0.9796124435961246,-1.7951388567686084,1.0153804350644349,-1.7607516229152682,2
1.015380435064435,-1.8295260906219486,1.0511484265327455,-1.7951388567686082,2
1.015380435064435,-1.7951388567686084,1.0511484265327455,-1.7607516229152682,2
0.9796124435961246,-1.760751622915268,1.0153804350644349,-1.7263643890619278,2
0.9796124435961246,-1.7263643890619278,1.0153804350644349,-1.6919771552085878,2
1.015380435064435,-1.760751622915268,1.0511484265327455,-1.7263643890619278,2
1.015380435064435,-1.7263643890619278,1.0511484265327455,-1.6919771552085878,2
0.9080764606595039,-1.6919771552085878,0.9438444521278144,-1.6575899213552474,2
0.9080764606595039,-1.6575899213552476,0.9438444521278144,-1.6232026875019074,2
0.9438444521278142,-1.6919771552085878,0.9796124435961246,-1.6575899213552474,2
0.9438444521278142,-1.6575899213552476,0.9796124435961246,-1.6232026875019074,2
0.9080764606595039,-1.6232026875019077,0.9438444521278144,-1.5888154536485675,2
0.9080764606595039,-1.5888154536485672,0.9438444521278144,-1.554428219795227,2
0.9438444521278142,-1.6232026875019077,0.9796124435961246,-1.5888154536485675,2
0.9438444521278142,-1.5888154536485672,0.9796124435961246,-1.554428219795227,2
0.9796124435961246,-1.6919771552085878,1.0153804350644349,-1.6575899213552474,2
0.9796124435961246,-1.6575899213552476,1.0153804350644349,-1.6232026875019074,2
1.015380435064435,-1.6919771552085878,1.0511484265327455,-1.6575899213552474,2
1.015380435064435,-1.6575899213552476,1.0511484265327455,-1.6232026875019074,2
0.9796124435961246,-1.6232026875019077,1.0153804350644349,-1.5888154536485675,2
0.9796124435961246,-1.5888154536485672,1.0153804350644349,-1.554428219795227,2
1.015380435064435,-1.6232026875019077,1.0511484265327455,-1.5888154536485675,2
1.015380435064435,-1.5888154536485672,1.0511484265327455,-1.554428219795227,2
0.7650044947862624,-1.554428219795227,0.8007724862545729,-1.520040985941887,2
0.7650044947862624,-1.520040985941887,0.8007724862545729,-1.4856537520885467,2
0.8007724862545729,-1.554428219795227,0.836540477722883,-1.520040985941887,2
0.8007724862545729,-1.520040985941887,0.836540477722883,-1.4856537520885467,2
0.7650044947862624,-1.4856537520885469,0.8007724862545729,-1.4512665182352067,2
0.7650044947862624,-1.451266518235207,0.8007724862545729,-1.4168792843818667,2
0.8007724862545729,-1.4856537520885469,0.836540477722883,-1.4512665182352067,2
0.8007724862545729,-1.451266518235207,0.836540477722883,-1.4168792843818667,2
0.8365404777228832,-1.554428219795227,0.8723084691911936,-1.520040985941887,2
0.8365404777228832,-1.520040985941887,0.8723084691911936,-1.4856537520885467,2
0.8723084691911936,-1.554428219795227,0.9080764606595039,-1.520040985941887,2
0.8723084691911936,-1.520040985941887,0.9080764606595039,-1.4856537520885467,2
0.8365404777228832,-1.4856537520885469,0.8723084691911936,-1.4512665182352067,2
0.8365404777228832,-1.451266518235207,0.8723084691911936,-1.4168792843818667,2
0.8723084691911936,-1.4856537520885469,0.9080764606595039,-1.4512665182352067,2
0.8723084691911936,-1.451266518235207,0.9080764606595039,-1.4168792843818667,2
0.7650044947862624,-1.4168792843818665,0.8007724862545729,-1.3824920505285263,2
0.7650044947862624,-1.3824920505285263,0.8007724862545729,-1.3481048166751863,2
0.8007724862545729,-1.4168792843818665,0.836540477722883,-1.3824920505285263,2
0.8007724862545729,-1.3824920505285263,0.836540477722883,-1.3481048166751863,2
0.7650044947862624,-1.3481048166751863,0.8007724862545729,-1.313717582821846,2
0.7650044947862624,-1.3137175828218461,0.8007724862545729,-1.279330348968506,2
0.8007724862545729,-1.3481048166751863,0.836540477722883,-1.313717582821846,2
0.8007724862545729,-1.3137175828218461,0.836540477722883,-1.279330348968506,2
0.8365404777228832,-1.4168792843818665,0.8723084691911936,-1.3824920505285263,2
0.8365404777228832,-1.3824920505285263,0.8723084691911936,-1.3481048166751863,2
0.8723084691911936,-1.4168792843818665,0.9080764606595039,-1.3824920505285263,2
0.8723084691911936,-1.3824920505285263,0.9080764606595039,-1.3481048166751863,2
0.8365404777228832,-1.3481048166751863,0.8723084691911936,-1.313717582821846,2
0.8365404777228832,-1.3137175828218461,0.8723084691911936,-1.279330348968506,2
0.8723084691911936,-1.3481048166751863,0.9080764606595039,-1.313717582821846,2
0.8723084691911936,-1.3137175828218461,0.9080764606595039,-1.279330348968506,2
0.9080764606595039,-1.554428219795227,0.9438444521278144,-1.520040985941887,2
0.9080764606595039,-1.520040985941887,0.9438444521278144,-1.4856537520885467,2
0.9438444521278142,-1.554428219795227,0.9796124435961246,-1.520040985941887,2
0.9438444521278142,-1.520040985941887,0.9796124435961246,-1.4856537520885467,2
0.9080764606595039,-1.4856537520885469,0.9438444521278144,-1.4512665182352067,2
0.9080764606595039,-1.451266518235207,0.9438444521278144,-1.4168792843818667,2
0.9438444521278142,-1.4856537520885469,0.9796124435961246,-1.4512665182352067,2
0.9438444521278142,-1.451266518235207,0.9796124435961246,-1.4168792843818667,2
0.9796124435961246,-1.554428219795227,1.0153804350644349,-1.520040985941887,2
0.9796124435961246,-1.520040985941887,1.0153804350644349,-1.4856537520885467,2
1.015380435064435,-1.554428219795227,1.0511484265327455,-1.520040985941887,2
1.015380435064435,-1.520040985941887,1.0511484265327455,-1.4856537520885467,2
0.9796124435961246,-1.4856537520885469,1.0153804350644349,-1.4512665182352067,2
0.9796124435961246,-1.451266518235207,1.0153804350644349,-1.4168792843818667,2
1.015380435064435,-1.4856537520885469,1.0511484265327455,-1.4512665182352067,2
1.015380435064435,-1.451266518235207,1.0511484265327455,-1.4168792843818667,2
0.9080764606595039,-1.4168792843818665,0.9438444521278144,-1.3824920505285263,2
0.9080764606595039,-1.3824920505285263,0.9438444521278144,-1.3481048166751863,2
0.9438444521278142,-1.4168792843818665,0.9796124435961246,-1.3824920505285263,2
0.9438444521278142,-1.3824920505285263,0.9796124435961246,-1.3481048166751863,2
0.9080764606595039,-1.3481048166751863,0.9438444521278144,-1.313717582821846,2
0.9080764606595039,-1.3137175828218461,0.9438444521278144,-1.279330348968506,2
0.9438444521278142,-1.3481048166751863,0.9796124435961246,-1.313717582821846,2
0.9438444521278142,-1.3137175828218461,0.9796124435961246,-1.279330348968506,2
0.9796124435961246,-1.4168792843818665,1.0153804350644349,-1.3824920505285263,2
0.9796124435961246,-1.3824920505285263,1.0153804350644349,-1.3481048166751863,2
1.015380435064435,-1.4168792843818665,1.0511484265327455,-1.3824920505285263,2
1.015380435064435,-1.3824920505285263,1.0511484265327455,-1.3481048166751863,2
0.9796124435961246,-1.3481048166751863,1.0153804350644349,-1.313717582821846,2
0.9796124435961246,-1.3137175828218461,1.0153804350644349,-1.279330348968506,2
1.015380435064435,-1.3481048166751863,1.0511484265327455,-1.313717582821846,2
1.015380435064435,-1.3137175828218461,1.0511484265327455,-1.279330348968506,2
-0.09342730045318604,-1.2793303489685057,-0.057659308984875854,-1.244943115115166,2
-0.09342730045318604,-1.2449431151151658,-0.057659308984875854,-1.2105558812618256,2
-0.057659308984875854,-1.2793303489685057,-0.021891317516565235,-1.244943115115166,2
-0.057659308984875854,-1.2449431151151658,-0.021891317516565235,-1.2105558812618256,2
-0.09342730045318604,-1.2105558812618256,-0.057659308984875854,-1.1761686474084856,2
-0.09342730045318604,-1.1761686474084856,-0.057659308984875854,-1.1417814135551452,2
-0.057659308984875854,-1.2105558812618256,-0.021891317516565235,-1.1761686474084856,2
-0.057659308984875854,-1.1761686474084856,-0.021891317516565235,-1.1417814135551452,2
-0.021891317516565235,-1.2793303489685057,0.013876673951744942,-1.244943115115166,2
-0.021891317516565235,-1.2449431151151658,0.013876673951744942,-1.2105558812618256,2
0.013876673951744942,-1.2793303489685057,0.049644665420055564,-1.244943115115166,2
0.013876673951744942,-1.2449431151151658,0.049644665420055564,-1.2105558812618256,2
-0.021891317516565235,-1.2105558812618256,0.013876673951744942,-1.1761686474084856,2
-0.021891317516565235,-1.1761686474084856,0.013876673951744942,-1.1417814135551452,2
0.013876673951744942,-1.2105558812618256,0.049644665420055564,-1.1761686474084856,2
0.013876673951744942,-1.1761686474084856,0.049644665420055564,-1.1417814135551452,2
-0.09342730045318604,-1.1417814135551454,-0.057659308984875854,-1.1073941797018052,2
-0.09342730045318604,-1.107394179701805,-0.057659308984875854,-1.0730069458484652,2
-0.057659308984875854,-1.1417814135551454,-0.021891317516565235,-1.1073941797018052,2
-0.057659308984875854,-1.107394179701805,-0.021891317516565235,-1.0730069458484652,2
-0.09342730045318604,-1.073006945848465,-0.057659308984875854,-1.0386197119951248,2
-0.09342730045318604,-1.0386197119951248,-0.057659308984875854,-1.0042324781417848,2
-0.057659308984875854,-1.073006945848465,-0.021891317516565235,-1.0386197119951248,2
-0.057659308984875854,-1.0386197119951248,-0.021891317516565235,-1.0042324781417848,2
-0.021891317516565235,-1.1417814135551454,0.013876673951744942,-1.1073941797018052,2
-0.021891317516565235,-1.107394179701805,0.013876673951744942,-1.0730069458484652,2
0.013876673951744942,-1.1417814135551454,0.049644665420055564,-1.1073941797018052,2
0.013876673951744942,-1.107394179701805,0.049644665420055564,-1.0730069458484652,2
-0.021891317516565235,-1.073006945848465,0.013876673951744942,-1.0386197119951248,2
-0.021891317516565235,-1.0386197119951248,0.013876673951744942,-1.0042324781417848,2
0.013876673951744942,-1.073006945848465,0.049644665420055564,-1.0386197119951248,2
0.013876673951744942,-1.0386197119951248,0.049644665420055564,-1.0042324781417848,2
0.049644665420055564,-1.2793303489685057,0.08541265688836575,-1.244943115115166,2
0.049644665420055564,-1.2449431151151658,0.08541265688836575,-1.2105558812618256,2
0.08541265688836575,-1.2793303489685057,0.12118064835667591,-1.244943115115166,2
0.08541265688836575,-1.2449431151151658,0.12118064835667591,-1.2105558812618256,2
0.049644665420055564,-1.2105558812618256,0.08541265688836575,-1.1761686474084856,2
0.049644665420055564,-1.1761686474084856,0.08541265688836575,-1.1417814135551452,2
0.08541265688836575,-1.2105558812618256,0.12118064835667591,-1.1761686474084856,2
0.08541265688836575,-1.1761686474084856,0.12118064835667591,-1.1417814135551452,2
0.12118064835667591,-1.2793303489685057,0.15694863982498655,-1.244943115115166,2
0.12118064835667591,-1.2449431151151658,0.15694863982498655,-1.2105558812618256,2
0.15694863982498655,-1.2793303489685057,0.19271663129329672,-1.244943115115166,2
0.15694863982498655,-1.2449431151151658,0.19271663129329672,-1.2105558812618256,2
0.12118064835667591,-1.2105558812618256,0.15694863982498655,-1.1761686474084856,2
0.12118064835667591,-1.1761686474084856,0.15694863982498655,-1.1417814135551452,2
0.15694863982498655,-1.2105558812618256,0.19271663129329672,-1.1761686474084856,2
0.15694863982498655,-1.1761686474084856,0.19271663129329672,-1.1417814135551452,2
0.049644665420055564,-1.1417814135551454,0.08541265688836575,-1.1073941797018052,2
0.049644665420055564,-1.107394179701805,0.08541265688836575,-1.0730069458484652,2
0.08541265688836575,-1.1417814135551454,0.12118064835667591,-1.1073941797018052,2
0.08541265688836575,-1.107394179701805,0.12118064835667591,-1.0730069458484652,2
0.049644665420055564,-1.073006945848465,0.08541265688836575,-1.0386197119951248,2
0.049644665420055564,-1.0386197119951248,0.08541265688836575,-1.0042324781417848,2
0.08541265688836575,-1.073006945848465,0.12118064835667591,-1.0386197119951248,2
0.08541265688836575,-1.0386197119951248,0.12118064835667591,-1.0042324781417848,2
0.12118064835667591,-1.1417814135551454,0.15694863982498655,-1.1073941797018052,2
0.12118064835667591,-1.107394179701805,0.15694863982498655,-1.0730069458484652,2
0.15694863982498655,-1.1417814135551454,0.19271663129329672,-1.1073941797018052,2
0.15694863982498655,-1.107394179701805,0.19271663129329672,-1.0730069458484652,2
0.12118064835667591,-1.073006945848465,0.15694863982498655,-1.0386197119951248,2
0.12118064835667591,-1.0386197119951248,0.15694863982498655,-1.0042324781417848,2
0.15694863982498655,-1.073006945848465,0.19271663129329672,-1.0386197119951248,2
0.15694863982498655,-1.0386197119951248,0.19271663129329672,-1.0042324781417848,2
-0.09342730045318604,-1.0042324781417848,-0.057659308984875854,-0.9698452442884445,2
-0.09342730045318604,-0.9698452442884448,-0.057659308984875854,-0.9354580104351045,2
-0.057659308984875854,-1.0042324781417848,-0.021891317516565235,-0.9698452442884445,2
-0.057659308984875854,-0.9698452442884448,-0.021891317516565235,-0.9354580104351045,2
-0.09342730045318604,-0.9354580104351042,-0.057659308984875854,-0.9010707765817644,2
-0.09342730045318604,-0.9010707765817642,-0.057659308984875854,-0.8666835427284241,2
-0.057659308984875854,-0.9354580104351042,-0.021891317516565235,-0.9010707765817644,2
-0.057659308984875854,-0.9010707765817642,-0.021891317516565235,-0.8666835427284241,2
-0.021891317516565235,-1.0042324781417848,0.013876673951744942,-0.9698452442884445,2
-0.021891317516565235,-0.9698452442884448,0.013876673951744942,-0.9354580104351045,2
0.013876673951744942,-1.0042324781417848,0.049644665420055564,-0.9698452442884445,2
0.013876673951744942,-0.9698452442884448,0.049644665420055564,-0.9354580104351045,2
-0.021891317516565235,-0.9354580104351042,0.013876673951744942,-0.9010707765817644,2
-0.021891317516565235,-0.9010707765817642,0.013876673951744942,-0.8666835427284241,2
0.013876673951744942,-0.9354580104351042,0.049644665420055564,-0.9010707765817644,2
0.013876673951744942,-0.9010707765817642,0.049644665420055564,-0.8666835427284241,2
-0.09342730045318604,-0.8666835427284241,-0.057659308984875854,-0.832296308875084,2
-0.09342730045318604,-0.832296308875084,-0.057659308984875854,-0.7979090750217438,2
-0.057659308984875854,-0.8666835427284241,-0.021891317516565235,-0.832296308875084,2
-0.057659308984875854,-0.832296308875084,-0.021891317516565235,-0.7979090750217438,2
-0.09342730045318604,-0.797909075021744,-0.057659308984875854,-0.7635218411684037,2
-0.09342730045318604,-0.7635218411684035,-0.057659308984875854,-0.7291346073150634,2
-0.057659308984875854,-0.797909075021744,-0.021891317516565235,-0.7635218411684037,2
-0.057659308984875854,-0.7635218411684035,-0.021891317516565235,-0.7291346073150634,2
-0.021891317516565235,-0.8666835427284241,0.013876673951744942,-0.832296308875084,2
-0.021891317516565235,-0.832296308875084,0.013876673951744942,-0.7979090750217438,2
0.013876673951744942,-0.8666835427284241,0.049644665420055564,-0.832296308875084,2
0.013876673951744942,-0.832296308875084,0.049644665420055564,-0.7979090750217438,2
-0.021891317516565235,-0.797909075021744,0.013876673951744942,-0.7635218411684037,2
-0.021891317516565235,-0.7635218411684035,0.013876673951744942,-0.7291346073150634,2
0.013876673951744942,-0.797909075021744,0.049644665420055564,-0.7635218411684037,2
0.013876673951744942,-0.7635218411684035,0.049644665420055564,-0.7291346073150634,2
0.049644665420055564,-1.0042324781417848,0.08541265688836575,-0.9698452442884445,2
0.049644665420055564,-0.9698452442884448,0.08541265688836575,-0.9354580104351045,2
0.08541265688836575,-1.0042324781417848,0.12118064835667591,-0.9698452442884445,2
0.08541265688836575,-0.9698452442884448,0.12118064835667591,-0.9354580104351045,2
0.049644665420055564,-0.9354580104351042,0.08541265688836575,-0.9010707765817644,2
0.049644665420055564,-0.9010707765817642,0.08541265688836575,-0.8666835427284241,2
0.08541265688836575,-0.9354580104351042,0.12118064835667591,-0.9010707765817644,2
0.08541265688836575,-0.9010707765817642,0.12118064835667591,-0.8666835427284241,2
0.12118064835667591,-1.0042324781417848,0.15694863982498655,-0.9698452442884445,2
0.12118064835667591,-0.9698452442884448,0.15694863982498655,-0.9354580104351045,2
0.15694863982498655,-1.0042324781417848,0.19271663129329672,-0.9698452442884445,2
0.15694863982498655,-0.9698452442884448,0.19271663129329672,-0.9354580104351045,2
0.12118064835667591,-0.9354580104351042,0.15694863982498655,-0.9010707765817644,2
0.12118064835667591,-0.9010707765817642,0.15694863982498655,-0.8666835427284241,2
0.15694863982498655,-0.9354580104351042,0.19271663129329672,-0.9010707765817644,2
0.15694863982498655,-0.9010707765817642,0.19271663129329672,-0.8666835427284241,2
0.049644665420055564,-0.8666835427284241,0.08541265688836575,-0.832296308875084,2
0.049644665420055564,-0.832296308875084,0.08541265688836575,-0.7979090750217438,2
0.08541265688836575,-0.8666835427284241,0.12118064835667591,-0.832296308875084,2
0.08541265688836575,-0.832296308875084,0.12118064835667591,-0.7979090750217438,2
0.049644665420055564,-0.797909075021744,0.08541265688836575,-0.7635218411684037,2
0.049644665420055564,-0.7635218411684035,0.08541265688836575,-0.7291346073150634,2
0.08541265688836575,-0.797909075021744,0.12118064835667591,-0.7635218411684037,2
0.08541265688836575,-0.7635218411684035,0.12118064835667591,-0.7291346073150634,2
0.12118064835667591,-0.8666835427284241,0.15694863982498655,-0.832296308875084,2
0.12118064835667591,-0.832296308875084,0.15694863982498655,-0.7979090750217438,2
0.15694863982498655,-0.8666835427284241,0.19271663129329672,-0.832296308875084,2
0.15694863982498655,-0.832296308875084,0.19271663129329672,-0.7979090750217438,2
0.12118064835667591,-0.797909075021744,0.15694863982498655,-0.7635218411684037,2
0.12118064835667591,-0.7635218411684035,0.15694863982498655,-0.7291346073150634,2
0.15694863982498655,-0.797909075021744,0.19271663129329672,-0.7635218411684037,2
0.15694863982498655,-0.7635218411684035,0.19271663129329672,-0.7291346073150634,2
0.19271663129329672,-1.2793303489685057,0.22848462276160733,-1.244943115115166,2
0.19271663129329672,-1.2449431151151658,0.22848462276160733,-1.2105558812618256,2
0.22848462276160733,-1.2793303489685057,0.2642526142299175,-1.244943115115166,2
0.22848462276160733,-1.2449431151151658,0.2642526142299175,-1.2105558812618256,2
0.19271663129329672,-1.2105558812618256,0.22848462276160733,-1.1761686474084856,2
0.19271663129329672,-1.1761686474084856,0.22848462276160733,-1.1417814135551452,2
0.22848462276160733,-1.2105558812618256,0.2642526142299175,-1.1761686474084856,2
0.22848462276160733,-1.1761686474084856,0.2642526142299175,-1.1417814135551452,2
0.2642526142299175,-1.2793303489685057,0.3000206056982277,-1.244943115115166,2
0.2642526142299175,-1.2449431151151658,0.3000206056982277,-1.2105558812618256,2
0.3000206056982277,-1.2793303489685057,0.3357885971665383,-1.244943115115166,2
0.3000206056982277,-1.2449431151151658,0.3357885971665383,-1.2105558812618256,2
0.2642526142299175,-1.2105558812618256,0.3000206056982277,-1.1761686474084856,2
0.2642526142299175,-1.1761686474084856,0.3000206056982277,-1.1417814135551452,2
0.3000206056982277,-1.2105558812618256,0.3357885971665383,-1.1761686474084856,2
0.3000206056982277,-1.1761686474084856,0.3357885971665383,-1.1417814135551452,2
0.19271663129329672,-1.1417814135551454,0.22848462276160733,-1.1073941797018052,2
0.19271663129329672,-1.107394179701805,0.22848462276160733,-1.0730069458484652,2
0.22848462276160733,-1.1417814135551454,0.2642526142299175,-1.1073941797018052,2
0.22848462276160733,-1.107394179701805,0.2642526142299175,-1.0730069458484652,2
0.19271663129329672,-1.073006945848465,0.22848462276160733,-1.0386197119951248,2
0.19271663129329672,-1.0386197119951248,0.22848462276160733,-1.0042324781417848,2
0.22848462276160733,-1.073006945848465,0.2642526142299175,-1.0386197119951248,2
0.22848462276160733,-1.0386197119951248,0.2642526142299175,-1.0042324781417848,2
0.2642526142299175,-1.1417814135551454,0.3000206056982277,-1.1073941797018052,2
0.2642526142299175,-1.107394179701805,0.3000206056982277,-1.0730069458484652,2
0.3000206056982277,-1.1417814135551454,0.3357885971665383,-1.1073941797018052,2
0.3000206056982277,-1.107394179701805,0.3357885971665383,-1.0730069458484652,2
0.2642526142299175,-1.073006945848465,0.3000206056982277,-1.0386197119951248,2
0.2642526142299175,-1.0386197119951248,0.3000206056982277,-1.0042324781417848,2
0.3000206056982277,-1.073006945848465,0.3357885971665383,-1.0386197119951248,2
0.3000206056982277,-1.0386197119951248,0.3357885971665383,-1.0042324781417848,2
0.3357885971665383,-1.2793303489685057,0.3715565886348485,-1.244943115115166,2
0.3357885971665383,-1.2449431151151658,0.3715565886348485,-1.2105558812618256,2
0.3715565886348485,-1.2793303489685057,0.40732458010315914,-1.244943115115166,2
0.3715565886348485,-1.2449431151151658,0.40732458010315914,-1.2105558812618256,2
0.3357885971665383,-1.2105558812618256,0.3715565886348485,-1.1761686474084856,2
0.3357885971665383,-1.1761686474084856,0.3715565886348485,-1.1417814135551452,2
0.3715565886348485,-1.2105558812618256,0.40732458010315914,-1.1761686474084856,2
0.3715565886348485,-1.1761686474084856,0.40732458010315914,-1.1417814135551452,2
0.40732458010315914,-1.2793303489685057,0.4430925715714693,-1.244943115115166,2
0.40732458010315914,-1.2449431151151658,0.4430925715714693,-1.2105558812618256,2
0.4430925715714693,-1.2793303489685057,0.4788605630397795,-1.244943115115166,2
0.4430925715714693,-1.2449431151151658,0.4788605630397795,-1.2105558812618256,2
0.40732458010315914,-1.2105558812618256,0.4430925715714693,-1.1761686474084856,2
0.40732458010315914,-1.1761686474084856,0.4430925715714693,-1.1417814135551452,2
0.4430925715714693,-1.2105558812618256,0.4788605630397795,-1.1761686474084856,2
0.4430925715714693,-1.1761686474084856,0.4788605630397795,-1.1417814135551452,2
0.3357885971665383,-1.1417814135551454,0.3715565886348485,-1.1073941797018052,2
0.3357885971665383,-1.107394179701805,0.3715565886348485,-1.0730069458484652,2
0.3715565886348485,-1.1417814135551454,0.40732458010315914,-1.1073941797018052,2
0.3715565886348485,-1.107394179701805,0.40732458010315914,-1.0730069458484652,2
0.3357885971665383,-1.073006945848465,0.3715565886348485,-1.0386197119951248,2
0.3357885971665383,-1.0386197119951248,0.3715565886348485,-1.0042324781417848,2
0.3715565886348485,-1.073006945848465,0.40732458010315914,-1.0386197119951248,2
0.3715565886348485,-1.0386197119951248,0.40732458010315914,-1.0042324781417848,2
0.40732458010315914,-1.1417814135551454,0.4430925715714693,-1.1073941797018052,2
0.40732458010315914,-1.107394179701805,0.4430925715714693,-1.0730069458484652,2
0.4430925715714693,-1.1417814135551454,0.4788605630397795,-1.1073941797018052,2
0.4430925715714693,-1.107394179701805,0.4788605630397795,-1.0730069458484652,2
0.40732458010315914,-1.073006945848465,0.4430925715714693,-1.0386197119951248,2
0.40732458010315914,-1.0386197119951248,0.4430925715714693,-1.0042324781417848,2
0.4430925715714693,-1.073006945848465,0.4788605630397795,-1.0386197119951248,2
0.4430925715714693,-1.0386197119951248,0.4788605630397795,-1.0042324781417848,2
0.19271663129329672,-1.0042324781417848,0.22848462276160733,-0.9698452442884445,2
0.19271663129329672,-0.9698452442884448,0.22848462276160733,-0.9354580104351045,2
0.22848462276160733,-1.0042324781417848,0.2642526142299175,-0.9698452442884445,2
0.22848462276160733,-0.9698452442884448,0.2642526142299175,-0.9354580104351045,2
0.19271663129329672,-0.9354580104351042,0.22848462276160733,-0.9010707765817644,2
0.19271663129329672,-0.9010707765817642,0.22848462276160733,-0.8666835427284241,2
0.22848462276160733,-0.9354580104351042,0.2642526142299175,-0.9010707765817644,2
0.22848462276160733,-0.9010707765817642,0.2642526142299175,-0.8666835427284241,2
0.2642526142299175,-1.0042324781417848,0.3000206056982277,-0.9698452442884445,2
0.2642526142299175,-0.9698452442884448,0.3000206056982277,-0.9354580104351045,2
0.3000206056982277,-1.0042324781417848,0.3357885971665383,-0.9698452442884445,2
0.3000206056982277,-0.9698452442884448,0.3357885971665383,-0.9354580104351045,2
0.2642526142299175,-0.9354580104351042,0.3000206056982277,-0.9010707765817644,2
0.2642526142299175,-0.9010707765817642,0.3000206056982277,-0.8666835427284241,2
0.3000206056982277,-0.9354580104351042,0.3357885971665383,-0.9010707765817644,2
0.3000206056982277,-0.9010707765817642,0.3357885971665383,-0.8666835427284241,2
0.19271663129329672,-0.8666835427284241,0.22848462276160733,-0.832296308875084,2
0.19271663129329672,-0.832296308875084,0.22848462276160733,-0.7979090750217438,2
0.22848462276160733,-0.8666835427284241,0.2642526142299175,-0.832296308875084,2
0.22848462276160733,-0.832296308875084,0.2642526142299175,-0.7979090750217438,2
0.19271663129329672,-0.797909075021744,0.22848462276160733,-0.7635218411684037,2
0.19271663129329672,-0.7635218411684035,0.22848462276160733,-0.7291346073150634,2
0.22848462276160733,-0.797909075021744,0.2642526142299175,-0.7635218411684037,2
0.22848462276160733,-0.7635218411684035,0.2642526142299175,-0.7291346073150634,2
0.2642526142299175,-0.8666835427284241,0.3000206056982277,-0.832296308875084,2
0.2642526142299175,-0.832296308875084,0.3000206056982277,-0.7979090750217438,2
0.3000206056982277,-0.8666835427284241,0.3357885971665383,-0.832296308875084,2
0.3000206056982277,-0.832296308875084,0.3357885971665383,-0.7979090750217438,2
0.2642526142299175,-0.797909075021744,0.3000206056982277,-0.7635218411684037,2
0.2642526142299175,-0.7635218411684035,0.3000206056982277,-0.7291346073150634,2
0.3000206056982277,-0.797909075021744,0.3357885971665383,-0.7635218411684037,2
0.3000206056982277,-0.7635218411684035,0.3357885971665383,-0.7291346073150634,2
0.3357885971665383,-1.0042324781417848,0.3715565886348485,-0.9698452442884445,2
0.3357885971665383,-0.9698452442884448,0.3715565886348485,-0.9354580104351045,2
0.3715565886348485,-1.0042324781417848,0.40732458010315914,-0.9698452442884445,2
0.3715565886348485,-0.9698452442884448,0.40732458010315914,-0.9354580104351045,2
0.3357885971665383,-0.9354580104351042,0.3715565886348485,-0.9010707765817644,2
0.3357885971665383,-0.9010707765817642,0.3715565886348485,-0.8666835427284241,2
0.3715565886348485,-0.9354580104351042,0.40732458010315914,-0.9010707765817644,2
0.3715565886348485,-0.9010707765817642,0.40732458010315914,-0.8666835427284241,2
0.40732458010315914,-1.0042324781417848,0.4430925715714693,-0.9698452442884445,2
0.40732458010315914,-0.9698452442884448,0.4430925715714693,-0.9354580104351045,2
0.4430925715714693,-1.0042324781417848,0.4788605630397795,-0.9698452442884445,2
0.4430925715714693,-0.9698452442884448,0.4788605630397795,-0.9354580104351045,2
0.40732458010315914,-0.9354580104351042,0.4430925715714693,-0.9010707765817644,2
0.40732458010315914,-0.9010707765817642,0.4430925715714693,-0.8666835427284241,2
0.4430925715714693,-0.9354580104351042,0.4788605630397795,-0.9010707765817644,2
0.4430925715714693,-0.9010707765817642,0.4788605630397795,-0.8666835427284241,2
0.3357885971665383,-0.8666835427284241,0.3715565886348485,-0.832296308875084,2
0.3357885971665383,-0.832296308875084,0.3715565886348485,-0.7979090750217438,2
0.3715565886348485,-0.8666835427284241,0.40732458010315914,-0.832296308875084,2
0.3715565886348485,-0.832296308875084,0.40732458010315914,-0.7979090750217438,2
0.3357885971665383,-0.797909075021744,0.3715565886348485,-0.7635218411684037,2
0.3357885971665383,-0.7635218411684035,0.3715565886348485,-0.7291346073150634,2
0.3715565886348485,-0.797909075021744,0.40732458010315914,-0.7635218411684037,2
0.3715565886348485,-0.7635218411684035,0.40732458010315914,-0.7291346073150634,2
0.40732458010315914,-0.8666835427284241,0.4430925715714693,-0.832296308875084,2
0.40732458010315914,-0.832296308875084,0.4430925715714693,-0.7979090750217438,2
0.4430925715714693,-0.8666835427284241,0.4788605630397795,-0.832296308875084,2
0.4430925715714693,-0.832296308875084,0.4788605630397795,-0.7979090750217438,2
0.40732458010315914,-0.797909075021744,0.4430925715714693,-0.7635218411684037,2
0.40732458010315914,-0.7635218411684035,0.4430925715714693,-0.7291346073150634,2
0.4430925715714693,-0.797909075021744,0.4788605630397795,-0.7635218411684037,2
0.4430925715714693,-0.7635218411684035,0.4788605630397795,-0.7291346073150634,2
-0.09342730045318604,-0.7291346073150634,-0.057659308984875854,-0.6947473734617233,2
-0.09342730045318604,-0.6947473734617233,-0.057659308984875854,-0.6603601396083832,2
-0.057659308984875854,-0.7291346073150634,-0.021891317516565235,-0.6947473734617233,2
-0.057659308984875854,-0.6947473734617233,-0.021891317516565235,-0.6603601396083832,2
-0.09342730045318604,-0.6603601396083832,-0.057659308984875854,-0.625972905755043,2
-0.09342730045318604,-0.6259729057550433,-0.057659308984875854,-0.591585671901703,2
-0.057659308984875854,-0.6603601396083832,-0.021891317516565235,-0.625972905755043,2
-0.057659308984875854,-0.6259729057550433,-0.021891317516565235,-0.591585671901703,2
-0.021891317516565235,-0.7291346073150634,0.013876673951744942,-0.6947473734617233,2
-0.021891317516565235,-0.6947473734617233,0.013876673951744942,-0.6603601396083832,2
0.013876673951744942,-0.7291346073150634,0.049644665420055564,-0.6947473734617233,2
0.013876673951744942,-0.6947473734617233,0.049644665420055564,-0.6603601396083832,2
-0.021891317516565235,-0.6603601396083832,0.013876673951744942,-0.625972905755043,2
-0.021891317516565235,-0.6259729057550433,0.013876673951744942,-0.591585671901703,2
0.013876673951744942,-0.6603601396083832,0.049644665420055564,-0.625972905755043,2
0.013876673951744942,-0.6259729057550433,0.049644665420055564,-0.591585671901703,2
-0.09342730045318604,-0.5915856719017027,-0.057659308984875854,-0.5571984380483627,2
-0.09342730045318604,-0.5571984380483627,-0.057659308984875854,-0.5228112041950226,2
-0.057659308984875854,-0.5915856719017027,-0.021891317516565235,-0.5571984380483627,2
-0.057659308984875854,-0.5571984380483627,-0.021891317516565235,-0.5228112041950226,2
-0.09342730045318604,-0.5228112041950226,-0.057659308984875854,-0.48842397034168256,2
-0.09342730045318604,-0.48842397034168256,-0.057659308984875854,-0.45403673648834225,2
-0.057659308984875854,-0.5228112041950226,-0.021891317516565235,-0.48842397034168256,2
-0.057659308984875854,-0.48842397034168256,-0.021891317516565235,-0.45403673648834225,2
-0.021891317516565235,-0.5915856719017027,0.013876673951744942,-0.5571984380483627,2
-0.021891317516565235,-0.5571984380483627,0.013876673951744942,-0.5228112041950226,2
0.013876673951744942,-0.5915856719017027,0.049644665420055564,-0.5571984380483627,2
0.013876673951744942,-0.5571984380483627,0.049644665420055564,-0.5228112041950226,2
-0.021891317516565235,-0.5228112041950226,0.013876673951744942,-0.48842397034168256,2
-0.021891317516565235,-0.48842397034168256,0.013876673951744942,-0.45403673648834225,2
0.013876673951744942,-0.5228112041950226,0.049644665420055564,-0.48842397034168256,2
0.013876673951744942,-0.48842397034168256,0.049644665420055564,-0.45403673648834225,2
0.049644665420055564,-0.7291346073150634,0.08541265688836575,-0.6947473734617233,2
0.049644665420055564,-0.6947473734617233,0.08541265688836575,-0.6603601396083832,2
0.08541265688836575,-0.7291346073150634,0.12118064835667591,-0.6947473734617233,2
0.08541265688836575,-0.6947473734617233,0.12118064835667591,-0.6603601396083832,2
0.049644665420055564,-0.6603601396083832,0.08541265688836575,-0.625972905755043,2
0.049644665420055564,-0.6259729057550433,0.08541265688836575,-0.591585671901703,2
0.08541265688836575,-0.6603601396083832,0.12118064835667591,-0.625972905755043,2
0.08541265688836575,-0.6259729057550433,0.12118064835667591,-0.591585671901703,2
0.12118064835667591,-0.7291346073150634,0.15694863982498655,-0.6947473734617233,2
0.12118064835667591,-0.6947473734617233,0.15694863982498655,-0.6603601396083832,2
0.15694863982498655,-0.7291346073150634,0.19271663129329672,-0.6947473734617233,2
0.15694863982498655,-0.6947473734617233,0.19271663129329672,-0.6603601396083832,2
0.12118064835667591,-0.6603601396083832,0.15694863982498655,-0.625972905755043,2
0.12118064835667591,-0.6259729057550433,0.15694863982498655,-0.591585671901703,2
0.15694863982498655,-0.6603601396083832,0.19271663129329672,-0.625972905755043,2
0.15694863982498655,-0.6259729057550433,0.19271663129329672,-0.591585671901703,2
0.049644665420055564,-0.5915856719017027,0.08541265688836575,-0.5571984380483627,2
0.049644665420055564,-0.5571984380483627,0.08541265688836575,-0.5228112041950226,2
0.08541265688836575,-0.5915856719017027,0.12118064835667591,-0.5571984380483627,2
0.08541265688836575,-0.5571984380483627,0.12118064835667591,-0.5228112041950226,2
0.049644665420055564,-0.5228112041950226,0.08541265688836575,-0.48842397034168256,2
0.12118064835667591,-0.5915856719017027,0.15694863982498655,-0.5571984380483627,2
0.12118064835667591,-0.5571984380483627,0.15694863982498655,-0.5228112041950226,2
0.15694863982498655,-0.5915856719017027,0.19271663129329672,-0.5571984380483627,2
-0.09342730045318604,-0.4540367364883425,-0.057659308984875854,-0.41964950263500217,2
-0.09342730045318604,-0.41964950263500195,-0.057659308984875854,-0.3852622687816619,2
-0.057659308984875854,-0.4540367364883425,-0.021891317516565235,-0.41964950263500217,2
-0.057659308984875854,-0.41964950263500195,-0.021891317516565235,-0.3852622687816619,2
-0.09342730045318604,-0.3852622687816619,-0.057659308984875854,-0.35087503492832184,2
-0.09342730045318604,-0.35087503492832184,-0.057659308984875854,-0.31648780107498176,2
-0.057659308984875854,-0.3852622687816619,-0.021891317516565235,-0.35087503492832184,2
-0.057659308984875854,-0.35087503492832184,-0.021891317516565235,-0.31648780107498176,2
-0.021891317516565235,-0.4540367364883425,0.013876673951744942,-0.41964950263500217,2
-0.021891317516565235,-0.41964950263500195,0.013876673951744942,-0.3852622687816619,2
-0.021891317516565235,-0.3852622687816619,0.013876673951744942,-0.35087503492832184,2
-0.021891317516565235,-0.35087503492832184,0.013876673951744942,-0.31648780107498176,2
-0.09342730045318604,-0.31648780107498176,-0.057659308984875854,-0.28210056722164173,2
-0.09342730045318604,-0.28210056722164173,-0.057659308984875854,-0.2477133333683012,2
-0.057659308984875854,-0.31648780107498176,-0.021891317516565235,-0.28210056722164173,2
-0.057659308984875854,-0.28210056722164173,-0.021891317516565235,-0.2477133333683012,2
-0.09342730045318604,-0.2477133333683012,-0.057659308984875854,-0.21332609951496115,2
-0.09342730045318604,-0.21332609951496115,-0.057659308984875854,-0.1789388656616211,2
-0.057659308984875854,-0.2477133333683012,-0.021891317516565235,-0.21332609951496115,2
-0.057659308984875854,-0.21332609951496115,-0.021891317516565235,-0.1789388656616211,2
-0.021891317516565235,-0.31648780107498176,0.013876673951744942,-0.28210056722164173,2
-0.021891317516565235,-0.28210056722164173,0.013876673951744942,-0.2477133333683012,2
-0.021891317516565235,-0.2477133333683012,0.013876673951744942,-0.21332609951496115,2
-0.021891317516565235,-0.21332609951496115,0.013876673951744942,-0.1789388656616211,2
0.19271663129329672,-0.7291346073150634,0.22848462276160733,-0.6947473734617233,2
0.19271663129329672,-0.6947473734617233,0.22848462276160733,-0.6603601396083832,2
0.22848462276160733,-0.7291346073150634,0.2642526142299175,-0.6947473734617233,2
0.22848462276160733,-0.6947473734617233,0.2642526142299175,-0.6603601396083832,2
0.19271663129329672,-0.6603601396083832,0.22848462276160733,-0.625972905755043,2
0.19271663129329672,-0.6259729057550433,0.22848462276160733,-0.591585671901703,2
0.22848462276160733,-0.6603601396083832,0.2642526142299175,-0.625972905755043,2
0.22848462276160733,-0.6259729057550433,0.2642526142299175,-0.591585671901703,2
0.2642526142299175,-0.7291346073150634,0.3000206056982277,-0.6947473734617233,2
0.2642526142299175,-0.6947473734617233,0.3000206056982277,-0.6603601396083832,2
0.3000206056982277,-0.7291346073150634,0.3357885971665383,-0.6947473734617233,2
0.3000206056982277,-0.6947473734617233,0.3357885971665383,-0.6603601396083832,2
0.2642526142299175,-0.6603601396083832,0.3000206056982277,-0.625972905755043,2
0.2642526142299175,-0.6259729057550433,0.3000206056982277,-0.591585671901703,2
0.3000206056982277,-0.6603601396083832,0.3357885971665383,-0.625972905755043,2
0.3000206056982277,-0.6259729057550433,0.3357885971665383,-0.591585671901703,2
0.19271663129329672,-0.5915856719017027,0.22848462276160733,-0.5571984380483627,2
0.3357885971665383,-0.7291346073150634,0.3715565886348485,-0.6947473734617233,2
0.3357885971665383,-0.6947473734617233,0.3715565886348485,-0.6603601396083832,2
0.3715565886348485,-0.7291346073150634,0.40732458010315914,-0.6947473734617233,2
0.3715565886348485,-0.6947473734617233,0.40732458010315914,-0.6603601396083832,2
0.3357885971665383,-0.6603601396083832,0.3715565886348485,-0.625972905755043,2
0.40732458010315914,-0.7291346073150634,0.4430925715714693,-0.6947473734617233,2
0.40732458010315914,-0.6947473734617233,0.4430925715714693,-0.6603601396083832,2
0.4430925715714693,-0.7291346073150634,0.4788605630397795,-0.6947473734617233,2
0.4430925715714693,-0.6947473734617233,0.4788605630397795,-0.6603601396083832,2
0.4788605630397795,-1.2793303489685057,0.5146285545080901,-1.244943115115166,2
0.4788605630397795,-1.2449431151151658,0.5146285545080901,-1.2105558812618256,2
0.5146285545080901,-1.2793303489685057,0.5503965459764003,-1.244943115115166,2
0.5146285545080901,-1.2449431151151658,0.5503965459764003,-1.2105558812618256,2
0.4788605630397795,-1.2105558812618256,0.5146285545080901,-1.1761686474084856,2
0.4788605630397795,-1.1761686474084856,0.5146285545080901,-1.1417814135551452,2
0.5146285545080901,-1.2105558812618256,0.5503965459764003,-1.1761686474084856,2
0.5146285545080901,-1.1761686474084856,0.5503965459764003,-1.1417814135551452,2
0.5503965459764003,-1.2793303489685057,0.5861645374447109,-1.244943115115166,2
0.5503965459764003,-1.2449431151151658,0.5861645374447109,-1.2105558812618256,2
0.5861645374447106,-1.2793303489685057,0.6219325289130211,-1.244943115115166,2
0.5861645374447106,-1.2449431151151658,0.6219325289130211,-1.2105558812618256,2
0.5503965459764003,-1.2105558812618256,0.5861645374447109,-1.1761686474084856,2
0.5503965459764003,-1.1761686474084856,0.5861645374447109,-1.1417814135551452,2
0.5861645374447106,-1.2105558812618256,0.6219325289130211,-1.1761686474084856,2
0.5861645374447106,-1.1761686474084856,0.6219325289130211,-1.1417814135551452,2
0.4788605630397795,-1.1417814135551454,0.5146285545080901,-1.1073941797018052,2
0.4788605630397795,-1.107394179701805,0.5146285545080901,-1.0730069458484652,2
0.5146285545080901,-1.1417814135551454,0.5503965459764003,-1.1073941797018052,2
0.5146285545080901,-1.107394179701805,0.5503965459764003,-1.0730069458484652,2
0.4788605630397795,-1.073006945848465,0.5146285545080901,-1.0386197119951248,2
0.4788605630397795,-1.0386197119951248,0.5146285545080901,-1.0042324781417848,2
0.5146285545080901,-1.073006945848465,0.5503965459764003,-1.0386197119951248,2
0.5146285545080901,-1.0386197119951248,0.5503965459764003,-1.0042324781417848,2
0.5503965459764003,-1.1417814135551454,0.5861645374447109,-1.1073941797018052,2
0.5503965459764003,-1.107394179701805,0.5861645374447109,-1.0730069458484652,2
0.5861645374447106,-1.1417814135551454,0.6219325289130211,-1.1073941797018052,2
0.5861645374447106,-1.107394179701805,0.6219325289130211,-1.0730069458484652,2
0.5503965459764003,-1.073006945848465,0.5861645374447109,-1.0386197119951248,2
0.5503965459764003,-1.0386197119951248,0.5861645374447109,-1.0042324781417848,2
0.5861645374447106,-1.073006945848465,0.6219325289130211,-1.0386197119951248,2
0.5861645374447106,-1.0386197119951248,0.6219325289130211,-1.0042324781417848,2
0.6219325289130211,-1.2793303489685057,0.6577005203813312,-1.244943115115166,2
0.6219325289130211,-1.2449431151151658,0.6577005203813312,-1.2105558812618256,2
0.6577005203813314,-1.2793303489685057,0.6934685118496419,-1.244943115115166,2
0.6577005203813314,-1.2449431151151658,0.6934685118496419,-1.2105558812618256,2
0.6219325289130211,-1.2105558812618256,0.6577005203813312,-1.1761686474084856,2
0.6219325289130211,-1.1761686474084856,0.6577005203813312,-1.1417814135551452,2
0.6577005203813314,-1.2105558812618256,0.6934685118496419,-1.1761686474084856,2
0.6577005203813314,-1.1761686474084856,0.6934685118496419,-1.1417814135551452,2
0.6934685118496419,-1.2793303489685057,0.7292365033179521,-1.244943115115166,2
0.6934685118496419,-1.2449431151151658,0.7292365033179521,-1.2105558812618256,2
0.7292365033179521,-1.2793303489685057,0.7650044947862626,-1.244943115115166,2
0.7292365033179521,-1.2449431151151658,0.7650044947862626,-1.2105558812618256,2
0.6934685118496419,-1.2105558812618256,0.7292365033179521,-1.1761686474084856,2
0.6934685118496419,-1.1761686474084856,0.7292365033179521,-1.1417814135551452,2
0.7292365033179521,-1.2105558812618256,0.7650044947862626,-1.1761686474084856,2
0.7292365033179521,-1.1761686474084856,0.7650044947862626,-1.1417814135551452,2
0.6219325289130211,-1.1417814135551454,0.6577005203813312,-1.1073941797018052,2
0.6219325289130211,-1.107394179701805,0.6577005203813312,-1.0730069458484652,2
0.6577005203813314,-1.1417814135551454,0.6934685118496419,-1.1073941797018052,2
0.6577005203813314,-1.107394179701805,0.6934685118496419,-1.0730069458484652,2
0.6219325289130211,-1.073006945848465,0.6577005203813312,-1.0386197119951248,2
0.6219325289130211,-1.0386197119951248,0.6577005203813312,-1.0042324781417848,2
0.6577005203813314,-1.073006945848465,0.6934685118496419,-1.0386197119951248,2
0.6577005203813314,-1.0386197119951248,0.6934685118496419,-1.0042324781417848,2
0.6934685118496419,-1.1417814135551454,0.7292365033179521,-1.1073941797018052,2
0.6934685118496419,-1.107394179701805,0.7292365033179521,-1.0730069458484652,2
0.7292365033179521,-1.1417814135551454,0.7650044947862626,-1.1073941797018052,2
0.7292365033179521,-1.107394179701805,0.7650044947862626,-1.0730069458484652,2
0.6934685118496419,-1.073006945848465,0.7292365033179521,-1.0386197119951248,2
0.6934685118496419,-1.0386197119951248,0.7292365033179521,-1.0042324781417848,2
0.7292365033179521,-1.073006945848465,0.7650044947862626,-1.0386197119951248,2
0.7292365033179521,-1.0386197119951248,0.7650044947862626,-1.0042324781417848,2
0.4788605630397795,-1.0042324781417848,0.5146285545080901,-0.9698452442884445,2
0.4788605630397795,-0.9698452442884448,0.5146285545080901,-0.9354580104351045,2
0.5146285545080901,-1.0042324781417848,0.5503965459764003,-0.9698452442884445,2
0.5146285545080901,-0.9698452442884448,0.5503965459764003,-0.9354580104351045,2
0.4788605630397795,-0.9354580104351042,0.5146285545080901,-0.9010707765817644,2
0.4788605630397795,-0.9010707765817642,0.5146285545080901,-0.8666835427284241,2
0.5146285545080901,-0.9354580104351042,0.5503965459764003,-0.9010707765817644,2
0.5146285545080901,-0.9010707765817642,0.5503965459764003,-0.8666835427284241,2
0.5503965459764003,-1.0042324781417848,0.5861645374447109,-0.9698452442884445,2
0.5503965459764003,-0.9698452442884448,0.5861645374447109,-0.9354580104351045,2
0.5861645374447106,-1.0042324781417848,0.6219325289130211,-0.9698452442884445,2
0.5861645374447106,-0.9698452442884448,0.6219325289130211,-0.9354580104351045,2
0.5503965459764003,-0.9354580104351042,0.5861645374447109,-0.9010707765817644,2
0.5503965459764003,-0.9010707765817642,0.5861645374447109,-0.8666835427284241,2
0.5861645374447106,-0.9354580104351042,0.6219325289130211,-0.9010707765817644,2
0.5861645374447106,-0.9010707765817642,0.6219325289130211,-0.8666835427284241,2
0.4788605630397795,-0.8666835427284241,0.5146285545080901,-0.832296308875084,2
0.4788605630397795,-0.832296308875084,0.5146285545080901,-0.7979090750217438,2
0.5146285545080901,-0.8666835427284241,0.5503965459764003,-0.832296308875084,2
0.5146285545080901,-0.832296308875084,0.5503965459764003,-0.7979090750217438,2
0.4788605630397795,-0.797909075021744,0.5146285545080901,-0.7635218411684037,2
0.4788605630397795,-0.7635218411684035,0.5146285545080901,-0.7291346073150634,2
0.5146285545080901,-0.797909075021744,0.5503965459764003,-0.7635218411684037,2
0.5146285545080901,-0.7635218411684035,0.5503965459764003,-0.7291346073150634,2
0.5503965459764003,-0.8666835427284241,0.5861645374447109,-0.832296308875084,2
0.5503965459764003,-0.832296308875084,0.5861645374447109,-0.7979090750217438,2
0.5861645374447106,-0.8666835427284241,0.6219325289130211,-0.832296308875084,2
0.5861645374447106,-0.832296308875084,0.6219325289130211,-0.7979090750217438,2
0.5503965459764003,-0.797909075021744,0.5861645374447109,-0.7635218411684037,2
0.5503965459764003,-0.7635218411684035,0.5861645374447109,-0.7291346073150634,2
0.5861645374447106,-0.797909075021744,0.6219325289130211,-0.7635218411684037,2
0.5861645374447106,-0.7635218411684035,0.6219325289130211,-0.7291346073150634,2
0.6219325289130211,-1.0042324781417848,0.6577005203813312,-0.9698452442884445,2
0.6219325289130211,-0.9698452442884448,0.6577005203813312,-0.9354580104351045,2
0.6577005203813314,-1.0042324781417848,0.6934685118496419,-0.9698452442884445,2
0.6577005203813314,-0.9698452442884448,0.6934685118496419,-0.9354580104351045,2
0.6219325289130211,-0.9354580104351042,0.6577005203813312,-0.9010707765817644,2
0.6219325289130211,-0.9010707765817642,0.6577005203813312,-0.8666835427284241,2
0.6577005203813314,-0.9354580104351042,0.6934685118496419,-0.9010707765817644,2
0.6577005203813314,-0.9010707765817642,0.6934685118496419,-0.8666835427284241,2
0.6934685118496419,-1.0042324781417848,0.7292365033179521,-0.9698452442884445,2
0.6934685118496419,-0.9698452442884448,0.7292365033179521,-0.9354580104351045,2
0.7292365033179521,-1.0042324781417848,0.7650044947862626,-0.9698452442884445,2
0.7292365033179521,-0.9698452442884448,0.7650044947862626,-0.9354580104351045,2
0.6934685118496419,-0.9354580104351042,0.7292365033179521,-0.9010707765817644,2
0.6934685118496419,-0.9010707765817642,0.7292365033179521,-0.8666835427284241,2
0.7292365033179521,-0.9354580104351042,0.7650044947862626,-0.9010707765817644,2
0.7292365033179521,-0.9010707765817642,0.7650044947862626,-0.8666835427284241,2
0.6219325289130211,-0.8666835427284241,0.6577005203813312,-0.832296308875084,2
0.6219325289130211,-0.832296308875084,0.6577005203813312,-0.7979090750217438,2
0.6577005203813314,-0.8666835427284241,0.6934685118496419,-0.832296308875084,2
0.6577005203813314,-0.832296308875084,0.6934685118496419,-0.7979090750217438,2
0.6219325289130211,-0.797909075021744,0.6577005203813312,-0.7635218411684037,2
0.6219325289130211,-0.7635218411684035,0.6577005203813312,-0.7291346073150634,2
0.6577005203813314,-0.797909075021744,0.6934685118496419,-0.7635218411684037,2
0.6934685118496419,-0.8666835427284241,0.7292365033179521,-0.832296308875084,2
0.6934685118496419,-0.832296308875084,0.7292365033179521,-0.7979090750217438,2
0.7292365033179521,-0.8666835427284241,0.7650044947862626,-0.832296308875084,2
0.7292365033179521,-0.832296308875084,0.7650044947862626,-0.7979090750217438,2
0.6934685118496419,-0.797909075021744,0.7292365033179521,-0.7635218411684037,2
0.7650044947862624,-1.2793303489685057,0.8007724862545729,-1.244943115115166,2
0.7650044947862624,-1.2449431151151658,0.8007724862545729,-1.2105558812618256,2
0.8007724862545729,-1.2793303489685057,0.836540477722883,-1.244943115115166,2
0.8007724862545729,-1.2449431151151658,0.836540477722883,-1.2105558812618256,2
0.7650044947862624,-1.2105558812618256,0.8007724862545729,-1.1761686474084856,2
0.7650044947862624,-1.1761686474084856,0.8007724862545729,-1.1417814135551452,2
0.8007724862545729,-1.2105558812618256,0.836540477722883,-1.1761686474084856,2
0.8007724862545729,-1.1761686474084856,0.836540477722883,-1.1417814135551452,2
0.8365404777228832,-1.2793303489685057,0.8723084691911936,-1.244943115115166,2
0.8365404777228832,-1.2449431151151658,0.8723084691911936,-1.2105558812618256,2
0.8723084691911936,-1.2793303489685057,0.9080764606595039,-1.244943115115166,2
0.8723084691911936,-1.2449431151151658,0.9080764606595039,-1.2105558812618256,2
0.8365404777228832,-1.2105558812618256,0.8723084691911936,-1.1761686474084856,2
0.8365404777228832,-1.1761686474084856,0.8723084691911936,-1.1417814135551452,2
0.8723084691911936,-1.2105558812618256,0.9080764606595039,-1.1761686474084856,2
0.8723084691911936,-1.1761686474084856,0.9080764606595039,-1.1417814135551452,2
0.7650044947862624,-1.1417814135551454,0.8007724862545729,-1.1073941797018052,2
0.7650044947862624,-1.107394179701805,0.8007724862545729,-1.0730069458484652,2
0.8007724862545729,-1.1417814135551454,0.836540477722883,-1.1073941797018052,2
0.8007724862545729,-1.107394179701805,0.836540477722883,-1.0730069458484652,2
0.7650044947862624,-1.073006945848465,0.8007724862545729,-1.0386197119951248,2
0.7650044947862624,-1.0386197119951248,0.8007724862545729,-1.0042324781417848,2
0.8007724862545729,-1.073006945848465,0.836540477722883,-1.0386197119951248,2
0.8007724862545729,-1.0386197119951248,0.836540477722883,-1.0042324781417848,2
0.8365404777228832,-1.1417814135551454,0.8723084691911936,-1.1073941797018052,2
0.8365404777228832,-1.107394179701805,0.8723084691911936,-1.0730069458484652,2
0.8723084691911936,-1.1417814135551454,0.9080764606595039,-1.1073941797018052,2
0.8723084691911936,-1.107394179701805,0.9080764606595039,-1.0730069458484652,2
0.8365404777228832,-1.073006945848465,0.8723084691911936,-1.0386197119951248,2
0.8365404777228832,-1.0386197119951248,0.8723084691911936,-1.0042324781417848,2
0.8723084691911936,-1.073006945848465,0.9080764606595039,-1.0386197119951248,2
0.8723084691911936,-1.0386197119951248,0.9080764606595039,-1.0042324781417848,2
0.9080764606595039,-1.2793303489685057,0.9438444521278144,-1.244943115115166,2
0.9080764606595039,-1.2449431151151658,0.9438444521278144,-1.2105558812618256,2
0.9438444521278142,-1.2793303489685057,0.9796124435961246,-1.244943115115166,2
0.9438444521278142,-1.2449431151151658,0.9796124435961246,-1.2105558812618256,2
0.9080764606595039,-1.2105558812618256,0.9438444521278144,-1.1761686474084856,2
0.9080764606595039,-1.1761686474084856,0.9438444521278144,-1.1417814135551452,2
0.9438444521278142,-1.2105558812618256,0.9796124435961246,-1.1761686474084856,2
0.9438444521278142,-1.1761686474084856,0.9796124435961246,-1.1417814135551452,2
0.9796124435961246,-1.2793303489685057,1.0153804350644349,-1.244943115115166,2
0.9796124435961246,-1.2449431151151658,1.0153804350644349,-1.2105558812618256,2
1.015380435064435,-1.2793303489685057,1.0511484265327455,-1.244943115115166,2
1.015380435064435,-1.2449431151151658,1.0511484265327455,-1.2105558812618256,2
0.9796124435961246,-1.2105558812618256,1.0153804350644349,-1.1761686474084856,2
0.9796124435961246,-1.1761686474084856,1.0153804350644349,-1.1417814135551452,2
1.015380435064435,-1.2105558812618256,1.0511484265327455,-1.1761686474084856,2
1.015380435064435,-1.1761686474084856,1.0511484265327455,-1.1417814135551452,2
0.9080764606595039,-1.1417814135551454,0.9438444521278144,-1.1073941797018052,2
0.9080764606595039,-1.107394179701805,0.9438444521278144,-1.0730069458484652,2
0.9438444521278142,-1.1417814135551454,0.9796124435961246,-1.1073941797018052,2
0.9438444521278142,-1.107394179701805,0.9796124435961246,-1.0730069458484652,2
0.9080764606595039,-1.073006945848465,0.9438444521278144,-1.0386197119951248,2
0.9080764606595039,-1.0386197119951248,0.9438444521278144,-1.0042324781417848,2
0.9438444521278142,-1.073006945848465,0.9796124435961246,-1.0386197119951248,2
0.9438444521278142,-1.0386197119951248,0.9796124435961246,-1.0042324781417848,2
0.9796124435961246,-1.1417814135551454,1.0153804350644349,-1.1073941797018052,2
0.9796124435961246,-1.107394179701805,1.0153804350644349,-1.0730069458484652,2
1.015380435064435,-1.1417814135551454,1.0511484265327455,-1.1073941797018052,2
1.015380435064435,-1.107394179701805,1.0511484265327455,-1.0730069458484652,2
0.9796124435961246,-1.073006945848465,1.0153804350644349,-1.0386197119951248,2
0.9796124435961246,-1.0386197119951248,1.0153804350644349,-1.0042324781417848,2
1.015380435064435,-1.073006945848465,1.0511484265327455,-1.0386197119951248,2
1.015380435064435,-1.0386197119951248,1.0511484265327455,-1.0042324781417848,2
0.7650044947862624,-1.0042324781417848,0.8007724862545729,-0.9698452442884445,2
0.7650044947862624,-0.9698452442884448,0.8007724862545729,-0.9354580104351045,2
0.8007724862545729,-1.0042324781417848,0.836540477722883,-0.9698452442884445,2
0.8007724862545729,-0.9698452442884448,0.836540477722883,-0.9354580104351045,2
0.7650044947862624,-0.9354580104351042,0.8007724862545729,-0.9010707765817644,2
0.7650044947862624,-0.9010707765817642,0.8007724862545729,-0.8666835427284241,2
0.8007724862545729,-0.9354580104351042,0.836540477722883,-0.9010707765817644,2
0.8007724862545729,-0.9010707765817642,0.836540477722883,-0.8666835427284241,2
0.8365404777228832,-1.0042324781417848,0.8723084691911936,-0.9698452442884445,2
0.8365404777228832,-0.9698452442884448,0.8723084691911936,-0.9354580104351045,2
0.8723084691911936,-1.0042324781417848,0.9080764606595039,-0.9698452442884445,2
0.8723084691911936,-0.9698452442884448,0.9080764606595039,-0.9354580104351045,2
0.8365404777228832,-0.9354580104351042,0.8723084691911936,-0.9010707765817644,2
0.8365404777228832,-0.9010707765817642,0.8723084691911936,-0.8666835427284241,2
0.8723084691911936,-0.9354580104351042,0.9080764606595039,-0.9010707765817644,2
0.8723084691911936,-0.9010707765817642,0.9080764606595039,-0.8666835427284241,2
0.7650044947862624,-0.8666835427284241,0.8007724862545729,-0.832296308875084,2
0.7650044947862624,-0.832296308875084,0.8007724862545729,-0.7979090750217438,2
0.8007724862545729,-0.8666835427284241,0.836540477722883,-0.832296308875084,2
0.8007724862545729,-0.832296308875084,0.836540477722883,-0.7979090750217438,2
0.8365404777228832,-0.8666835427284241,0.8723084691911936,-0.832296308875084,2
0.8723084691911936,-0.8666835427284241,0.9080764606595039,-0.832296308875084,2
0.9080764606595039,-1.0042324781417848,0.9438444521278144,-0.9698452442884445,2
0.9080764606595039,-0.9698452442884448,0.9438444521278144,-0.9354580104351045,2
0.9438444521278142,-1.0042324781417848,0.9796124435961246,-0.9698452442884445,2
0.9438444521278142,-0.9698452442884448,0.9796124435961246,-0.9354580104351045,2
0.9080764606595039,-0.9354580104351042,0.9438444521278144,-0.9010707765817644,2
0.9080764606595039,-0.9010707765817642,0.9438444521278144,-0.8666835427284241,2
0.9438444521278142,-0.9354580104351042,0.9796124435961246,-0.9010707765817644,2
0.9438444521278142,-0.9010707765817642,0.9796124435961246,-0.8666835427284241,2
0.9796124435961246,-1.0042324781417848,1.0153804350644349,-0.9698452442884445,2
0.9796124435961246,-0.9698452442884448,1.0153804350644349,-0.9354580104351045,2
1.015380435064435,-1.0042324781417848,1.0511484265327455,-0.9698452442884445,2
1.015380435064435,-0.9698452442884448,1.0511484265327455,-0.9354580104351045,2
0.9796124435961246,-0.9354580104351042,1.0153804350644349,-0.9010707765817644,2
1.015380435064435,-0.9354580104351042,1.0511484265327455,-0.9010707765817644,2
0.4788605630397795,-0.7291346073150634,0.5146285545080901,-0.6947473734617233,2
0.5146285545080901,-0.7291346073150634,0.5503965459764003,-0.6947473734617233,2
1.0511484265327455,-2.0358494937419893,1.0869164180010555,-2.0014622598886493,2
1.0511484265327455,-2.0014622598886493,1.0869164180010555,-1.967075026035309,2
1.0869164180010555,-2.0358494937419893,1.1226844094693662,-2.0014622598886493,2
1.0869164180010555,-2.0014622598886493,1.1226844094693662,-1.967075026035309,2
1.122684409469366,-2.0014622598886493,1.1584524009376764,-1.967075026035309,2
1.1584524009376764,-2.0014622598886493,1.1942203924059867,-1.967075026035309,2
1.0511484265327455,-1.9670750260353091,1.0869164180010555,-1.932687792181969,2
1.0511484265327455,-1.9326877921819687,1.0869164180010555,-1.8983005583286285,2
1.0869164180010555,-1.9670750260353091,1.1226844094693662,-1.932687792181969,2
1.0869164180010555,-1.9326877921819687,1.1226844094693662,-1.8983005583286285,2
1.0511484265327455,-1.8983005583286285,1.0869164180010555,-1.8639133244752886,2
1.0511484265327455,-1.8639133244752886,1.0869164180010555,-1.8295260906219486,2
1.0869164180010555,-1.8983005583286285,1.1226844094693662,-1.8639133244752886,2
1.0869164180010555,-1.8639133244752886,1.1226844094693662,-1.8295260906219486,2
1.122684409469366,-1.9670750260353091,1.1584524009376764,-1.932687792181969,2
1.122684409469366,-1.9326877921819687,1.1584524009376764,-1.8983005583286285,2
1.1584524009376764,-1.9670750260353091,1.1942203924059867,-1.932687792181969,2
1.1584524009376764,-1.9326877921819687,1.1942203924059867,-1.8983005583286285,2
1.122684409469366,-1.8983005583286285,1.1584524009376764,-1.8639133244752886,2
1.122684409469366,-1.8639133244752886,1.1584524009376764,-1.8295260906219486,2
1.1584524009376764,-1.8983005583286285,1.1942203924059867,-1.8639133244752886,2
1.1584524009376764,-1.8639133244752886,1.1942203924059867,-1.8295260906219486,2
1.1942203924059869,-1.9670750260353091,1.229988383874297,-1.932687792181969,2
1.1942203924059869,-1.9326877921819687,1.229988383874297,-1.8983005583286285,2
1.2299883838742969,-1.9326877921819687,1.2657563753426073,-1.8983005583286285,2
1.1942203924059869,-1.8983005583286285,1.229988383874297,-1.8639133244752886,2
1.1942203924059869,-1.8639133244752886,1.229988383874297,-1.8295260906219486,2
1.2299883838742969,-1.8983005583286285,1.2657563753426073,-1.8639133244752886,2
1.2299883838742969,-1.8639133244752886,1.2657563753426073,-1.8295260906219486,2
1.2657563753426073,-1.8983005583286285,1.301524366810918,-1.8639133244752886,2
1.2657563753426073,-1.8639133244752886,1.301524366810918,-1.8295260906219486,2
1.3015243668109178,-1.8639133244752886,1.3372923582792282,-1.8295260906219486,2
1.0511484265327455,-1.8295260906219486,1.0869164180010555,-1.7951388567686082,2
1.0511484265327455,-1.7951388567686084,1.0869164180010555,-1.7607516229152682,2
1.0869164180010555,-1.8295260906219486,1.1226844094693662,-1.7951388567686082,2
1.0869164180010555,-1.7951388567686084,1.1226844094693662,-1.7607516229152682,2
1.0511484265327455,-1.760751622915268,1.0869164180010555,-1.7263643890619278,2
1.0511484265327455,-1.7263643890619278,1.0869164180010555,-1.6919771552085878,2
1.0869164180010555,-1.760751622915268,1.1226844094693662,-1.7263643890619278,2
1.0869164180010555,-1.7263643890619278,1.1226844094693662,-1.6919771552085878,2
1.122684409469366,-1.8295260906219486,1.1584524009376764,-1.7951388567686082,2
1.122684409469366,-1.7951388567686084,1.1584524009376764,-1.7607516229152682,2
1.1584524009376764,-1.8295260906219486,1.1942203924059867,-1.7951388567686082,2
1.1584524009376764,-1.7951388567686084,1.1942203924059867,-1.7607516229152682,2
1.122684409469366,-1.760751622915268,1.1584524009376764,-1.7263643890619278,2
1.122684409469366,-1.7263643890619278,1.1584524009376764,-1.6919771552085878,2
1.1584524009376764,-1.760751622915268,1.1942203924059867,-1.7263643890619278,2
1.1584524009376764,-1.7263643890619278,1.1942203924059867,-1.6919771552085878,2
1.0511484265327455,-1.6919771552085878,1.0869164180010555,-1.6575899213552474,2
1.0511484265327455,-1.6575899213552476,1.0869164180010555,-1.6232026875019074,2
1.0869164180010555,-1.6919771552085878,1.1226844094693662,-1.6575899213552474,2
1.0869164180010555,-1.6575899213552476,1.1226844094693662,-1.6232026875019074,2
1.0511484265327455,-1.6232026875019077,1.0869164180010555,-1.5888154536485675,2
1.0511484265327455,-1.5888154536485672,1.0869164180010555,-1.554428219795227,2
1.0869164180010555,-1.6232026875019077,1.1226844094693662,-1.5888154536485675,2
1.0869164180010555,-1.5888154536485672,1.1226844094693662,-1.554428219795227,2
1.122684409469366,-1.6919771552085878,1.1584524009376764,-1.6575899213552474,2
1.122684409469366,-1.6575899213552476,1.1584524009376764,-1.6232026875019074,2
1.1584524009376764,-1.6919771552085878,1.1942203924059867,-1.6575899213552474,2
1.1584524009376764,-1.6575899213552476,1.1942203924059867,-1.6232026875019074,2
1.122684409469366,-1.6232026875019077,1.1584524009376764,-1.5888154536485675,2
1.122684409469366,-1.5888154536485672,1.1584524009376764,-1.554428219795227,2
1.1584524009376764,-1.6232026875019077,1.1942203924059867,-1.5888154536485675,2
1.1584524009376764,-1.5888154536485672,1.1942203924059867,-1.554428219795227,2
1.1942203924059869,-1.8295260906219486,1.229988383874297,-1.7951388567686082,2
1.1942203924059869,-1.7951388567686084,1.229988383874297,-1.7607516229152682,2
1.2299883838742969,-1.8295260906219486,1.2657563753426073,-1.7951388567686082,2
1.2299883838742969,-1.7951388567686084,1.2657563753426073,-1.7607516229152682,2
1.1942203924059869,-1.760751622915268,1.229988383874297,-1.7263643890619278,2
1.1942203924059869,-1.7263643890619278,1.229988383874297,-1.6919771552085878,2
1.2299883838742969,-1.760751622915268,1.2657563753426073,-1.7263643890619278,2
1.2299883838742969,-1.7263643890619278,1.2657563753426073,-1.6919771552085878,2
1.2657563753426073,-1.8295260906219486,1.301524366810918,-1.7951388567686082,2
1.2657563753426073,-1.7951388567686084,1.301524366810918,-1.7607516229152682,2
1.3015243668109178,-1.8295260906219486,1.3372923582792282,-1.7951388567686082,2
1.3015243668109178,-1.7951388567686084,1.3372923582792282,-1.7607516229152682,2
1.2657563753426073,-1.760751622915268,1.301524366810918,-1.7263643890619278,2
1.2657563753426073,-1.7263643890619278,1.301524366810918,-1.6919771552085878,2
1.3015243668109178,-1.760751622915268,1.3372923582792282,-1.7263643890619278,2
1.3015243668109178,-1.7263643890619278,1.3372923582792282,-1.6919771552085878,2
1.1942203924059869,-1.6919771552085878,1.229988383874297,-1.6575899213552474,2
1.1942203924059869,-1.6575899213552476,1.229988383874297,-1.6232026875019074,2
1.2299883838742969,-1.6919771552085878,1.2657563753426073,-1.6575899213552474,2
1.2299883838742969,-1.6575899213552476,1.2657563753426073,-1.6232026875019074,2
1.1942203924059869,-1.6232026875019077,1.229988383874297,-1.5888154536485675,2
1.1942203924059869,-1.5888154536485672,1.229988383874297,-1.554428219795227,2
1.2299883838742969,-1.6232026875019077,1.2657563753426073,-1.5888154536485675,2
1.2299883838742969,-1.5888154536485672,1.2657563753426073,-1.554428219795227,2
1.2657563753426073,-1.6919771552085878,1.301524366810918,-1.6575899213552474,2
1.2657563753426073,-1.6575899213552476,1.301524366810918,-1.6232026875019074,2
1.3015243668109178,-1.6919771552085878,1.3372923582792282,-1.6575899213552474,2
1.3015243668109178,-1.6575899213552476,1.3372923582792282,-1.6232026875019074,2
1.2657563753426073,-1.6232026875019077,1.301524366810918,-1.5888154536485675,2
1.2657563753426073,-1.5888154536485672,1.301524366810918,-1.554428219795227,2
1.3015243668109178,-1.6232026875019077,1.3372923582792282,-1.5888154536485675,2
1.3015243668109178,-1.5888154536485672,1.3372923582792282,-1.554428219795227,2
1.0511484265327455,-1.554428219795227,1.0869164180010555,-1.520040985941887,2
1.0511484265327455,-1.520040985941887,1.0869164180010555,-1.4856537520885467,2
1.0869164180010555,-1.554428219795227,1.1226844094693662,-1.520040985941887,2
1.0869164180010555,-1.520040985941887,1.1226844094693662,-1.4856537520885467,2
1.0511484265327455,-1.4856537520885469,1.0869164180010555,-1.4512665182352067,2
1.0511484265327455,-1.451266518235207,1.0869164180010555,-1.4168792843818667,2
1.0869164180010555,-1.4856537520885469,1.1226844094693662,-1.4512665182352067,2
1.0869164180010555,-1.451266518235207,1.1226844094693662,-1.4168792843818667,2
1.122684409469366,-1.554428219795227,1.1584524009376764,-1.520040985941887,2
1.122684409469366,-1.520040985941887,1.1584524009376764,-1.4856537520885467,2
1.1584524009376764,-1.554428219795227,1.1942203924059867,-1.520040985941887,2
1.1584524009376764,-1.520040985941887,1.1942203924059867,-1.4856537520885467,2
1.122684409469366,-1.4856537520885469,1.1584524009376764,-1.4512665182352067,2
1.122684409469366,-1.451266518235207,1.1584524009376764,-1.4168792843818667,2
1.1584524009376764,-1.4856537520885469,1.1942203924059867,-1.4512665182352067,2
1.1584524009376764,-1.451266518235207,1.1942203924059867,-1.4168792843818667,2
1.0511484265327455,-1.4168792843818665,1.0869164180010555,-1.3824920505285263,2
1.0511484265327455,-1.3824920505285263,1.0869164180010555,-1.3481048166751863,2
1.0869164180010555,-1.4168792843818665,1.1226844094693662,-1.3824920505285263,2
1.0869164180010555,-1.3824920505285263,1.1226844094693662,-1.3481048166751863,2
1.0511484265327455,-1.3481048166751863,1.0869164180010555,-1.313717582821846,2
1.0511484265327455,-1.3137175828218461,1.0869164180010555,-1.279330348968506,2
1.0869164180010555,-1.3481048166751863,1.1226844094693662,-1.313717582821846,2
1.0869164180010555,-1.3137175828218461,1.1226844094693662,-1.279330348968506,2
1.122684409469366,-1.4168792843818665,1.1584524009376764,-1.3824920505285263,2
1.122684409469366,-1.3824920505285263,1.1584524009376764,-1.3481048166751863,2
1.1584524009376764,-1.4168792843818665,1.1942203924059867,-1.3824920505285263,2
1.1584524009376764,-1.3824920505285263,1.1942203924059867,-1.3481048166751863,2
1.122684409469366,-1.3481048166751863,1.1584524009376764,-1.313717582821846,2
1.122684409469366,-1.3137175828218461,1.1584524009376764,-1.279330348968506,2
1.1584524009376764,-1.3481048166751863,1.1942203924059867,-1.313717582821846,2
1.1584524009376764,-1.3137175828218461,1.1942203924059867,-1.279330348968506,2
1.1942203924059869,-1.554428219795227,1.229988383874297,-1.520040985941887,2
1.1942203924059869,-1.520040985941887,1.229988383874297,-1.4856537520885467,2
1.2299883838742969,-1.554428219795227,1.2657563753426073,-1.520040985941887,2
1.2299883838742969,-1.520040985941887,1.2657563753426073,-1.4856537520885467,2
1.1942203924059869,-1.4856537520885469,1.229988383874297,-1.4512665182352067,2
1.1942203924059869,-1.451266518235207,1.229988383874297,-1.4168792843818667,2
1.2299883838742969,-1.4856537520885469,1.2657563753426073,-1.4512665182352067,2
1.2299883838742969,-1.451266518235207,1.2657563753426073,-1.4168792843818667,2
1.2657563753426073,-1.554428219795227,1.301524366810918,-1.520040985941887,2
1.2657563753426073,-1.520040985941887,1.301524366810918,-1.4856537520885467,2
1.3015243668109178,-1.554428219795227,1.3372923582792282,-1.520040985941887,2
1.3015243668109178,-1.520040985941887,1.3372923582792282,-1.4856537520885467,2
1.2657563753426073,-1.4856537520885469,1.301524366810918,-1.4512665182352067,2
1.2657563753426073,-1.451266518235207,1.301524366810918,-1.4168792843818667,2
1.3015243668109178,-1.4856537520885469,1.3372923582792282,-1.4512665182352067,2
1.3015243668109178,-1.451266518235207,1.3372923582792282,-1.4168792843818667,2
1.1942203924059869,-1.4168792843818665,1.229988383874297,-1.3824920505285263,2
1.1942203924059869,-1.3824920505285263,1.229988383874297,-1.3481048166751863,2
1.2299883838742969,-1.4168792843818665,1.2657563753426073,-1.3824920505285263,2
1.2299883838742969,-1.3824920505285263,1.2657563753426073,-1.3481048166751863,2
1.1942203924059869,-1.3481048166751863,1.229988383874297,-1.313717582821846,2
1.1942203924059869,-1.3137175828218461,1.229988383874297,-1.279330348968506,2
1.2299883838742969,-1.3481048166751863,1.2657563753426073,-1.313717582821846,2
1.2299883838742969,-1.3137175828218461,1.2657563753426073,-1.279330348968506,2
1.2657563753426073,-1.4168792843818665,1.301524366810918,-1.3824920505285263,2
1.2657563753426073,-1.3824920505285263,1.301524366810918,-1.3481048166751863,2
1.3015243668109178,-1.4168792843818665,1.3372923582792282,-1.3824920505285263,2
1.3015243668109178,-1.3824920505285263,1.3372923582792282,-1.3481048166751863,2
1.2657563753426073,-1.3481048166751863,1.301524366810918,-1.313717582821846,2
1.2657563753426073,-1.3137175828218461,1.301524366810918,-1.279330348968506,2
1.3015243668109178,-1.3481048166751863,1.3372923582792282,-1.313717582821846,2
1.3015243668109178,-1.3137175828218461,1.3372923582792282,-1.279330348968506,2
1.3372923582792282,-1.8295260906219486,1.3730603497475384,-1.7951388567686082,2
1.3372923582792282,-1.7951388567686084,1.3730603497475384,-1.7607516229152682,2
1.3730603497475387,-1.7951388567686084,1.4088283412158489,-1.7607516229152682,2
1.3372923582792282,-1.760751622915268,1.3730603497475384,-1.7263643890619278,2
1.3372923582792282,-1.7263643890619278,1.3730603497475384,-1.6919771552085878,2
1.3730603497475387,-1.760751622915268,1.4088283412158489,-1.7263643890619278,2
1.3730603497475387,-1.7263643890619278,1.4088283412158489,-1.6919771552085878,2
1.4088283412158487,-1.760751622915268,1.444596332684159,-1.7263643890619278,2
1.4088283412158487,-1.7263643890619278,1.444596332684159,-1.6919771552085878,2
1.444596332684159,-1.7263643890619278,1.4803643241524698,-1.6919771552085878,2
1.3372923582792282,-1.6919771552085878,1.3730603497475384,-1.6575899213552474,2
1.3372923582792282,-1.6575899213552476,1.3730603497475384,-1.6232026875019074,2
1.3730603497475387,-1.6919771552085878,1.4088283412158489,-1.6575899213552474,2
1.3730603497475387,-1.6575899213552476,1.4088283412158489,-1.6232026875019074,2
1.3372923582792282,-1.6232026875019077,1.3730603497475384,-1.5888154536485675,2
1.3372923582792282,-1.5888154536485672,1.3730603497475384,-1.554428219795227,2
1.3730603497475387,-1.6232026875019077,1.4088283412158489,-1.5888154536485675,2
1.3730603497475387,-1.5888154536485672,1.4088283412158489,-1.554428219795227,2
1.4088283412158487,-1.6919771552085878,1.444596332684159,-1.6575899213552474,2
1.4088283412158487,-1.6575899213552476,1.444596332684159,-1.6232026875019074,2
1.444596332684159,-1.6919771552085878,1.4803643241524698,-1.6575899213552474,2
1.444596332684159,-1.6575899213552476,1.4803643241524698,-1.6232026875019074,2
1.4088283412158487,-1.6232026875019077,1.444596332684159,-1.5888154536485675,2
1.4088283412158487,-1.5888154536485672,1.444596332684159,-1.554428219795227,2
1.444596332684159,-1.6232026875019077,1.4803643241524698,-1.5888154536485675,2
1.444596332684159,-1.5888154536485672,1.4803643241524698,-1.554428219795227,2
1.4803643241524695,-1.6919771552085878,1.51613231562078,-1.6575899213552474,2
1.4803643241524695,-1.6575899213552476,1.51613231562078,-1.6232026875019074,2
1.51613231562078,-1.6575899213552476,1.5519003070890902,-1.6232026875019074,2
1.4803643241524695,-1.6232026875019077,1.51613231562078,-1.5888154536485675,2
1.4803643241524695,-1.5888154536485672,1.51613231562078,-1.554428219795227,2
1.51613231562078,-1.6232026875019077,1.5519003070890902,-1.5888154536485675,2
1.51613231562078,-1.5888154536485672,1.5519003070890902,-1.554428219795227,2
1.5519003070890904,-1.6232026875019077,1.5876682985574007,-1.5888154536485675,2
1.5519003070890904,-1.5888154536485672,1.5876682985574007,-1.554428219795227,2
1.5876682985574004,-1.5888154536485672,1.6234362900257109,-1.554428219795227,2
1.3372923582792282,-1.554428219795227,1.3730603497475384,-1.520040985941887,2
1.3372923582792282,-1.520040985941887,1.3730603497475384,-1.4856537520885467,2
1.3730603497475387,-1.554428219795227,1.4088283412158489,-1.520040985941887,2
1.3730603497475387,-1.520040985941887,1.4088283412158489,-1.4856537520885467,2
1.3372923582792282,-1.4856537520885469,1.3730603497475384,-1.4512665182352067,2
1.3372923582792282,-1.451266518235207,1.3730603497475384,-1.4168792843818667,2
1.3730603497475387,-1.4856537520885469,1.4088283412158489,-1.4512665182352067,2
1.3730603497475387,-1.451266518235207,1.4088283412158489,-1.4168792843818667,2
1.4088283412158487,-1.554428219795227,1.444596332684159,-1.520040985941887,2
1.4088283412158487,-1.520040985941887,1.444596332684159,-1.4856537520885467,2
1.444596332684159,-1.554428219795227,1.4803643241524698,-1.520040985941887,2
1.444596332684159,-1.520040985941887,1.4803643241524698,-1.4856537520885467,2
1.4088283412158487,-1.4856537520885469,1.444596332684159,-1.4512665182352067,2
1.4088283412158487,-1.451266518235207,1.444596332684159,-1.4168792843818667,2
1.444596332684159,-1.4856537520885469,1.4803643241524698,-1.4512665182352067,2
1.444596332684159,-1.451266518235207,1.4803643241524698,-1.4168792843818667,2
1.3372923582792282,-1.4168792843818665,1.3730603497475384,-1.3824920505285263,2
1.3372923582792282,-1.3824920505285263,1.3730603497475384,-1.3481048166751863,2
1.3730603497475387,-1.4168792843818665,1.4088283412158489,-1.3824920505285263,2
1.3730603497475387,-1.3824920505285263,1.4088283412158489,-1.3481048166751863,2
1.3372923582792282,-1.3481048166751863,1.3730603497475384,-1.313717582821846,2
1.3372923582792282,-1.3137175828218461,1.3730603497475384,-1.279330348968506,2
1.3730603497475387,-1.3481048166751863,1.4088283412158489,-1.313717582821846,2
1.3730603497475387,-1.3137175828218461,1.4088283412158489,-1.279330348968506,2
1.4088283412158487,-1.4168792843818665,1.444596332684159,-1.3824920505285263,2
1.4088283412158487,-1.3824920505285263,1.444596332684159,-1.3481048166751863,2
1.444596332684159,-1.4168792843818665,1.4803643241524698,-1.3824920505285263,2
1.444596332684159,-1.3824920505285263,1.4803643241524698,-1.3481048166751863,2
1.4088283412158487,-1.3481048166751863,1.444596332684159,-1.313717582821846,2
1.4088283412158487,-1.3137175828218461,1.444596332684159,-1.279330348968506,2
1.444596332684159,-1.3481048166751863,1.4803643241524698,-1.313717582821846,2
1.444596332684159,-1.3137175828218461,1.4803643241524698,-1.279330348968506,2
1.4803643241524695,-1.554428219795227,1.51613231562078,-1.520040985941887,2
1.4803643241524695,-1.520040985941887,1.51613231562078,-1.4856537520885467,2
1.51613231562078,-1.554428219795227,1.5519003070890902,-1.520040985941887,2
1.51613231562078,-1.520040985941887,1.5519003070890902,-1.4856537520885467,2
1.4803643241524695,-1.4856537520885469,1.51613231562078,-1.4512665182352067,2
1.4803643241524695,-1.451266518235207,1.51613231562078,-1.4168792843818667,2
1.51613231562078,-1.4856537520885469,1.5519003070890902,-1.4512665182352067,2
1.51613231562078,-1.451266518235207,1.5519003070890902,-1.4168792843818667,2
1.5519003070890904,-1.554428219795227,1.5876682985574007,-1.520040985941887,2
1.5519003070890904,-1.520040985941887,1.5876682985574007,-1.4856537520885467,2
1.5876682985574004,-1.554428219795227,1.6234362900257109,-1.520040985941887,2
1.5876682985574004,-1.520040985941887,1.6234362900257109,-1.4856537520885467,2
1.5519003070890904,-1.4856537520885469,1.5876682985574007,-1.4512665182352067,2
1.5519003070890904,-1.451266518235207,1.5876682985574007,-1.4168792843818667,2
1.5876682985574004,-1.4856537520885469,1.6234362900257109,-1.4512665182352067,2
1.5876682985574004,-1.451266518235207,1.6234362900257109,-1.4168792843818667,2
1.4803643241524695,-1.4168792843818665,1.51613231562078,-1.3824920505285263,2
1.4803643241524695,-1.3824920505285263,1.51613231562078,-1.3481048166751863,2
1.51613231562078,-1.4168792843818665,1.5519003070890902,-1.3824920505285263,2
1.51613231562078,-1.3824920505285263,1.5519003070890902,-1.3481048166751863,2
1.4803643241524695,-1.3481048166751863,1.51613231562078,-1.313717582821846,2
1.4803643241524695,-1.3137175828218461,1.51613231562078,-1.279330348968506,2
1.51613231562078,-1.3481048166751863,1.5519003070890902,-1.313717582821846,2
1.51613231562078,-1.3137175828218461,1.5519003070890902,-1.279330348968506,2
1.5519003070890904,-1.4168792843818665,1.5876682985574007,-1.3824920505285263,2
1.5519003070890904,-1.3824920505285263,1.5876682985574007,-1.3481048166751863,2
1.5876682985574004,-1.4168792843818665,1.6234362900257109,-1.3824920505285263,2
1.5876682985574004,-1.3824920505285263,1.6234362900257109,-1.3481048166751863,2
1.5519003070890904,-1.3481048166751863,1.5876682985574007,-1.313717582821846,2
1.5519003070890904,-1.3137175828218461,1.5876682985574007,-1.279330348968506,2
1.5876682985574004,-1.3481048166751863,1.6234362900257109,-1.313717582821846,2
1.5876682985574004,-1.3137175828218461,1.6234362900257109,-1.279330348968506,2
1.6234362900257109,-1.554428219795227,1.6592042814940215,-1.520040985941887,2
1.6234362900257109,-1.520040985941887,1.6592042814940215,-1.4856537520885467,2
1.6234362900257109,-1.4856537520885469,1.6592042814940215,-1.4512665182352067,2
1.6234362900257109,-1.451266518235207,1.6592042814940215,-1.4168792843818667,2
1.6592042814940213,-1.4856537520885469,1.6949722729623318,-1.4512665182352067,2
1.6592042814940213,-1.451266518235207,1.6949722729623318,-1.4168792843818667,2
1.6949722729623318,-1.451266518235207,1.730740264430642,-1.4168792843818667,2
1.6234362900257109,-1.4168792843818665,1.6592042814940215,-1.3824920505285263,2
1.6234362900257109,-1.3824920505285263,1.6592042814940215,-1.3481048166751863,2
1.6592042814940213,-1.4168792843818665,1.6949722729623318,-1.3824920505285263,2
1.6592042814940213,-1.3824920505285263,1.6949722729623318,-1.3481048166751863,2
1.6234362900257109,-1.3481048166751863,1.6592042814940215,-1.313717582821846,2
1.6234362900257109,-1.3137175828218461,1.6592042814940215,-1.279330348968506,2
1.6592042814940213,-1.3481048166751863,1.6949722729623318,-1.313717582821846,2
1.6592042814940213,-1.3137175828218461,1.6949722729623318,-1.279330348968506,2
1.6949722729623318,-1.4168792843818665,1.730740264430642,-1.3824920505285263,2
1.6949722729623318,-1.3824920505285263,1.730740264430642,-1.3481048166751863,2
1.7307402644306422,-1.4168792843818665,1.7665082558989524,-1.3824920505285263,2
1.7307402644306422,-1.3824920505285263,1.7665082558989524,-1.3481048166751863,2
1.6949722729623318,-1.3481048166751863,1.730740264430642,-1.313717582821846,2
1.6949722729623318,-1.3137175828218461,1.730740264430642,-1.279330348968506,2
1.7307402644306422,-1.3481048166751863,1.7665082558989524,-1.313717582821846,2
1.7307402644306422,-1.3137175828218461,1.7665082558989524,-1.279330348968506,2
1.7665082558989522,-1.3481048166751863,1.8022762473672627,-1.313717582821846,2
1.7665082558989522,-1.3137175828218461,1.8022762473672627,-1.279330348968506,2
1.8022762473672627,-1.3137175828218461,1.8380442388355733,-1.279330348968506,2
1.0511484265327455,-1.2793303489685057,1.0869164180010555,-1.244943115115166,2
1.0511484265327455,-1.2449431151151658,1.0869164180010555,-1.2105558812618256,2
1.0869164180010555,-1.2793303489685057,1.1226844094693662,-1.244943115115166,2
1.0869164180010555,-1.2449431151151658,1.1226844094693662,-1.2105558812618256,2
1.0511484265327455,-1.2105558812618256,1.0869164180010555,-1.1761686474084856,2
1.0511484265327455,-1.1761686474084856,1.0869164180010555,-1.1417814135551452,2
1.0869164180010555,-1.2105558812618256,1.1226844094693662,-1.1761686474084856,2
1.0869164180010555,-1.1761686474084856,1.1226844094693662,-1.1417814135551452,2
1.122684409469366,-1.2793303489685057,1.1584524009376764,-1.244943115115166,2
1.122684409469366,-1.2449431151151658,1.1584524009376764,-1.2105558812618256,2
1.1584524009376764,-1.2793303489685057,1.1942203924059867,-1.244943115115166,2
1.1584524009376764,-1.2449431151151658,1.1942203924059867,-1.2105558812618256,2
1.122684409469366,-1.2105558812618256,1.1584524009376764,-1.1761686474084856,2
1.122684409469366,-1.1761686474084856,1.1584524009376764,-1.1417814135551452,2
1.1584524009376764,-1.2105558812618256,1.1942203924059867,-1.1761686474084856,2
1.1584524009376764,-1.1761686474084856,1.1942203924059867,-1.1417814135551452,2
1.0511484265327455,-1.1417814135551454,1.0869164180010555,-1.1073941797018052,2
1.0511484265327455,-1.107394179701805,1.0869164180010555,-1.0730069458484652,2
1.0869164180010555,-1.1417814135551454,1.1226844094693662,-1.1073941797018052,2
1.0869164180010555,-1.107394179701805,1.1226844094693662,-1.0730069458484652,2
1.0511484265327455,-1.073006945848465,1.0869164180010555,-1.0386197119951248,2
1.0511484265327455,-1.0386197119951248,1.0869164180010555,-1.0042324781417848,2
1.0869164180010555,-1.073006945848465,1.1226844094693662,-1.0386197119951248,2
1.0869164180010555,-1.0386197119951248,1.1226844094693662,-1.0042324781417848,2
1.122684409469366,-1.1417814135551454,1.1584524009376764,-1.1073941797018052,2
1.122684409469366,-1.107394179701805,1.1584524009376764,-1.0730069458484652,2
1.1584524009376764,-1.1417814135551454,1.1942203924059867,-1.1073941797018052,2
1.1584524009376764,-1.107394179701805,1.1942203924059867,-1.0730069458484652,2
1.122684409469366,-1.073006945848465,1.1584524009376764,-1.0386197119951248,2
1.122684409469366,-1.0386197119951248,1.1584524009376764,-1.0042324781417848,2
1.1584524009376764,-1.073006945848465,1.1942203924059867,-1.0386197119951248,2
1.1584524009376764,-1.0386197119951248,1.1942203924059867,-1.0042324781417848,2
1.1942203924059869,-1.2793303489685057,1.229988383874297,-1.244943115115166,2
1.1942203924059869,-1.2449431151151658,1.229988383874297,-1.2105558812618256,2
1.2299883838742969,-1.2793303489685057,1.2657563753426073,-1.244943115115166,2
1.2299883838742969,-1.2449431151151658,1.2657563753426073,-1.2105558812618256,2
1.1942203924059869,-1.2105558812618256,1.229988383874297,-1.1761686474084856,2
1.1942203924059869,-1.1761686474084856,1.229988383874297,-1.1417814135551452,2
1.2299883838742969,-1.2105558812618256,1.2657563753426073,-1.1761686474084856,2
1.2299883838742969,-1.1761686474084856,1.2657563753426073,-1.1417814135551452,2
1.2657563753426073,-1.2793303489685057,1.301524366810918,-1.244943115115166,2
1.2657563753426073,-1.2449431151151658,1.301524366810918,-1.2105558812618256,2
1.3015243668109178,-1.2793303489685057,1.3372923582792282,-1.244943115115166,2
1.3015243668109178,-1.2449431151151658,1.3372923582792282,-1.2105558812618256,2
1.2657563753426073,-1.2105558812618256,1.301524366810918,-1.1761686474084856,2
1.2657563753426073,-1.1761686474084856,1.301524366810918,-1.1417814135551452,2
1.3015243668109178,-1.2105558812618256,1.3372923582792282,-1.1761686474084856,2
1.3015243668109178,-1.1761686474084856,1.3372923582792282,-1.1417814135551452,2
1.1942203924059869,-1.1417814135551454,1.229988383874297,-1.1073941797018052,2
1.1942203924059869,-1.107394179701805,1.229988383874297,-1.0730069458484652,2
1.2299883838742969,-1.1417814135551454,1.2657563753426073,-1.1073941797018052,2
1.2299883838742969,-1.107394179701805,1.2657563753426073,-1.0730069458484652,2
1.1942203924059869,-1.073006945848465,1.229988383874297,-1.0386197119951248,2
1.1942203924059869,-1.0386197119951248,1.229988383874297,-1.0042324781417848,2
1.2299883838742969,-1.073006945848465,1.2657563753426073,-1.0386197119951248,2
1.2299883838742969,-1.0386197119951248,1.2657563753426073,-1.0042324781417848,2
1.2657563753426073,-1.1417814135551454,1.301524366810918,-1.1073941797018052,2
1.2657563753426073,-1.107394179701805,1.301524366810918,-1.0730069458484652,2
1.3015243668109178,-1.1417814135551454,1.3372923582792282,-1.1073941797018052,2
1.3015243668109178,-1.107394179701805,1.3372923582792282,-1.0730069458484652,2
1.2657563753426073,-1.073006945848465,1.301524366810918,-1.0386197119951248,2
1.2657563753426073,-1.0386197119951248,1.301524366810918,-1.0042324781417848,2
1.3015243668109178,-1.073006945848465,1.3372923582792282,-1.0386197119951248,2
1.3015243668109178,-1.0386197119951248,1.3372923582792282,-1.0042324781417848,2
1.0511484265327455,-1.0042324781417848,1.0869164180010555,-0.9698452442884445,2
1.0511484265327455,-0.9698452442884448,1.0869164180010555,-0.9354580104351045,2
1.0869164180010555,-1.0042324781417848,1.1226844094693662,-0.9698452442884445,2
1.0869164180010555,-0.9698452442884448,1.1226844094693662,-0.9354580104351045,2
1.0511484265327455,-0.9354580104351042,1.0869164180010555,-0.9010707765817644,2
1.122684409469366,-1.0042324781417848,1.1584524009376764,-0.9698452442884445,2
1.122684409469366,-0.9698452442884448,1.1584524009376764,-0.9354580104351045,2
1.1584524009376764,-1.0042324781417848,1.1942203924059867,-0.9698452442884445,2
1.1584524009376764,-0.9698452442884448,1.1942203924059867,-0.9354580104351045,2
1.1942203924059869,-1.0042324781417848,1.229988383874297,-0.9698452442884445,2
1.1942203924059869,-0.9698452442884448,1.229988383874297,-0.9354580104351045,2
1.2299883838742969,-1.0042324781417848,1.2657563753426073,-0.9698452442884445,2
1.2657563753426073,-1.0042324781417848,1.301524366810918,-0.9698452442884445,2
1.3372923582792282,-1.2793303489685057,1.3730603497475384,-1.244943115115166,2
1.3372923582792282,-1.2449431151151658,1.3730603497475384,-1.2105558812618256,2
1.3730603497475387,-1.2793303489685057,1.4088283412158489,-1.244943115115166,2
1.3730603497475387,-1.2449431151151658,1.4088283412158489,-1.2105558812618256,2
1.3372923582792282,-1.2105558812618256,1.3730603497475384,-1.1761686474084856,2
1.3372923582792282,-1.1761686474084856,1.3730603497475384,-1.1417814135551452,2
1.3730603497475387,-1.2105558812618256,1.4088283412158489,-1.1761686474084856,2
1.3730603497475387,-1.1761686474084856,1.4088283412158489,-1.1417814135551452,2
1.4088283412158487,-1.2793303489685057,1.444596332684159,-1.244943115115166,2
1.4088283412158487,-1.2449431151151658,1.444596332684159,-1.2105558812618256,2
1.444596332684159,-1.2793303489685057,1.4803643241524698,-1.244943115115166,2
1.444596332684159,-1.2449431151151658,1.4803643241524698,-1.2105558812618256,2
1.4088283412158487,-1.2105558812618256,1.444596332684159,-1.1761686474084856,2
1.4088283412158487,-1.1761686474084856,1.444596332684159,-1.1417814135551452,2
1.444596332684159,-1.2105558812618256,1.4803643241524698,-1.1761686474084856,2
1.444596332684159,-1.1761686474084856,1.4803643241524698,-1.1417814135551452,2
1.3372923582792282,-1.1417814135551454,1.3730603497475384,-1.1073941797018052,2
1.3372923582792282,-1.107394179701805,1.3730603497475384,-1.0730069458484652,2
1.3730603497475387,-1.1417814135551454,1.4088283412158489,-1.1073941797018052,2
1.3730603497475387,-1.107394179701805,1.4088283412158489,-1.0730069458484652,2
1.3372923582792282,-1.073006945848465,1.3730603497475384,-1.0386197119951248,2
1.3372923582792282,-1.0386197119951248,1.3730603497475384,-1.0042324781417848,2
1.3730603497475387,-1.073006945848465,1.4088283412158489,-1.0386197119951248,2
1.4088283412158487,-1.1417814135551454,1.444596332684159,-1.1073941797018052,2
1.4088283412158487,-1.107394179701805,1.444596332684159,-1.0730069458484652,2
1.444596332684159,-1.1417814135551454,1.4803643241524698,-1.1073941797018052,2
1.444596332684159,-1.107394179701805,1.4803643241524698,-1.0730069458484652,2
1.4088283412158487,-1.073006945848465,1.444596332684159,-1.0386197119951248,2
1.444596332684159,-1.073006945848465,1.4803643241524698,-1.0386197119951248,2
1.4803643241524695,-1.2793303489685057,1.51613231562078,-1.244943115115166,2
1.4803643241524695,-1.2449431151151658,1.51613231562078,-1.2105558812618256,2
1.51613231562078,-1.2793303489685057,1.5519003070890902,-1.244943115115166,2
1.51613231562078,-1.2449431151151658,1.5519003070890902,-1.2105558812618256,2
1.4803643241524695,-1.2105558812618256,1.51613231562078,-1.1761686474084856,2
1.4803643241524695,-1.1761686474084856,1.51613231562078,-1.1417814135551452,2
1.51613231562078,-1.2105558812618256,1.5519003070890902,-1.1761686474084856,2
1.51613231562078,-1.1761686474084856,1.5519003070890902,-1.1417814135551452,2
1.5519003070890904,-1.2793303489685057,1.5876682985574007,-1.244943115115166,2
1.5519003070890904,-1.2449431151151658,1.5876682985574007,-1.2105558812618256,2
1.5876682985574004,-1.2793303489685057,1.6234362900257109,-1.244943115115166,2
1.5876682985574004,-1.2449431151151658,1.6234362900257109,-1.2105558812618256,2
1.5519003070890904,-1.2105558812618256,1.5876682985574007,-1.1761686474084856,2
1.5519003070890904,-1.1761686474084856,1.5876682985574007,-1.1417814135551452,2
1.5876682985574004,-1.2105558812618256,1.6234362900257109,-1.1761686474084856,2
1.5876682985574004,-1.1761686474084856,1.6234362900257109,-1.1417814135551452,2
1.4803643241524695,-1.1417814135551454,1.51613231562078,-1.1073941797018052,2
1.4803643241524695,-1.107394179701805,1.51613231562078,-1.0730069458484652,2
1.51613231562078,-1.1417814135551454,1.5519003070890902,-1.1073941797018052,2
1.51613231562078,-1.107394179701805,1.5519003070890902,-1.0730069458484652,2
1.5519003070890904,-1.1417814135551454,1.5876682985574007,-1.1073941797018052,2
1.5519003070890904,-1.107394179701805,1.5876682985574007,-1.0730069458484652,2
1.5876682985574004,-1.1417814135551454,1.6234362900257109,-1.1073941797018052,2
1.6234362900257109,-1.2793303489685057,1.6592042814940215,-1.244943115115166,2
1.6234362900257109,-1.2449431151151658,1.6592042814940215,-1.2105558812618256,2
1.6592042814940213,-1.2793303489685057,1.6949722729623318,-1.244943115115166,2
1.6592042814940213,-1.2449431151151658,1.6949722729623318,-1.2105558812618256,2
1.6234362900257109,-1.2105558812618256,1.6592042814940215,-1.1761686474084856,2
1.6234362900257109,-1.1761686474084856,1.6592042814940215,-1.1417814135551452,2
1.6592042814940213,-1.2105558812618256,1.6949722729623318,-1.1761686474084856,2
1.6592042814940213,-1.1761686474084856,1.6949722729623318,-1.1417814135551452,2
1.6949722729623318,-1.2793303489685057,1.730740264430642,-1.244943115115166,2
1.6949722729623318,-1.2449431151151658,1.730740264430642,-1.2105558812618256,2
1.7307402644306422,-1.2793303489685057,1.7665082558989524,-1.244943115115166,2
1.7307402644306422,-1.2449431151151658,1.7665082558989524,-1.2105558812618256,2
1.6949722729623318,-1.2105558812618256,1.730740264430642,-1.1761686474084856,2
1.6949722729623318,-1.1761686474084856,1.730740264430642,-1.1417814135551452,2
1.7307402644306422,-1.2105558812618256,1.7665082558989524,-1.1761686474084856,2
1.6234362900257109,-1.1417814135551454,1.6592042814940215,-1.1073941797018052,2
1.7665082558989522,-1.2793303489685057,1.8022762473672627,-1.244943115115166,2
1.7665082558989522,-1.2449431151151658,1.8022762473672627,-1.2105558812618256,2
1.8022762473672627,-1.2793303489685057,1.8380442388355733,-1.244943115115166,2
1.8022762473672627,-1.2449431151151658,1.8380442388355733,-1.2105558812618256,2
1.7665082558989522,-1.2105558812618256,1.8022762473672627,-1.1761686474084856,2
1.8022762473672627,-1.2105558812618256,1.8380442388355733,-1.1761686474084856,2
1.838044238835573,-1.2449431151151658,1.8738122303038836,-1.2105558812618256,2
1.838044238835573,-1.2105558812618256,1.8738122303038836,-1.1761686474084856,2
-0.09342730045318604,-0.1789388656616211,-0.057659308984875854,-0.14455163180828104,2
-0.09342730045318604,-0.14455163180828104,-0.057659308984875854,-0.11016439795494097,2
-0.057659308984875854,-0.1789388656616211,-0.021891317516565235,-0.14455163180828104,2
-0.057659308984875854,-0.14455163180828104,-0.021891317516565235,-0.11016439795494097,2
-0.09342730045318604,-0.11016439795494097,-0.057659308984875854,-0.07577716410160046,2
-0.09342730045318604,-0.07577716410160046,-0.057659308984875854,-0.041389930248260404,2
-0.057659308984875854,-0.11016439795494097,-0.021891317516565235,-0.07577716410160046,2
-0.057659308984875854,-0.07577716410160046,-0.021891317516565235,-0.041389930248260404,2
-0.021891317516565235,-0.1789388656616211,0.013876673951744942,-0.14455163180828104,2
-0.021891317516565235,-0.14455163180828104,0.013876673951744942,-0.11016439795494097,2
-0.021891317516565235,-0.11016439795494097,0.013876673951744942,-0.07577716410160046,2
-0.021891317516565235,-0.07577716410160046,0.013876673951744942,-0.041389930248260404,2
-0.09342730045318604,-0.041389930248260404,-0.057659308984875854,-0.007002696394920342,2
-0.09342730045318604,-0.007002696394920342,-0.057659308984875854,0.02738453745841972,2
-0.057659308984875854,-0.041389930248260404,-0.021891317516565235,-0.007002696394920342,2
-0.057659308984875854,-0.007002696394920342,-0.021891317516565235,0.02738453745841972,2
-0.09342730045318604,0.02738453745841972,-0.057659308984875854,0.06177177131175978,2
-0.09342730045318604,0.06177177131175978,-0.057659308984875854,0.09615900516510029,2
-0.057659308984875854,0.02738453745841972,-0.021891317516565235,0.06177177131175978,2
-0.057659308984875854,0.06177177131175978,-0.021891317516565235,0.09615900516510029,2
-0.021891317516565235,-0.041389930248260404,0.013876673951744942,-0.007002696394920342,2
-0.021891317516565235,-0.007002696394920342,0.013876673951744942,0.02738453745841972,2
0.013876673951744942,-0.041389930248260404,0.049644665420055564,-0.007002696394920342,2
0.013876673951744942,-0.007002696394920342,0.049644665420055564,0.02738453745841972,2
-0.021891317516565235,0.02738453745841972,0.013876673951744942,0.06177177131175978,2
-0.021891317516565235,0.06177177131175978,0.013876673951744942,0.09615900516510029,2
0.013876673951744942,0.02738453745841972,0.049644665420055564,0.06177177131175978,2
0.013876673951744942,0.06177177131175978,0.049644665420055564,0.09615900516510029,2
-0.09342730045318604,0.09615900516510029,-0.057659308984875854,0.13054623901844034,2
-0.09342730045318604,0.13054623901844034,-0.057659308984875854,0.1649334728717804,2
-0.057659308984875854,0.09615900516510029,-0.021891317516565235,0.13054623901844034,2
-0.057659308984875854,0.13054623901844034,-0.021891317516565235,0.1649334728717804,2
-0.09342730045318604,0.1649334728717804,-0.057659308984875854,0.19932070672512048,2
-0.09342730045318604,0.19932070672512048,-0.057659308984875854,0.23370794057846053,2
-0.057659308984875854,0.1649334728717804,-0.021891317516565235,0.19932070672512048,2
-0.057659308984875854,0.19932070672512048,-0.021891317516565235,0.23370794057846053,2
-0.021891317516565235,0.09615900516510029,0.013876673951744942,0.13054623901844034,2
-0.021891317516565235,0.13054623901844034,0.013876673951744942,0.1649334728717804,2
0.013876673951744942,0.09615900516510029,0.049644665420055564,0.13054623901844034,2
0.013876673951744942,0.13054623901844034,0.049644665420055564,0.1649334728717804,2
-0.021891317516565235,0.1649334728717804,0.013876673951744942,0.19932070672512048,2
-0.021891317516565235,0.19932070672512048,0.013876673951744942,0.23370794057846053,2
0.013876673951744942,0.1649334728717804,0.049644665420055564,0.19932070672512048,2
0.013876673951744942,0.19932070672512048,0.049644665420055564,0.23370794057846053,2
-0.09342730045318604,0.23370794057846053,-0.057659308984875854,0.26809517443180103,2
-0.09342730045318604,0.26809517443180103,-0.057659308984875854,0.3024824082851411,2
-0.057659308984875854,0.23370794057846053,-0.021891317516565235,0.26809517443180103,2
-0.057659308984875854,0.26809517443180103,-0.021891317516565235,0.3024824082851411,2
-0.09342730045318604,0.3024824082851411,-0.057659308984875854,0.33686964213848114,2
-0.09342730045318604,0.33686964213848114,-0.057659308984875854,0.3712568759918212,2
-0.057659308984875854,0.3024824082851411,-0.021891317516565235,0.33686964213848114,2
-0.057659308984875854,0.33686964213848114,-0.021891317516565235,0.3712568759918212,2
-0.021891317516565235,0.23370794057846053,0.013876673951744942,0.26809517443180103,2
-0.021891317516565235,0.26809517443180103,0.013876673951744942,0.3024824082851411,2
0.013876673951744942,0.23370794057846053,0.049644665420055564,0.26809517443180103,2
0.013876673951744942,0.26809517443180103,0.049644665420055564,0.3024824082851411,2
-0.021891317516565235,0.3024824082851411,0.013876673951744942,0.33686964213848114,2
-0.021891317516565235,0.33686964213848114,0.013876673951744942,0.3712568759918212,2
0.013876673951744942,0.3024824082851411,0.049644665420055564,0.33686964213848114,2
0.013876673951744942,0.33686964213848114,0.049644665420055564,0.3712568759918212,2
0.049644665420055564,0.19932070672512048,0.08541265688836575,0.23370794057846053,2
0.049644665420055564,0.23370794057846053,0.08541265688836575,0.26809517443180103,2
0.049644665420055564,0.26809517443180103,0.08541265688836575,0.3024824082851411,2
0.08541265688836575,0.23370794057846053,0.12118064835667591,0.26809517443180103,2
0.08541265688836575,0.26809517443180103,0.12118064835667591,0.3024824082851411,2
0.049644665420055564,0.3024824082851411,0.08541265688836575,0.33686964213848114,2
0.049644665420055564,0.33686964213848114,0.08541265688836575,0.3712568759918212,2
0.08541265688836575,0.3024824082851411,0.12118064835667591,0.33686964213848114,2
0.08541265688836575,0.33686964213848114,0.12118064835667591,0.3712568759918212,2
0.12118064835667591,0.3024824082851411,0.15694863982498655,0.33686964213848114,2
0.12118064835667591,0.33686964213848114,0.15694863982498655,0.3712568759918212,2
-0.09342730045318604,0.3712568759918212,-0.057659308984875854,0.4056441098451613,2
-0.09342730045318604,0.4056441098451615,-0.057659308984875854,0.4400313436985018,2
-0.057659308984875854,0.3712568759918212,-0.021891317516565235,0.4056441098451613,2
-0.057659308984875854,0.4056441098451615,-0.021891317516565235,0.4400313436985018,2
-0.09342730045318604,0.44003134369850155,-0.057659308984875854,0.47441857755184186,2
-0.09342730045318604,0.47441857755184186,-0.057659308984875854,0.5088058114051819,2
-0.057659308984875854,0.44003134369850155,-0.021891317516565235,0.47441857755184186,2
-0.057659308984875854,0.47441857755184186,-0.021891317516565235,0.5088058114051819,2
-0.021891317516565235,0.3712568759918212,0.013876673951744942,0.4056441098451613,2
-0.021891317516565235,0.4056441098451615,0.013876673951744942,0.4400313436985018,2
0.013876673951744942,0.3712568759918212,0.049644665420055564,0.4056441098451613,2
0.013876673951744942,0.4056441098451615,0.049644665420055564,0.4400313436985018,2
-0.021891317516565235,0.44003134369850155,0.013876673951744942,0.47441857755184186,2
-0.021891317516565235,0.47441857755184186,0.013876673951744942,0.5088058114051819,2
0.013876673951744942,0.44003134369850155,0.049644665420055564,0.47441857755184186,2
0.013876673951744942,0.47441857755184186,0.049644665420055564,0.5088058114051819,2
-0.09342730045318604,0.5088058114051819,-0.057659308984875854,0.543193045258522,2
-0.09342730045318604,0.5431930452585222,-0.057659308984875854,0.577580279111862,2
-0.057659308984875854,0.5088058114051819,-0.021891317516565235,0.543193045258522,2
-0.057659308984875854,0.5431930452585222,-0.021891317516565235,0.577580279111862,2
-0.09342730045318604,0.5775802791118623,-0.057659308984875854,0.6119675129652026,2
-0.09342730045318604,0.6119675129652024,-0.057659308984875854,0.6463547468185427,2
-0.057659308984875854,0.5775802791118623,-0.021891317516565235,0.6119675129652026,2
-0.057659308984875854,0.6119675129652024,-0.021891317516565235,0.6463547468185427,2
-0.021891317516565235,0.5088058114051819,0.013876673951744942,0.543193045258522,2
-0.021891317516565235,0.5431930452585222,0.013876673951744942,0.577580279111862,2
0.013876673951744942,0.5088058114051819,0.049644665420055564,0.543193045258522,2
0.013876673951744942,0.5431930452585222,0.049644665420055564,0.577580279111862,2
-0.021891317516565235,0.5775802791118623,0.013876673951744942,0.6119675129652026,2
-0.021891317516565235,0.6119675129652024,0.013876673951744942,0.6463547468185427,2
0.013876673951744942,0.5775802791118623,0.049644665420055564,0.6119675129652026,2
0.013876673951744942,0.6119675129652024,0.049644665420055564,0.6463547468185427,2
0.049644665420055564,0.3712568759918212,0.08541265688836575,0.4056441098451613,2
0.049644665420055564,0.4056441098451615,0.08541265688836575,0.4400313436985018,2
0.08541265688836575,0.3712568759918212,0.12118064835667591,0.4056441098451613,2
0.08541265688836575,0.4056441098451615,0.12118064835667591,0.4400313436985018,2
0.049644665420055564,0.44003134369850155,0.08541265688836575,0.47441857755184186,2
0.049644665420055564,0.47441857755184186,0.08541265688836575,0.5088058114051819,2
0.08541265688836575,0.44003134369850155,0.12118064835667591,0.47441857755184186,2
0.08541265688836575,0.47441857755184186,0.12118064835667591,0.5088058114051819,2
0.12118064835667591,0.3712568759918212,0.15694863982498655,0.4056441098451613,2
0.12118064835667591,0.4056441098451615,0.15694863982498655,0.4400313436985018,2
0.15694863982498655,0.4056441098451615,0.19271663129329672,0.4400313436985018,2
0.12118064835667591,0.44003134369850155,0.15694863982498655,0.47441857755184186,2
0.12118064835667591,0.47441857755184186,0.15694863982498655,0.5088058114051819,2
0.15694863982498655,0.44003134369850155,0.19271663129329672,0.47441857755184186,2
0.15694863982498655,0.47441857755184186,0.19271663129329672,0.5088058114051819,2
0.049644665420055564,0.5088058114051819,0.08541265688836575,0.543193045258522,2
0.049644665420055564,0.5431930452585222,0.08541265688836575,0.577580279111862,2
0.08541265688836575,0.5088058114051819,0.12118064835667591,0.543193045258522,2
0.08541265688836575,0.5431930452585222,0.12118064835667591,0.577580279111862,2
0.049644665420055564,0.5775802791118623,0.08541265688836575,0.6119675129652026,2
0.049644665420055564,0.6119675129652024,0.08541265688836575,0.6463547468185427,2
0.08541265688836575,0.5775802791118623,0.12118064835667591,0.6119675129652026,2
0.08541265688836575,0.6119675129652024,0.12118064835667591,0.6463547468185427,2
0.12118064835667591,0.5088058114051819,0.15694863982498655,0.543193045258522,2
0.12118064835667591,0.5431930452585222,0.15694863982498655,0.577580279111862,2
0.15694863982498655,0.5088058114051819,0.19271663129329672,0.543193045258522,2
0.15694863982498655,0.5431930452585222,0.19271663129329672,0.577580279111862,2
0.12118064835667591,0.5775802791118623,0.15694863982498655,0.6119675129652026,2
0.12118064835667591,0.6119675129652024,0.15694863982498655,0.6463547468185427,2
0.15694863982498655,0.5775802791118623,0.19271663129329672,0.6119675129652026,2
0.15694863982498655,0.6119675129652024,0.19271663129329672,0.6463547468185427,2
-0.09342730045318604,0.6463547468185427,-0.057659308984875854,0.6807419806718826,2
-0.09342730045318604,0.6807419806718826,-0.057659308984875854,0.7151292145252227,2
-0.057659308984875854,0.6463547468185427,-0.021891317516565235,0.6807419806718826,2
-0.057659308984875854,0.6807419806718826,-0.021891317516565235,0.7151292145252227,2
-0.09342730045318604,0.7151292145252229,-0.057659308984875854,0.7495164483785628,2
-0.09342730045318604,0.749516448378563,-0.057659308984875854,0.7839036822319033,2
-0.057659308984875854,0.7151292145252229,-0.021891317516565235,0.7495164483785628,2
-0.057659308984875854,0.749516448378563,-0.021891317516565235,0.7839036822319033,2
-0.021891317516565235,0.6463547468185427,0.013876673951744942,0.6807419806718826,2
-0.021891317516565235,0.6807419806718826,0.013876673951744942,0.7151292145252227,2
0.013876673951744942,0.6463547468185427,0.049644665420055564,0.6807419806718826,2
0.013876673951744942,0.6807419806718826,0.049644665420055564,0.7151292145252227,2
-0.021891317516565235,0.7151292145252229,0.013876673951744942,0.7495164483785628,2
-0.021891317516565235,0.749516448378563,0.013876673951744942,0.7839036822319033,2
0.013876673951744942,0.7151292145252229,0.049644665420055564,0.7495164483785628,2
0.013876673951744942,0.749516448378563,0.049644665420055564,0.7839036822319033,2
-0.09342730045318604,0.7839036822319031,-0.057659308984875854,0.8182909160852434,2
-0.09342730045318604,0.8182909160852434,-0.057659308984875854,0.8526781499385834,2
-0.057659308984875854,0.7839036822319031,-0.021891317516565235,0.8182909160852434,2
-0.057659308984875854,0.8182909160852434,-0.021891317516565235,0.8526781499385834,2
-0.09342730045318604,0.8526781499385834,-0.057659308984875854,0.8870653837919235,2
-0.09342730045318604,0.8870653837919237,-0.057659308984875854,0.9214526176452635,2
-0.057659308984875854,0.8526781499385834,-0.021891317516565235,0.8870653837919235,2
-0.057659308984875854,0.8870653837919237,-0.021891317516565235,0.9214526176452635,2
-0.021891317516565235,0.7839036822319031,0.013876673951744942,0.8182909160852434,2
-0.021891317516565235,0.8182909160852434,0.013876673951744942,0.8526781499385834,2
0.013876673951744942,0.7839036822319031,0.049644665420055564,0.8182909160852434,2
0.013876673951744942,0.8182909160852434,0.049644665420055564,0.8526781499385834,2
-0.021891317516565235,0.8526781499385834,0.013876673951744942,0.8870653837919235,2
-0.021891317516565235,0.8870653837919237,0.013876673951744942,0.9214526176452635,2
0.013876673951744942,0.8526781499385834,0.049644665420055564,0.8870653837919235,2
0.013876673951744942,0.8870653837919237,0.049644665420055564,0.9214526176452635,2
0.049644665420055564,0.6463547468185427,0.08541265688836575,0.6807419806718826,2
0.049644665420055564,0.6807419806718826,0.08541265688836575,0.7151292145252227,2
0.08541265688836575,0.6463547468185427,0.12118064835667591,0.6807419806718826,2
0.08541265688836575,0.6807419806718826,0.12118064835667591,0.7151292145252227,2
0.049644665420055564,0.7151292145252229,0.08541265688836575,0.7495164483785628,2
0.049644665420055564,0.749516448378563,0.08541265688836575,0.7839036822319033,2
0.08541265688836575,0.7151292145252229,0.12118064835667591,0.7495164483785628,2
0.08541265688836575,0.749516448378563,0.12118064835667591,0.7839036822319033,2
0.12118064835667591,0.6463547468185427,0.15694863982498655,0.6807419806718826,2
0.12118064835667591,0.6807419806718826,0.15694863982498655,0.7151292145252227,2
0.15694863982498655,0.6463547468185427,0.19271663129329672,0.6807419806718826,2
0.15694863982498655,0.6807419806718826,0.19271663129329672,0.7151292145252227,2
0.12118064835667591,0.7151292145252229,0.15694863982498655,0.7495164483785628,2
0.12118064835667591,0.749516448378563,0.15694863982498655,0.7839036822319033,2
0.15694863982498655,0.7151292145252229,0.19271663129329672,0.7495164483785628,2
0.15694863982498655,0.749516448378563,0.19271663129329672,0.7839036822319033,2
0.049644665420055564,0.7839036822319031,0.08541265688836575,0.8182909160852434,2
0.049644665420055564,0.8182909160852434,0.08541265688836575,0.8526781499385834,2
0.08541265688836575,0.7839036822319031,0.12118064835667591,0.8182909160852434,2
0.08541265688836575,0.8182909160852434,0.12118064835667591,0.8526781499385834,2
0.049644665420055564,0.8526781499385834,0.08541265688836575,0.8870653837919235,2
0.049644665420055564,0.8870653837919237,0.08541265688836575,0.9214526176452635,2
0.08541265688836575,0.8526781499385834,0.12118064835667591,0.8870653837919235,2
0.08541265688836575,0.8870653837919237,0.12118064835667591,0.9214526176452635,2
0.12118064835667591,0.7839036822319031,0.15694863982498655,0.8182909160852434,2
0.12118064835667591,0.8182909160852434,0.15694863982498655,0.8526781499385834,2
0.15694863982498655,0.7839036822319031,0.19271663129329672,0.8182909160852434,2
0.15694863982498655,0.8182909160852434,0.19271663129329672,0.8526781499385834,2
0.12118064835667591,0.8526781499385834,0.15694863982498655,0.8870653837919235,2
0.12118064835667591,0.8870653837919237,0.15694863982498655,0.9214526176452635,2
0.15694863982498655,0.8526781499385834,0.19271663129329672,0.8870653837919235,2
0.15694863982498655,0.8870653837919237,0.19271663129329672,0.9214526176452635,2
0.19271663129329672,0.5431930452585222,0.22848462276160733,0.577580279111862,2
0.19271663129329672,0.5775802791118623,0.22848462276160733,0.6119675129652026,2
0.19271663129329672,0.6119675129652024,0.22848462276160733,0.6463547468185427,2
0.19271663129329672,0.6463547468185427,0.22848462276160733,0.6807419806718826,2
0.19271663129329672,0.6807419806718826,0.22848462276160733,0.7151292145252227,2
0.22848462276160733,0.6463547468185427,0.2642526142299175,0.6807419806718826,2
0.22848462276160733,0.6807419806718826,0.2642526142299175,0.7151292145252227,2
0.19271663129329672,0.7151292145252229,0.22848462276160733,0.7495164483785628,2
0.19271663129329672,0.749516448378563,0.22848462276160733,0.7839036822319033,2
0.22848462276160733,0.7151292145252229,0.2642526142299175,0.7495164483785628,2
0.22848462276160733,0.749516448378563,0.2642526142299175,0.7839036822319033,2
0.2642526142299175,0.749516448378563,0.3000206056982277,0.7839036822319033,2
0.19271663129329672,0.7839036822319031,0.22848462276160733,0.8182909160852434,2
0.19271663129329672,0.8182909160852434,0.22848462276160733,0.8526781499385834,2
0.22848462276160733,0.7839036822319031,0.2642526142299175,0.8182909160852434,2
0.22848462276160733,0.8182909160852434,0.2642526142299175,0.8526781499385834,2
0.19271663129329672,0.8526781499385834,0.22848462276160733,0.8870653837919235,2
0.19271663129329672,0.8870653837919237,0.22848462276160733,0.9214526176452635,2
0.22848462276160733,0.8526781499385834,0.2642526142299175,0.8870653837919235,2
0.22848462276160733,0.8870653837919237,0.2642526142299175,0.9214526176452635,2
0.2642526142299175,0.7839036822319031,0.3000206056982277,0.8182909160852434,2
0.2642526142299175,0.8182909160852434,0.3000206056982277,0.8526781499385834,2
0.2642526142299175,0.8526781499385834,0.3000206056982277,0.8870653837919235,2
0.2642526142299175,0.8870653837919237,0.3000206056982277,0.9214526176452635,2
-0.09342730045318604,0.9214526176452638,-0.057659308984875854,0.9558398514986041,2
-0.09342730045318604,0.9558398514986038,-0.057659308984875854,0.9902270853519441,2
-0.057659308984875854,0.9214526176452638,-0.021891317516565235,0.9558398514986041,2
-0.057659308984875854,0.9558398514986038,-0.021891317516565235,0.9902270853519441,2
-0.09342730045318604,0.9902270853519441,-0.057659308984875854,1.0246143192052841,2
-0.09342730045318604,1.0246143192052841,-0.057659308984875854,1.0590015530586243,2
-0.057659308984875854,0.9902270853519441,-0.021891317516565235,1.0246143192052841,2
-0.057659308984875854,1.0246143192052841,-0.021891317516565235,1.0590015530586243,2
-0.021891317516565235,0.9214526176452638,0.013876673951744942,0.9558398514986041,2
-0.021891317516565235,0.9558398514986038,0.013876673951744942,0.9902270853519441,2
0.013876673951744942,0.9214526176452638,0.049644665420055564,0.9558398514986041,2
0.013876673951744942,0.9558398514986038,0.049644665420055564,0.9902270853519441,2
-0.021891317516565235,0.9902270853519441,0.013876673951744942,1.0246143192052841,2
-0.021891317516565235,1.0246143192052841,0.013876673951744942,1.0590015530586243,2
0.013876673951744942,0.9902270853519441,0.049644665420055564,1.0246143192052841,2
0.013876673951744942,1.0246143192052841,0.049644665420055564,1.0590015530586243,2
-0.09342730045318604,1.0590015530586245,-0.057659308984875854,1.0933887869119647,2
-0.09342730045318604,1.0933887869119645,-0.057659308984875854,1.1277760207653047,2
-0.057659308984875854,1.0590015530586245,-0.021891317516565235,1.0933887869119647,2
-0.057659308984875854,1.0933887869119645,-0.021891317516565235,1.1277760207653047,2
-0.09342730045318604,1.1277760207653045,-0.057659308984875854,1.162163254618645,2
-0.09342730045318604,1.162163254618645,-0.057659308984875854,1.1965504884719849,2
-0.057659308984875854,1.1277760207653045,-0.021891317516565235,1.162163254618645,2
-0.057659308984875854,1.162163254618645,-0.021891317516565235,1.1965504884719849,2
-0.021891317516565235,1.0590015530586245,0.013876673951744942,1.0933887869119647,2
-0.021891317516565235,1.0933887869119645,0.013876673951744942,1.1277760207653047,2
0.013876673951744942,1.0590015530586245,0.049644665420055564,1.0933887869119647,2
0.013876673951744942,1.0933887869119645,0.049644665420055564,1.1277760207653047,2
-0.021891317516565235,1.1277760207653045,0.013876673951744942,1.162163254618645,2
-0.021891317516565235,1.162163254618645,0.013876673951744942,1.1965504884719849,2
0.013876673951744942,1.1277760207653045,0.049644665420055564,1.162163254618645,2
0.013876673951744942,1.162163254618645,0.049644665420055564,1.1965504884719849,2
0.049644665420055564,0.9214526176452638,0.08541265688836575,0.9558398514986041,2
0.049644665420055564,0.9558398514986038,0.08541265688836575,0.9902270853519441,2
0.08541265688836575,0.9214526176452638,0.12118064835667591,0.9558398514986041,2
0.08541265688836575,0.9558398514986038,0.12118064835667591,0.9902270853519441,2
0.049644665420055564,0.9902270853519441,0.08541265688836575,1.0246143192052841,2
0.049644665420055564,1.0246143192052841,0.08541265688836575,1.0590015530586243,2
0.08541265688836575,0.9902270853519441,0.12118064835667591,1.0246143192052841,2
0.08541265688836575,1.0246143192052841,0.12118064835667591,1.0590015530586243,2
0.12118064835667591,0.9214526176452638,0.15694863982498655,0.9558398514986041,2
0.12118064835667591,0.9558398514986038,0.15694863982498655,0.9902270853519441,2
0.15694863982498655,0.9214526176452638,0.19271663129329672,0.9558398514986041,2
0.15694863982498655,0.9558398514986038,0.19271663129329672,0.9902270853519441,2
0.12118064835667591,0.9902270853519441,0.15694863982498655,1.0246143192052841,2
0.12118064835667591,1.0246143192052841,0.15694863982498655,1.0590015530586243,2
0.15694863982498655,0.9902270853519441,0.19271663129329672,1.0246143192052841,2
0.15694863982498655,1.0246143192052841,0.19271663129329672,1.0590015530586243,2
0.049644665420055564,1.0590015530586245,0.08541265688836575,1.0933887869119647,2
0.049644665420055564,1.0933887869119645,0.08541265688836575,1.1277760207653047,2
0.08541265688836575,1.0590015530586245,0.12118064835667591,1.0933887869119647,2
0.08541265688836575,1.0933887869119645,0.12118064835667591,1.1277760207653047,2
0.049644665420055564,1.1277760207653045,0.08541265688836575,1.162163254618645,2
0.049644665420055564,1.162163254618645,0.08541265688836575,1.1965504884719849,2
0.08541265688836575,1.1277760207653045,0.12118064835667591,1.162163254618645,2
0.08541265688836575,1.162163254618645,0.12118064835667591,1.1965504884719849,2
0.12118064835667591,1.0590015530586245,0.15694863982498655,1.0933887869119647,2
0.12118064835667591,1.0933887869119645,0.15694863982498655,1.1277760207653047,2
0.15694863982498655,1.0590015530586245,0.19271663129329672,1.0933887869119647,2
0.15694863982498655,1.0933887869119645,0.19271663129329672,1.1277760207653047,2
0.12118064835667591,1.1277760207653045,0.15694863982498655,1.162163254618645,2
0.12118064835667591,1.162163254618645,0.15694863982498655,1.1965504884719849,2
0.15694863982498655,1.1277760207653045,0.19271663129329672,1.162163254618645,2
0.15694863982498655,1.162163254618645,0.19271663129329672,1.1965504884719849,2
-0.09342730045318604,1.1965504884719849,-0.057659308984875854,1.230937722325325,2
-0.09342730045318604,1.2309377223253253,-0.057659308984875854,1.2653249561786655,2
-0.057659308984875854,1.1965504884719849,-0.021891317516565235,1.230937722325325,2
-0.057659308984875854,1.2309377223253253,-0.021891317516565235,1.2653249561786655,2
-0.09342730045318604,1.2653249561786652,-0.057659308984875854,1.2997121900320054,2
-0.09342730045318604,1.2997121900320052,-0.057659308984875854,1.3340994238853456,2
-0.057659308984875854,1.2653249561786652,-0.021891317516565235,1.2997121900320054,2
-0.057659308984875854,1.2997121900320052,-0.021891317516565235,1.3340994238853456,2
-0.021891317516565235,1.1965504884719849,0.013876673951744942,1.230937722325325,2
-0.021891317516565235,1.2309377223253253,0.013876673951744942,1.2653249561786655,2
0.013876673951744942,1.1965504884719849,0.049644665420055564,1.230937722325325,2
0.013876673951744942,1.2309377223253253,0.049644665420055564,1.2653249561786655,2
-0.021891317516565235,1.2653249561786652,0.013876673951744942,1.2997121900320054,2
-0.021891317516565235,1.2997121900320052,0.013876673951744942,1.3340994238853456,2
0.013876673951744942,1.2653249561786652,0.049644665420055564,1.2997121900320054,2
0.013876673951744942,1.2997121900320052,0.049644665420055564,1.3340994238853456,2
-0.09342730045318604,1.3340994238853456,-0.057659308984875854,1.3684866577386856,2
-0.09342730045318604,1.3684866577386856,-0.057659308984875854,1.4028738915920258,2
-0.057659308984875854,1.3340994238853456,-0.021891317516565235,1.3684866577386856,2
-0.057659308984875854,1.3684866577386856,-0.021891317516565235,1.4028738915920258,2
-0.09342730045318604,1.402873891592026,-0.057659308984875854,1.4372611254453662,2
-0.09342730045318604,1.437261125445366,-0.057659308984875854,1.4716483592987064,2
-0.057659308984875854,1.402873891592026,-0.021891317516565235,1.4372611254453662,2
-0.057659308984875854,1.437261125445366,-0.021891317516565235,1.4716483592987064,2
-0.021891317516565235,1.3340994238853456,0.013876673951744942,1.3684866577386856,2
-0.021891317516565235,1.3684866577386856,0.013876673951744942,1.4028738915920258,2
0.013876673951744942,1.3340994238853456,0.049644665420055564,1.3684866577386856,2
0.013876673951744942,1.3684866577386856,0.049644665420055564,1.4028738915920258,2
-0.021891317516565235,1.402873891592026,0.013876673951744942,1.4372611254453662,2
-0.021891317516565235,1.437261125445366,0.013876673951744942,1.4716483592987064,2
0.013876673951744942,1.402873891592026,0.049644665420055564,1.4372611254453662,2
0.013876673951744942,1.437261125445366,0.049644665420055564,1.4716483592987064,2
0.049644665420055564,1.1965504884719849,0.08541265688836575,1.230937722325325,2
0.049644665420055564,1.2309377223253253,0.08541265688836575,1.2653249561786655,2
0.08541265688836575,1.1965504884719849,0.12118064835667591,1.230937722325325,2
0.08541265688836575,1.2309377223253253,0.12118064835667591,1.2653249561786655,2
0.049644665420055564,1.2653249561786652,0.08541265688836575,1.2997121900320054,2
0.049644665420055564,1.2997121900320052,0.08541265688836575,1.3340994238853456,2
0.08541265688836575,1.2653249561786652,0.12118064835667591,1.2997121900320054,2
0.08541265688836575,1.2997121900320052,0.12118064835667591,1.3340994238853456,2
0.12118064835667591,1.1965504884719849,0.15694863982498655,1.230937722325325,2
0.12118064835667591,1.2309377223253253,0.15694863982498655,1.2653249561786655,2
0.15694863982498655,1.1965504884719849,0.19271663129329672,1.230937722325325,2
0.15694863982498655,1.2309377223253253,0.19271663129329672,1.2653249561786655,2
0.12118064835667591,1.2653249561786652,0.15694863982498655,1.2997121900320054,2
0.12118064835667591,1.2997121900320052,0.15694863982498655,1.3340994238853456,2
0.15694863982498655,1.2653249561786652,0.19271663129329672,1.2997121900320054,2
0.15694863982498655,1.2997121900320052,0.19271663129329672,1.3340994238853456,2
0.049644665420055564,1.3340994238853456,0.08541265688836575,1.3684866577386856,2
0.049644665420055564,1.3684866577386856,0.08541265688836575,1.4028738915920258,2
0.08541265688836575,1.3340994238853456,0.12118064835667591,1.3684866577386856,2
0.08541265688836575,1.3684866577386856,0.12118064835667591,1.4028738915920258,2
0.049644665420055564,1.402873891592026,0.08541265688836575,1.4372611254453662,2
0.049644665420055564,1.437261125445366,0.08541265688836575,1.4716483592987064,2
0.08541265688836575,1.402873891592026,0.12118064835667591,1.4372611254453662,2
0.08541265688836575,1.437261125445366,0.12118064835667591,1.4716483592987064,2
0.12118064835667591,1.3340994238853456,0.15694863982498655,1.3684866577386856,2
0.12118064835667591,1.3684866577386856,0.15694863982498655,1.4028738915920258,2
0.15694863982498655,1.3340994238853456,0.19271663129329672,1.3684866577386856,2
0.15694863982498655,1.3684866577386856,0.19271663129329672,1.4028738915920258,2
0.12118064835667591,1.402873891592026,0.15694863982498655,1.4372611254453662,2
0.12118064835667591,1.437261125445366,0.15694863982498655,1.4716483592987064,2
0.15694863982498655,1.402873891592026,0.19271663129329672,1.4372611254453662,2
0.15694863982498655,1.437261125445366,0.19271663129329672,1.4716483592987064,2
0.19271663129329672,0.9214526176452638,0.22848462276160733,0.9558398514986041,2
0.19271663129329672,0.9558398514986038,0.22848462276160733,0.9902270853519441,2
0.22848462276160733,0.9214526176452638,0.2642526142299175,0.9558398514986041,2
0.22848462276160733,0.9558398514986038,0.2642526142299175,0.9902270853519441,2
0.19271663129329672,0.9902270853519441,0.22848462276160733,1.0246143192052841,2
0.19271663129329672,1.0246143192052841,0.22848462276160733,1.0590015530586243,2
0.22848462276160733,0.9902270853519441,0.2642526142299175,1.0246143192052841,2
0.22848462276160733,1.0246143192052841,0.2642526142299175,1.0590015530586243,2
0.2642526142299175,0.9214526176452638,0.3000206056982277,0.9558398514986041,2
0.2642526142299175,0.9558398514986038,0.3000206056982277,0.9902270853519441,2
0.3000206056982277,0.9214526176452638,0.3357885971665383,0.9558398514986041,2
0.3000206056982277,0.9558398514986038,0.3357885971665383,0.9902270853519441,2
0.2642526142299175,0.9902270853519441,0.3000206056982277,1.0246143192052841,2
0.2642526142299175,1.0246143192052841,0.3000206056982277,1.0590015530586243,2
0.3000206056982277,0.9902270853519441,0.3357885971665383,1.0246143192052841,2
0.3000206056982277,1.0246143192052841,0.3357885971665383,1.0590015530586243,2
0.19271663129329672,1.0590015530586245,0.22848462276160733,1.0933887869119647,2
0.19271663129329672,1.0933887869119645,0.22848462276160733,1.1277760207653047,2
0.22848462276160733,1.0590015530586245,0.2642526142299175,1.0933887869119647,2
0.22848462276160733,1.0933887869119645,0.2642526142299175,1.1277760207653047,2
0.19271663129329672,1.1277760207653045,0.22848462276160733,1.162163254618645,2
0.19271663129329672,1.162163254618645,0.22848462276160733,1.1965504884719849,2
0.22848462276160733,1.1277760207653045,0.2642526142299175,1.162163254618645,2
0.22848462276160733,1.162163254618645,0.2642526142299175,1.1965504884719849,2
0.2642526142299175,1.0590015530586245,0.3000206056982277,1.0933887869119647,2
0.2642526142299175,1.0933887869119645,0.3000206056982277,1.1277760207653047,2
0.3000206056982277,1.0590015530586245,0.3357885971665383,1.0933887869119647,2
0.3000206056982277,1.0933887869119645,0.3357885971665383,1.1277760207653047,2
0.2642526142299175,1.1277760207653045,0.3000206056982277,1.162163254618645,2
0.2642526142299175,1.162163254618645,0.3000206056982277,1.1965504884719849,2
0.3000206056982277,1.1277760207653045,0.3357885971665383,1.162163254618645,2
0.3000206056982277,1.162163254618645,0.3357885971665383,1.1965504884719849,2
0.3357885971665383,0.9214526176452638,0.3715565886348485,0.9558398514986041,2
0.3357885971665383,0.9558398514986038,0.3715565886348485,0.9902270853519441,2
0.3715565886348485,0.9558398514986038,0.40732458010315914,0.9902270853519441,2
0.3357885971665383,0.9902270853519441,0.3715565886348485,1.0246143192052841,2
0.3357885971665383,1.0246143192052841,0.3715565886348485,1.0590015530586243,2
0.3715565886348485,0.9902270853519441,0.40732458010315914,1.0246143192052841,2
0.3715565886348485,1.0246143192052841,0.40732458010315914,1.0590015530586243,2
0.40732458010315914,0.9902270853519441,0.4430925715714693,1.0246143192052841,2
0.40732458010315914,1.0246143192052841,0.4430925715714693,1.0590015530586243,2
0.4430925715714693,0.9902270853519441,0.4788605630397795,1.0246143192052841,2
0.4430925715714693,1.0246143192052841,0.4788605630397795,1.0590015530586243,2
0.3357885971665383,1.0590015530586245,0.3715565886348485,1.0933887869119647,2
0.3357885971665383,1.0933887869119645,0.3715565886348485,1.1277760207653047,2
0.3715565886348485,1.0590015530586245,0.40732458010315914,1.0933887869119647,2
0.3715565886348485,1.0933887869119645,0.40732458010315914,1.1277760207653047,2
0.3357885971665383,1.1277760207653045,0.3715565886348485,1.162163254618645,2
0.3357885971665383,1.162163254618645,0.3715565886348485,1.1965504884719849,2
0.3715565886348485,1.1277760207653045,0.40732458010315914,1.162163254618645,2
0.3715565886348485,1.162163254618645,0.40732458010315914,1.1965504884719849,2
0.40732458010315914,1.0590015530586245,0.4430925715714693,1.0933887869119647,2
0.40732458010315914,1.0933887869119645,0.4430925715714693,1.1277760207653047,2
0.4430925715714693,1.0590015530586245,0.4788605630397795,1.0933887869119647,2
0.4430925715714693,1.0933887869119645,0.4788605630397795,1.1277760207653047,2
0.40732458010315914,1.1277760207653045,0.4430925715714693,1.162163254618645,2
0.40732458010315914,1.162163254618645,0.4430925715714693,1.1965504884719849,2
0.4430925715714693,1.1277760207653045,0.4788605630397795,1.162163254618645,2
0.4430925715714693,1.162163254618645,0.4788605630397795,1.1965504884719849,2
0.19271663129329672,1.1965504884719849,0.22848462276160733,1.230937722325325,2
0.19271663129329672,1.2309377223253253,0.22848462276160733,1.2653249561786655,2
0.22848462276160733,1.1965504884719849,0.2642526142299175,1.230937722325325,2
0.22848462276160733,1.2309377223253253,0.2642526142299175,1.2653249561786655,2
0.19271663129329672,1.2653249561786652,0.22848462276160733,1.2997121900320054,2
0.19271663129329672,1.2997121900320052,0.22848462276160733,1.3340994238853456,2
0.22848462276160733,1.2653249561786652,0.2642526142299175,1.2997121900320054,2
0.22848462276160733,1.2997121900320052,0.2642526142299175,1.3340994238853456,2
0.2642526142299175,1.1965504884719849,0.3000206056982277,1.230937722325325,2
0.2642526142299175,1.2309377223253253,0.3000206056982277,1.2653249561786655,2
0.3000206056982277,1.1965504884719849,0.3357885971665383,1.230937722325325,2
0.3000206056982277,1.2309377223253253,0.3357885971665383,1.2653249561786655,2
0.2642526142299175,1.2653249561786652,0.3000206056982277,1.2997121900320054,2
0.2642526142299175,1.2997121900320052,0.3000206056982277,1.3340994238853456,2
0.3000206056982277,1.2653249561786652,0.3357885971665383,1.2997121900320054,2
0.3000206056982277,1.2997121900320052,0.3357885971665383,1.3340994238853456,2
0.19271663129329672,1.3340994238853456,0.22848462276160733,1.3684866577386856,2
0.19271663129329672,1.3684866577386856,0.22848462276160733,1.4028738915920258,2
0.22848462276160733,1.3340994238853456,0.2642526142299175,1.3684866577386856,2
0.22848462276160733,1.3684866577386856,0.2642526142299175,1.4028738915920258,2
0.19271663129329672,1.402873891592026,0.22848462276160733,1.4372611254453662,2
0.19271663129329672,1.437261125445366,0.22848462276160733,1.4716483592987064,2
0.22848462276160733,1.402873891592026,0.2642526142299175,1.4372611254453662,2
0.22848462276160733,1.437261125445366,0.2642526142299175,1.4716483592987064,2
0.2642526142299175,1.3340994238853456,0.3000206056982277,1.3684866577386856,2
0.2642526142299175,1.3684866577386856,0.3000206056982277,1.4028738915920258,2
0.3000206056982277,1.3340994238853456,0.3357885971665383,1.3684866577386856,2
0.3000206056982277,1.3684866577386856,0.3357885971665383,1.4028738915920258,2
0.2642526142299175,1.402873891592026,0.3000206056982277,1.4372611254453662,2
0.2642526142299175,1.437261125445366,0.3000206056982277,1.4716483592987064,2
0.3000206056982277,1.402873891592026,0.3357885971665383,1.4372611254453662,2
0.3000206056982277,1.437261125445366,0.3357885971665383,1.4716483592987064,2
0.3357885971665383,1.1965504884719849,0.3715565886348485,1.230937722325325,2
0.3357885971665383,1.2309377223253253,0.3715565886348485,1.2653249561786655,2
0.3715565886348485,1.1965504884719849,0.40732458010315914,1.230937722325325,2
0.3715565886348485,1.2309377223253253,0.40732458010315914,1.2653249561786655,2
0.3357885971665383,1.2653249561786652,0.3715565886348485,1.2997121900320054,2
0.3357885971665383,1.2997121900320052,0.3715565886348485,1.3340994238853456,2
0.3715565886348485,1.2653249561786652,0.40732458010315914,1.2997121900320054,2
0.3715565886348485,1.2997121900320052,0.40732458010315914,1.3340994238853456,2
0.40732458010315914,1.1965504884719849,0.4430925715714693,1.230937722325325,2
0.40732458010315914,1.2309377223253253,0.4430925715714693,1.2653249561786655,2
0.4430925715714693,1.1965504884719849,0.4788605630397795,1.230937722325325,2
0.4430925715714693,1.2309377223253253,0.4788605630397795,1.2653249561786655,2
0.40732458010315914,1.2653249561786652,0.4430925715714693,1.2997121900320054,2
0.40732458010315914,1.2997121900320052,0.4430925715714693,1.3340994238853456,2
0.4430925715714693,1.2653249561786652,0.4788605630397795,1.2997121900320054,2
0.4430925715714693,1.2997121900320052,0.4788605630397795,1.3340994238853456,2
0.3357885971665383,1.3340994238853456,0.3715565886348485,1.3684866577386856,2
0.3357885971665383,1.3684866577386856,0.3715565886348485,1.4028738915920258,2
0.3715565886348485,1.3340994238853456,0.40732458010315914,1.3684866577386856,2
0.3715565886348485,1.3684866577386856,0.40732458010315914,1.4028738915920258,2
0.3357885971665383,1.402873891592026,0.3715565886348485,1.4372611254453662,2
0.3357885971665383,1.437261125445366,0.3715565886348485,1.4716483592987064,2
0.3715565886348485,1.402873891592026,0.40732458010315914,1.4372611254453662,2
0.3715565886348485,1.437261125445366,0.40732458010315914,1.4716483592987064,2
0.40732458010315914,1.3340994238853456,0.4430925715714693,1.3684866577386856,2
0.40732458010315914,1.3684866577386856,0.4430925715714693,1.4028738915920258,2
0.4430925715714693,1.3340994238853456,0.4788605630397795,1.3684866577386856,2
0.4430925715714693,1.3684866577386856,0.4788605630397795,1.4028738915920258,2
0.40732458010315914,1.402873891592026,0.4430925715714693,1.4372611254453662,2
0.40732458010315914,1.437261125445366,0.4430925715714693,1.4716483592987064,2
0.4430925715714693,1.402873891592026,0.4788605630397795,1.4372611254453662,2
0.4430925715714693,1.437261125445366,0.4788605630397795,1.4716483592987064,2
-0.09342730045318604,1.4716483592987064,-0.057659308984875854,1.5060355931520464,2
-0.09342730045318604,1.5060355931520464,-0.057659308984875854,1.5404228270053864,2
-0.057659308984875854,1.4716483592987064,-0.021891317516565235,1.5060355931520464,2
-0.057659308984875854,1.5060355931520464,-0.021891317516565235,1.5404228270053864,2
-0.09342730045318604,1.5404228270053864,-0.057659308984875854,1.5748100608587265,2
-0.09342730045318604,1.5748100608587268,-0.057659308984875854,1.609197294712067,2
-0.057659308984875854,1.5404228270053864,-0.021891317516565235,1.5748100608587265,2
-0.057659308984875854,1.5748100608587268,-0.021891317516565235,1.609197294712067,2
-0.021891317516565235,1.4716483592987064,0.013876673951744942,1.5060355931520464,2
-0.021891317516565235,1.5060355931520464,0.013876673951744942,1.5404228270053864,2
0.013876673951744942,1.4716483592987064,0.049644665420055564,1.5060355931520464,2
0.013876673951744942,1.5060355931520464,0.049644665420055564,1.5404228270053864,2
-0.021891317516565235,1.5404228270053864,0.013876673951744942,1.5748100608587265,2
-0.021891317516565235,1.5748100608587268,0.013876673951744942,1.609197294712067,2
0.013876673951744942,1.5404228270053864,0.049644665420055564,1.5748100608587265,2
0.013876673951744942,1.5748100608587268,0.049644665420055564,1.609197294712067,2
-0.09342730045318604,1.6091972947120667,-0.057659308984875854,1.6435845285654072,2
-0.09342730045318604,1.6435845285654072,-0.057659308984875854,1.6779717624187471,2
-0.057659308984875854,1.6091972947120667,-0.021891317516565235,1.6435845285654072,2
-0.057659308984875854,1.6435845285654072,-0.021891317516565235,1.6779717624187471,2
-0.09342730045318604,1.6779717624187471,-0.057659308984875854,1.712358996272087,2
-0.09342730045318604,1.712358996272087,-0.057659308984875854,1.7467462301254273,2
-0.057659308984875854,1.6779717624187471,-0.021891317516565235,1.712358996272087,2
-0.057659308984875854,1.712358996272087,-0.021891317516565235,1.7467462301254273,2
-0.021891317516565235,1.6091972947120667,0.013876673951744942,1.6435845285654072,2
-0.021891317516565235,1.6435845285654072,0.013876673951744942,1.6779717624187471,2
0.013876673951744942,1.6091972947120667,0.049644665420055564,1.6435845285654072,2
0.013876673951744942,1.6435845285654072,0.049644665420055564,1.6779717624187471,2
-0.021891317516565235,1.6779717624187471,0.013876673951744942,1.712358996272087,2
-0.021891317516565235,1.712358996272087,0.013876673951744942,1.7467462301254273,2
0.013876673951744942,1.6779717624187471,0.049644665420055564,1.712358996272087,2
0.013876673951744942,1.712358996272087,0.049644665420055564,1.7467462301254273,2
0.049644665420055564,1.4716483592987064,0.08541265688836575,1.5060355931520464,2
0.049644665420055564,1.5060355931520464,0.08541265688836575,1.5404228270053864,2
0.08541265688836575,1.4716483592987064,0.12118064835667591,1.5060355931520464,2
0.08541265688836575,1.5060355931520464,0.12118064835667591,1.5404228270053864,2
0.049644665420055564,1.5404228270053864,0.08541265688836575,1.5748100608587265,2
0.049644665420055564,1.5748100608587268,0.08541265688836575,1.609197294712067,2
0.08541265688836575,1.5404228270053864,0.12118064835667591,1.5748100608587265,2
0.08541265688836575,1.5748100608587268,0.12118064835667591,1.609197294712067,2
0.12118064835667591,1.4716483592987064,0.15694863982498655,1.5060355931520464,2
0.12118064835667591,1.5060355931520464,0.15694863982498655,1.5404228270053864,2
0.15694863982498655,1.4716483592987064,0.19271663129329672,1.5060355931520464,2
0.15694863982498655,1.5060355931520464,0.19271663129329672,1.5404228270053864,2
0.12118064835667591,1.5404228270053864,0.15694863982498655,1.5748100608587265,2
0.12118064835667591,1.5748100608587268,0.15694863982498655,1.609197294712067,2
0.15694863982498655,1.5404228270053864,0.19271663129329672,1.5748100608587265,2
0.15694863982498655,1.5748100608587268,0.19271663129329672,1.609197294712067,2
0.049644665420055564,1.6091972947120667,0.08541265688836575,1.6435845285654072,2
0.049644665420055564,1.6435845285654072,0.08541265688836575,1.6779717624187471,2
0.08541265688836575,1.6091972947120667,0.12118064835667591,1.6435845285654072,2
0.08541265688836575,1.6435845285654072,0.12118064835667591,1.6779717624187471,2
0.049644665420055564,1.6779717624187471,0.08541265688836575,1.712358996272087,2
0.049644665420055564,1.712358996272087,0.08541265688836575,1.7467462301254273,2
0.08541265688836575,1.6779717624187471,0.12118064835667591,1.712358996272087,2
0.08541265688836575,1.712358996272087,0.12118064835667591,1.7467462301254273,2
0.12118064835667591,1.6091972947120667,0.15694863982498655,1.6435845285654072,2
0.12118064835667591,1.6435845285654072,0.15694863982498655,1.6779717624187471,2
0.15694863982498655,1.6091972947120667,0.19271663129329672,1.6435845285654072,2
0.15694863982498655,1.6435845285654072,0.19271663129329672,1.6779717624187471,2
0.12118064835667591,1.6779717624187471,0.15694863982498655,1.712358996272087,2
0.12118064835667591,1.712358996272087,0.15694863982498655,1.7467462301254273,2
0.15694863982498655,1.6779717624187471,0.19271663129329672,1.712358996272087,2
0.15694863982498655,1.712358996272087,0.19271663129329672,1.7467462301254273,2
-0.09342730045318604,1.7467462301254275,-0.057659308984875854,1.7811334639787677,2
-0.09342730045318604,1.7811334639787675,-0.057659308984875854,1.815520697832108,2
-0.057659308984875854,1.7467462301254275,-0.021891317516565235,1.7811334639787677,2
-0.057659308984875854,1.7811334639787675,-0.021891317516565235,1.815520697832108,2
-0.09342730045318604,1.815520697832108,-0.057659308984875854,1.8499079316854479,2
-0.09342730045318604,1.8499079316854479,-0.057659308984875854,1.8842951655387878,2
-0.057659308984875854,1.815520697832108,-0.021891317516565235,1.8499079316854479,2
-0.057659308984875854,1.8499079316854479,-0.021891317516565235,1.8842951655387878,2
-0.021891317516565235,1.7467462301254275,0.013876673951744942,1.7811334639787677,2
-0.021891317516565235,1.7811334639787675,0.013876673951744942,1.815520697832108,2
0.013876673951744942,1.7467462301254275,0.049644665420055564,1.7811334639787677,2
0.013876673951744942,1.7811334639787675,0.049644665420055564,1.815520697832108,2
-0.021891317516565235,1.815520697832108,0.013876673951744942,1.8499079316854479,2
-0.021891317516565235,1.8499079316854479,0.013876673951744942,1.8842951655387878,2
0.013876673951744942,1.815520697832108,0.049644665420055564,1.8499079316854479,2
0.013876673951744942,1.8499079316854479,0.049644665420055564,1.8842951655387878,2
-0.09342730045318604,1.8842951655387878,-0.057659308984875854,1.918682399392128,2
-0.09342730045318604,1.9186823993921283,-0.057659308984875854,1.9530696332454685,2
-0.057659308984875854,1.8842951655387878,-0.021891317516565235,1.918682399392128,2
-0.057659308984875854,1.9186823993921283,-0.021891317516565235,1.9530696332454685,2
-0.09342730045318604,1.9530696332454682,-0.057659308984875854,1.9874568670988086,2
-0.09342730045318604,1.9874568670988086,-0.057659308984875854,2.0218441009521486,2
-0.057659308984875854,1.9530696332454682,-0.021891317516565235,1.9874568670988086,2
-0.057659308984875854,1.9874568670988086,-0.021891317516565235,2.0218441009521486,2
-0.021891317516565235,1.8842951655387878,0.013876673951744942,1.918682399392128,2
-0.021891317516565235,1.9186823993921283,0.013876673951744942,1.9530696332454685,2
0.013876673951744942,1.8842951655387878,0.049644665420055564,1.918682399392128,2
0.013876673951744942,1.9186823993921283,0.049644665420055564,1.9530696332454685,2
-0.021891317516565235,1.9530696332454682,0.013876673951744942,1.9874568670988086,2
-0.021891317516565235,1.9874568670988086,0.013876673951744942,2.0218441009521486,2
0.013876673951744942,1.9530696332454682,0.049644665420055564,1.9874568670988086,2
0.013876673951744942,1.9874568670988086,0.049644665420055564,2.0218441009521486,2
0.049644665420055564,1.7467462301254275,0.08541265688836575,1.7811334639787677,2
0.049644665420055564,1.7811334639787675,0.08541265688836575,1.815520697832108,2
0.08541265688836575,1.7467462301254275,0.12118064835667591,1.7811334639787677,2
0.08541265688836575,1.7811334639787675,0.12118064835667591,1.815520697832108,2
0.049644665420055564,1.815520697832108,0.08541265688836575,1.8499079316854479,2
0.049644665420055564,1.8499079316854479,0.08541265688836575,1.8842951655387878,2
0.08541265688836575,1.815520697832108,0.12118064835667591,1.8499079316854479,2
0.08541265688836575,1.8499079316854479,0.12118064835667591,1.8842951655387878,2
0.12118064835667591,1.7467462301254275,0.15694863982498655,1.7811334639787677,2
0.12118064835667591,1.7811334639787675,0.15694863982498655,1.815520697832108,2
0.15694863982498655,1.7467462301254275,0.19271663129329672,1.7811334639787677,2
0.15694863982498655,1.7811334639787675,0.19271663129329672,1.815520697832108,2
0.12118064835667591,1.815520697832108,0.15694863982498655,1.8499079316854479,2
0.12118064835667591,1.8499079316854479,0.15694863982498655,1.8842951655387878,2
0.15694863982498655,1.815520697832108,0.19271663129329672,1.8499079316854479,2
0.15694863982498655,1.8499079316854479,0.19271663129329672,1.8842951655387878,2
0.049644665420055564,1.8842951655387878,0.08541265688836575,1.918682399392128,2
0.049644665420055564,1.9186823993921283,0.08541265688836575,1.9530696332454685,2
0.08541265688836575,1.8842951655387878,0.12118064835667591,1.918682399392128,2
0.08541265688836575,1.9186823993921283,0.12118064835667591,1.9530696332454685,2
0.049644665420055564,1.9530696332454682,0.08541265688836575,1.9874568670988086,2
0.049644665420055564,1.9874568670988086,0.08541265688836575,2.0218441009521486,2
0.08541265688836575,1.9530696332454682,0.12118064835667591,1.9874568670988086,2
0.08541265688836575,1.9874568670988086,0.12118064835667591,2.0218441009521486,2
0.12118064835667591,1.8842951655387878,0.15694863982498655,1.918682399392128,2
0.12118064835667591,1.9186823993921283,0.15694863982498655,1.9530696332454685,2
0.15694863982498655,1.8842951655387878,0.19271663129329672,1.918682399392128,2
0.15694863982498655,1.9186823993921283,0.19271663129329672,1.9530696332454685,2
0.12118064835667591,1.9530696332454682,0.15694863982498655,1.9874568670988086,2
0.12118064835667591,1.9874568670988086,0.15694863982498655,2.0218441009521486,2
0.15694863982498655,1.9530696332454682,0.19271663129329672,1.9874568670988086,2
0.15694863982498655,1.9874568670988086,0.19271663129329672,2.0218441009521486,2
0.19271663129329672,1.4716483592987064,0.22848462276160733,1.5060355931520464,2
0.19271663129329672,1.5060355931520464,0.22848462276160733,1.5404228270053864,2
0.22848462276160733,1.4716483592987064,0.2642526142299175,1.5060355931520464,2
0.22848462276160733,1.5060355931520464,0.2642526142299175,1.5404228270053864,2
0.19271663129329672,1.5404228270053864,0.22848462276160733,1.5748100608587265,2
0.19271663129329672,1.5748100608587268,0.22848462276160733,1.609197294712067,2
0.22848462276160733,1.5404228270053864,0.2642526142299175,1.5748100608587265,2
0.22848462276160733,1.5748100608587268,0.2642526142299175,1.609197294712067,2
0.2642526142299175,1.4716483592987064,0.3000206056982277,1.5060355931520464,2
0.2642526142299175,1.5060355931520464,0.3000206056982277,1.5404228270053864,2
0.3000206056982277,1.4716483592987064,0.3357885971665383,1.5060355931520464,2
0.3000206056982277,1.5060355931520464,0.3357885971665383,1.5404228270053864,2
0.2642526142299175,1.5404228270053864,0.3000206056982277,1.5748100608587265,2
0.2642526142299175,1.5748100608587268,0.3000206056982277,1.609197294712067,2
0.3000206056982277,1.5404228270053864,0.3357885971665383,1.5748100608587265,2
0.3000206056982277,1.5748100608587268,0.3357885971665383,1.609197294712067,2
0.19271663129329672,1.6091972947120667,0.22848462276160733,1.6435845285654072,2
0.19271663129329672,1.6435845285654072,0.22848462276160733,1.6779717624187471,2
0.22848462276160733,1.6091972947120667,0.2642526142299175,1.6435845285654072,2
0.22848462276160733,1.6435845285654072,0.2642526142299175,1.6779717624187471,2
0.19271663129329672,1.6779717624187471,0.22848462276160733,1.712358996272087,2
0.19271663129329672,1.712358996272087,0.22848462276160733,1.7467462301254273,2
0.22848462276160733,1.6779717624187471,0.2642526142299175,1.712358996272087,2
0.22848462276160733,1.712358996272087,0.2642526142299175,1.7467462301254273,2
0.2642526142299175,1.6091972947120667,0.3000206056982277,1.6435845285654072,2
0.2642526142299175,1.6435845285654072,0.3000206056982277,1.6779717624187471,2
0.3000206056982277,1.6091972947120667,0.3357885971665383,1.6435845285654072,2
0.3000206056982277,1.6435845285654072,0.3357885971665383,1.6779717624187471,2
0.2642526142299175,1.6779717624187471,0.3000206056982277,1.712358996272087,2
0.2642526142299175,1.712358996272087,0.3000206056982277,1.7467462301254273,2
0.3000206056982277,1.6779717624187471,0.3357885971665383,1.712358996272087,2
0.3000206056982277,1.712358996272087,0.3357885971665383,1.7467462301254273,2
0.3357885971665383,1.4716483592987064,0.3715565886348485,1.5060355931520464,2
0.3357885971665383,1.5060355931520464,0.3715565886348485,1.5404228270053864,2
0.3715565886348485,1.4716483592987064,0.40732458010315914,1.5060355931520464,2
0.3715565886348485,1.5060355931520464,0.40732458010315914,1.5404228270053864,2
0.3357885971665383,1.5404228270053864,0.3715565886348485,1.5748100608587265,2
0.3357885971665383,1.5748100608587268,0.3715565886348485,1.609197294712067,2
0.3715565886348485,1.5404228270053864,0.40732458010315914,1.5748100608587265,2
0.3715565886348485,1.5748100608587268,0.40732458010315914,1.609197294712067,2
0.40732458010315914,1.4716483592987064,0.4430925715714693,1.5060355931520464,2
0.40732458010315914,1.5060355931520464,0.4430925715714693,1.5404228270053864,2
0.4430925715714693,1.4716483592987064,0.4788605630397795,1.5060355931520464,2
0.4430925715714693,1.5060355931520464,0.4788605630397795,1.5404228270053864,2
0.40732458010315914,1.5404228270053864,0.4430925715714693,1.5748100608587265,2
0.40732458010315914,1.5748100608587268,0.4430925715714693,1.609197294712067,2
0.4430925715714693,1.5404228270053864,0.4788605630397795,1.5748100608587265,2
0.4430925715714693,1.5748100608587268,0.4788605630397795,1.609197294712067,2
0.3357885971665383,1.6091972947120667,0.3715565886348485,1.6435845285654072,2
0.3357885971665383,1.6435845285654072,0.3715565886348485,1.6779717624187471,2
0.3715565886348485,1.6091972947120667,0.40732458010315914,1.6435845285654072,2
0.3715565886348485,1.6435845285654072,0.40732458010315914,1.6779717624187471,2
0.3357885971665383,1.6779717624187471,0.3715565886348485,1.712358996272087,2
0.3357885971665383,1.712358996272087,0.3715565886348485,1.7467462301254273,2
0.3715565886348485,1.6779717624187471,0.40732458010315914,1.712358996272087,2
0.3715565886348485,1.712358996272087,0.40732458010315914,1.7467462301254273,2
0.40732458010315914,1.6091972947120667,0.4430925715714693,1.6435845285654072,2
0.40732458010315914,1.6435845285654072,0.4430925715714693,1.6779717624187471,2
0.4430925715714693,1.6091972947120667,0.4788605630397795,1.6435845285654072,2
0.4430925715714693,1.6435845285654072,0.4788605630397795,1.6779717624187471,2
0.40732458010315914,1.6779717624187471,0.4430925715714693,1.712358996272087,2
0.40732458010315914,1.712358996272087,0.4430925715714693,1.7467462301254273,2
0.4430925715714693,1.6779717624187471,0.4788605630397795,1.712358996272087,2
0.4430925715714693,1.712358996272087,0.4788605630397795,1.7467462301254273,2
0.19271663129329672,1.7467462301254275,0.22848462276160733,1.7811334639787677,2
0.19271663129329672,1.7811334639787675,0.22848462276160733,1.815520697832108,2
0.22848462276160733,1.7467462301254275,0.2642526142299175,1.7811334639787677,2
0.22848462276160733,1.7811334639787675,0.2642526142299175,1.815520697832108,2
0.19271663129329672,1.815520697832108,0.22848462276160733,1.8499079316854479,2
0.19271663129329672,1.8499079316854479,0.22848462276160733,1.8842951655387878,2
0.22848462276160733,1.815520697832108,0.2642526142299175,1.8499079316854479,2
0.22848462276160733,1.8499079316854479,0.2642526142299175,1.8842951655387878,2
0.2642526142299175,1.7467462301254275,0.3000206056982277,1.7811334639787677,2
0.2642526142299175,1.7811334639787675,0.3000206056982277,1.815520697832108,2
0.3000206056982277,1.7467462301254275,0.3357885971665383,1.7811334639787677,2
0.3000206056982277,1.7811334639787675,0.3357885971665383,1.815520697832108,2
0.2642526142299175,1.815520697832108,0.3000206056982277,1.8499079316854479,2
0.2642526142299175,1.8499079316854479,0.3000206056982277,1.8842951655387878,2
0.3000206056982277,1.815520697832108,0.3357885971665383,1.8499079316854479,2
0.3000206056982277,1.8499079316854479,0.3357885971665383,1.8842951655387878,2
0.19271663129329672,1.8842951655387878,0.22848462276160733,1.918682399392128,2
0.19271663129329672,1.9186823993921283,0.22848462276160733,1.9530696332454685,2
0.22848462276160733,1.8842951655387878,0.2642526142299175,1.918682399392128,2
0.22848462276160733,1.9186823993921283,0.2642526142299175,1.9530696332454685,2
0.19271663129329672,1.9530696332454682,0.22848462276160733,1.9874568670988086,2
0.19271663129329672,1.9874568670988086,0.22848462276160733,2.0218441009521486,2
0.22848462276160733,1.9530696332454682,0.2642526142299175,1.9874568670988086,2
0.22848462276160733,1.9874568670988086,0.2642526142299175,2.0218441009521486,2
0.2642526142299175,1.8842951655387878,0.3000206056982277,1.918682399392128,2
0.2642526142299175,1.9186823993921283,0.3000206056982277,1.9530696332454685,2
0.3000206056982277,1.8842951655387878,0.3357885971665383,1.918682399392128,2
0.3000206056982277,1.9186823993921283,0.3357885971665383,1.9530696332454685,2
0.2642526142299175,1.9530696332454682,0.3000206056982277,1.9874568670988086,2
0.2642526142299175,1.9874568670988086,0.3000206056982277,2.0218441009521486,2
0.3000206056982277,1.9530696332454682,0.3357885971665383,1.9874568670988086,2
0.3000206056982277,1.9874568670988086,0.3357885971665383,2.0218441009521486,2
0.3357885971665383,1.7467462301254275,0.3715565886348485,1.7811334639787677,2
0.3357885971665383,1.7811334639787675,0.3715565886348485,1.815520697832108,2
0.3715565886348485,1.7467462301254275,0.40732458010315914,1.7811334639787677,2
0.3715565886348485,1.7811334639787675,0.40732458010315914,1.815520697832108,2
0.3357885971665383,1.815520697832108,0.3715565886348485,1.8499079316854479,2
0.3357885971665383,1.8499079316854479,0.3715565886348485,1.8842951655387878,2
0.3715565886348485,1.815520697832108,0.40732458010315914,1.8499079316854479,2
0.3715565886348485,1.8499079316854479,0.40732458010315914,1.8842951655387878,2
0.40732458010315914,1.7467462301254275,0.4430925715714693,1.7811334639787677,2
0.40732458010315914,1.7811334639787675,0.4430925715714693,1.815520697832108,2
0.4430925715714693,1.7467462301254275,0.4788605630397795,1.7811334639787677,2
0.4430925715714693,1.7811334639787675,0.4788605630397795,1.815520697832108,2
0.40732458010315914,1.815520697832108,0.4430925715714693,1.8499079316854479,2
0.40732458010315914,1.8499079316854479,0.4430925715714693,1.8842951655387878,2
0.4430925715714693,1.815520697832108,0.4788605630397795,1.8499079316854479,2
0.4430925715714693,1.8499079316854479,0.4788605630397795,1.8842951655387878,2
0.3357885971665383,1.8842951655387878,0.3715565886348485,1.918682399392128,2
0.3357885971665383,1.9186823993921283,0.3715565886348485,1.9530696332454685,2
0.3715565886348485,1.8842951655387878,0.40732458010315914,1.918682399392128,2
0.3715565886348485,1.9186823993921283,0.40732458010315914,1.9530696332454685,2
0.3357885971665383,1.9530696332454682,0.3715565886348485,1.9874568670988086,2
0.3357885971665383,1.9874568670988086,0.3715565886348485,2.0218441009521486,2
0.3715565886348485,1.9530696332454682,0.40732458010315914,1.9874568670988086,2
0.3715565886348485,1.9874568670988086,0.40732458010315914,2.0218441009521486,2
0.40732458010315914,1.8842951655387878,0.4430925715714693,1.918682399392128,2
0.40732458010315914,1.9186823993921283,0.4430925715714693,1.9530696332454685,2
0.4430925715714693,1.8842951655387878,0.4788605630397795,1.918682399392128,2
0.4430925715714693,1.9186823993921283,0.4788605630397795,1.9530696332454685,2
0.40732458010315914,1.9530696332454682,0.4430925715714693,1.9874568670988086,2
0.40732458010315914,1.9874568670988086,0.4430925715714693,2.0218441009521486,2
0.4430925715714693,1.9530696332454682,0.4788605630397795,1.9874568670988086,2
0.4430925715714693,1.9874568670988086,0.4788605630397795,2.0218441009521486,2
0.4788605630397795,1.0590015530586245,0.5146285545080901,1.0933887869119647,2
0.4788605630397795,1.0933887869119645,0.5146285545080901,1.1277760207653047,2
0.5146285545080901,1.0933887869119645,0.5503965459764003,1.1277760207653047,2
0.4788605630397795,1.1277760207653045,0.5146285545080901,1.162163254618645,2
0.4788605630397795,1.162163254618645,0.5146285545080901,1.1965504884719849,2
0.5146285545080901,1.1277760207653045,0.5503965459764003,1.162163254618645,2
0.5146285545080901,1.162163254618645,0.5503965459764003,1.1965504884719849,2
0.5503965459764003,1.162163254618645,0.5861645374447109,1.1965504884719849,2
0.4788605630397795,1.1965504884719849,0.5146285545080901,1.230937722325325,2
0.4788605630397795,1.2309377223253253,0.5146285545080901,1.2653249561786655,2
0.5146285545080901,1.1965504884719849,0.5503965459764003,1.230937722325325,2
0.5146285545080901,1.2309377223253253,0.5503965459764003,1.2653249561786655,2
0.4788605630397795,1.2653249561786652,0.5146285545080901,1.2997121900320054,2
0.4788605630397795,1.2997121900320052,0.5146285545080901,1.3340994238853456,2
0.5146285545080901,1.2653249561786652,0.5503965459764003,1.2997121900320054,2
0.5146285545080901,1.2997121900320052,0.5503965459764003,1.3340994238853456,2
0.5503965459764003,1.1965504884719849,0.5861645374447109,1.230937722325325,2
0.5503965459764003,1.2309377223253253,0.5861645374447109,1.2653249561786655,2
0.5861645374447106,1.1965504884719849,0.6219325289130211,1.230937722325325,2
0.5861645374447106,1.2309377223253253,0.6219325289130211,1.2653249561786655,2
0.5503965459764003,1.2653249561786652,0.5861645374447109,1.2997121900320054,2
0.5503965459764003,1.2997121900320052,0.5861645374447109,1.3340994238853456,2
0.5861645374447106,1.2653249561786652,0.6219325289130211,1.2997121900320054,2
0.5861645374447106,1.2997121900320052,0.6219325289130211,1.3340994238853456,2
0.4788605630397795,1.3340994238853456,0.5146285545080901,1.3684866577386856,2
0.4788605630397795,1.3684866577386856,0.5146285545080901,1.4028738915920258,2
0.5146285545080901,1.3340994238853456,0.5503965459764003,1.3684866577386856,2
0.5146285545080901,1.3684866577386856,0.5503965459764003,1.4028738915920258,2
0.4788605630397795,1.402873891592026,0.5146285545080901,1.4372611254453662,2
0.4788605630397795,1.437261125445366,0.5146285545080901,1.4716483592987064,2
0.5146285545080901,1.402873891592026,0.5503965459764003,1.4372611254453662,2
0.5146285545080901,1.437261125445366,0.5503965459764003,1.4716483592987064,2
0.5503965459764003,1.3340994238853456,0.5861645374447109,1.3684866577386856,2
0.5503965459764003,1.3684866577386856,0.5861645374447109,1.4028738915920258,2
0.5861645374447106,1.3340994238853456,0.6219325289130211,1.3684866577386856,2
0.5861645374447106,1.3684866577386856,0.6219325289130211,1.4028738915920258,2
0.5503965459764003,1.402873891592026,0.5861645374447109,1.4372611254453662,2
0.5503965459764003,1.437261125445366,0.5861645374447109,1.4716483592987064,2
0.5861645374447106,1.402873891592026,0.6219325289130211,1.4372611254453662,2
0.5861645374447106,1.437261125445366,0.6219325289130211,1.4716483592987064,2
0.6219325289130211,1.2653249561786652,0.6577005203813312,1.2997121900320054,2
0.6219325289130211,1.2997121900320052,0.6577005203813312,1.3340994238853456,2
0.6577005203813314,1.2997121900320052,0.6934685118496419,1.3340994238853456,2
0.6219325289130211,1.3340994238853456,0.6577005203813312,1.3684866577386856,2
0.6219325289130211,1.3684866577386856,0.6577005203813312,1.4028738915920258,2
0.6577005203813314,1.3340994238853456,0.6934685118496419,1.3684866577386856,2
0.6577005203813314,1.3684866577386856,0.6934685118496419,1.4028738915920258,2
0.6219325289130211,1.402873891592026,0.6577005203813312,1.4372611254453662,2
0.6219325289130211,1.437261125445366,0.6577005203813312,1.4716483592987064,2
0.6577005203813314,1.402873891592026,0.6934685118496419,1.4372611254453662,2
0.6577005203813314,1.437261125445366,0.6934685118496419,1.4716483592987064,2
0.6934685118496419,1.3684866577386856,0.7292365033179521,1.4028738915920258,2
0.6934685118496419,1.402873891592026,0.7292365033179521,1.4372611254453662,2
0.6934685118496419,1.437261125445366,0.7292365033179521,1.4716483592987064,2
0.7292365033179521,1.402873891592026,0.7650044947862626,1.4372611254453662,2
0.7292365033179521,1.437261125445366,0.7650044947862626,1.4716483592987064,2
0.4788605630397795,1.4716483592987064,0.5146285545080901,1.5060355931520464,2
0.4788605630397795,1.5060355931520464,0.5146285545080901,1.5404228270053864,2
0.5146285545080901,1.4716483592987064,0.5503965459764003,1.5060355931520464,2
0.5146285545080901,1.5060355931520464,0.5503965459764003,1.5404228270053864,2
0.4788605630397795,1.5404228270053864,0.5146285545080901,1.5748100608587265,2
0.4788605630397795,1.5748100608587268,0.5146285545080901,1.609197294712067,2
0.5146285545080901,1.5404228270053864,0.5503965459764003,1.5748100608587265,2
0.5146285545080901,1.5748100608587268,0.5503965459764003,1.609197294712067,2
0.5503965459764003,1.4716483592987064,0.5861645374447109,1.5060355931520464,2
0.5503965459764003,1.5060355931520464,0.5861645374447109,1.5404228270053864,2
0.5861645374447106,1.4716483592987064,0.6219325289130211,1.5060355931520464,2
0.5861645374447106,1.5060355931520464,0.6219325289130211,1.5404228270053864,2
0.5503965459764003,1.5404228270053864,0.5861645374447109,1.5748100608587265,2
0.5503965459764003,1.5748100608587268,0.5861645374447109,1.609197294712067,2
0.5861645374447106,1.5404228270053864,0.6219325289130211,1.5748100608587265,2
0.5861645374447106,1.5748100608587268,0.6219325289130211,1.609197294712067,2
0.4788605630397795,1.6091972947120667,0.5146285545080901,1.6435845285654072,2
0.4788605630397795,1.6435845285654072,0.5146285545080901,1.6779717624187471,2
0.5146285545080901,1.6091972947120667,0.5503965459764003,1.6435845285654072,2
0.5146285545080901,1.6435845285654072,0.5503965459764003,1.6779717624187471,2
0.4788605630397795,1.6779717624187471,0.5146285545080901,1.712358996272087,2
0.4788605630397795,1.712358996272087,0.5146285545080901,1.7467462301254273,2
0.5146285545080901,1.6779717624187471,0.5503965459764003,1.712358996272087,2
0.5146285545080901,1.712358996272087,0.5503965459764003,1.7467462301254273,2
0.5503965459764003,1.6091972947120667,0.5861645374447109,1.6435845285654072,2
0.5503965459764003,1.6435845285654072,0.5861645374447109,1.6779717624187471,2
0.5861645374447106,1.6091972947120667,0.6219325289130211,1.6435845285654072,2
0.5861645374447106,1.6435845285654072,0.6219325289130211,1.6779717624187471,2
0.5503965459764003,1.6779717624187471,0.5861645374447109,1.712358996272087,2
0.5503965459764003,1.712358996272087,0.5861645374447109,1.7467462301254273,2
0.5861645374447106,1.6779717624187471,0.6219325289130211,1.712358996272087,2
0.5861645374447106,1.712358996272087,0.6219325289130211,1.7467462301254273,2
0.6219325289130211,1.4716483592987064,0.6577005203813312,1.5060355931520464,2
0.6219325289130211,1.5060355931520464,0.6577005203813312,1.5404228270053864,2
0.6577005203813314,1.4716483592987064,0.6934685118496419,1.5060355931520464,2
0.6577005203813314,1.5060355931520464,0.6934685118496419,1.5404228270053864,2
0.6219325289130211,1.5404228270053864,0.6577005203813312,1.5748100608587265,2
0.6219325289130211,1.5748100608587268,0.6577005203813312,1.609197294712067,2
0.6577005203813314,1.5404228270053864,0.6934685118496419,1.5748100608587265,2
0.6577005203813314,1.5748100608587268,0.6934685118496419,1.609197294712067,2
0.6934685118496419,1.4716483592987064,0.7292365033179521,1.5060355931520464,2
0.6934685118496419,1.5060355931520464,0.7292365033179521,1.5404228270053864,2
0.7292365033179521,1.4716483592987064,0.7650044947862626,1.5060355931520464,2
0.7292365033179521,1.5060355931520464,0.7650044947862626,1.5404228270053864,2
0.6934685118496419,1.5404228270053864,0.7292365033179521,1.5748100608587265,2
0.6934685118496419,1.5748100608587268,0.7292365033179521,1.609197294712067,2
0.7292365033179521,1.5404228270053864,0.7650044947862626,1.5748100608587265,2
0.7292365033179521,1.5748100608587268,0.7650044947862626,1.609197294712067,2
0.6219325289130211,1.6091972947120667,0.6577005203813312,1.6435845285654072,2
0.6219325289130211,1.6435845285654072,0.6577005203813312,1.6779717624187471,2
0.6577005203813314,1.6091972947120667,0.6934685118496419,1.6435845285654072,2
0.6577005203813314,1.6435845285654072,0.6934685118496419,1.6779717624187471,2
0.6219325289130211,1.6779717624187471,0.6577005203813312,1.712358996272087,2
0.6219325289130211,1.712358996272087,0.6577005203813312,1.7467462301254273,2
0.6577005203813314,1.6779717624187471,0.6934685118496419,1.712358996272087,2
0.6577005203813314,1.712358996272087,0.6934685118496419,1.7467462301254273,2
0.6934685118496419,1.6091972947120667,0.7292365033179521,1.6435845285654072,2
0.6934685118496419,1.6435845285654072,0.7292365033179521,1.6779717624187471,2
0.7292365033179521,1.6091972947120667,0.7650044947862626,1.6435845285654072,2
0.7292365033179521,1.6435845285654072,0.7650044947862626,1.6779717624187471,2
0.6934685118496419,1.6779717624187471,0.7292365033179521,1.712358996272087,2
0.6934685118496419,1.712358996272087,0.7292365033179521,1.7467462301254273,2
0.7292365033179521,1.6779717624187471,0.7650044947862626,1.712358996272087,2
0.7292365033179521,1.712358996272087,0.7650044947862626,1.7467462301254273,2
0.4788605630397795,1.7467462301254275,0.5146285545080901,1.7811334639787677,2
0.4788605630397795,1.7811334639787675,0.5146285545080901,1.815520697832108,2
0.5146285545080901,1.7467462301254275,0.5503965459764003,1.7811334639787677,2
0.5146285545080901,1.7811334639787675,0.5503965459764003,1.815520697832108,2
0.4788605630397795,1.815520697832108,0.5146285545080901,1.8499079316854479,2
0.4788605630397795,1.8499079316854479,0.5146285545080901,1.8842951655387878,2
0.5146285545080901,1.815520697832108,0.5503965459764003,1.8499079316854479,2
0.5146285545080901,1.8499079316854479,0.5503965459764003,1.8842951655387878,2
0.5503965459764003,1.7467462301254275,0.5861645374447109,1.7811334639787677,2
0.5503965459764003,1.7811334639787675,0.5861645374447109,1.815520697832108,2
0.5861645374447106,1.7467462301254275,0.6219325289130211,1.7811334639787677,2
0.5861645374447106,1.7811334639787675,0.6219325289130211,1.815520697832108,2
0.5503965459764003,1.815520697832108,0.5861645374447109,1.8499079316854479,2
0.5503965459764003,1.8499079316854479,0.5861645374447109,1.8842951655387878,2
0.5861645374447106,1.815520697832108,0.6219325289130211,1.8499079316854479,2
0.5861645374447106,1.8499079316854479,0.6219325289130211,1.8842951655387878,2
0.4788605630397795,1.8842951655387878,0.5146285545080901,1.918682399392128,2
0.4788605630397795,1.9186823993921283,0.5146285545080901,1.9530696332454685,2
0.5146285545080901,1.8842951655387878,0.5503965459764003,1.918682399392128,2
0.5146285545080901,1.9186823993921283,0.5503965459764003,1.9530696332454685,2
0.4788605630397795,1.9530696332454682,0.5146285545080901,1.9874568670988086,2
0.4788605630397795,1.9874568670988086,0.5146285545080901,2.0218441009521486,2
0.5146285545080901,1.9530696332454682,0.5503965459764003,1.9874568670988086,2
0.5146285545080901,1.9874568670988086,0.5503965459764003,2.0218441009521486,2
0.5503965459764003,1.8842951655387878,0.5861645374447109,1.918682399392128,2
0.5503965459764003,1.9186823993921283,0.5861645374447109,1.9530696332454685,2
0.5861645374447106,1.8842951655387878,0.6219325289130211,1.918682399392128,2
0.5861645374447106,1.9186823993921283,0.6219325289130211,1.9530696332454685,2
0.5503965459764003,1.9530696332454682,0.5861645374447109,1.9874568670988086,2
0.5503965459764003,1.9874568670988086,0.5861645374447109,2.0218441009521486,2
0.5861645374447106,1.9530696332454682,0.6219325289130211,1.9874568670988086,2
0.5861645374447106,1.9874568670988086,0.6219325289130211,2.0218441009521486,2
0.6219325289130211,1.7467462301254275,0.6577005203813312,1.7811334639787677,2
0.6219325289130211,1.7811334639787675,0.6577005203813312,1.815520697832108,2
0.6577005203813314,1.7467462301254275,0.6934685118496419,1.7811334639787677,2
0.6577005203813314,1.7811334639787675,0.6934685118496419,1.815520697832108,2
0.6219325289130211,1.815520697832108,0.6577005203813312,1.8499079316854479,2
0.6219325289130211,1.8499079316854479,0.6577005203813312,1.8842951655387878,2
0.6577005203813314,1.815520697832108,0.6934685118496419,1.8499079316854479,2
0.6577005203813314,1.8499079316854479,0.6934685118496419,1.8842951655387878,2
0.6934685118496419,1.7467462301254275,0.7292365033179521,1.7811334639787677,2
0.6934685118496419,1.7811334639787675,0.7292365033179521,1.815520697832108,2
0.7292365033179521,1.7467462301254275,0.7650044947862626,1.7811334639787677,2
0.7292365033179521,1.7811334639787675,0.7650044947862626,1.815520697832108,2
0.6934685118496419,1.815520697832108,0.7292365033179521,1.8499079316854479,2
0.6934685118496419,1.8499079316854479,0.7292365033179521,1.8842951655387878,2
0.7292365033179521,1.815520697832108,0.7650044947862626,1.8499079316854479,2
0.7292365033179521,1.8499079316854479,0.7650044947862626,1.8842951655387878,2
0.6219325289130211,1.8842951655387878,0.6577005203813312,1.918682399392128,2
0.6219325289130211,1.9186823993921283,0.6577005203813312,1.9530696332454685,2
0.6577005203813314,1.8842951655387878,0.6934685118496419,1.918682399392128,2
0.6577005203813314,1.9186823993921283,0.6934685118496419,1.9530696332454685,2
0.6219325289130211,1.9530696332454682,0.6577005203813312,1.9874568670988086,2
0.6219325289130211,1.9874568670988086,0.6577005203813312,2.0218441009521486,2
0.6577005203813314,1.9530696332454682,0.6934685118496419,1.9874568670988086,2
0.6577005203813314,1.9874568670988086,0.6934685118496419,2.0218441009521486,2
0.6934685118496419,1.8842951655387878,0.7292365033179521,1.918682399392128,2
0.6934685118496419,1.9186823993921283,0.7292365033179521,1.9530696332454685,2
0.7292365033179521,1.8842951655387878,0.7650044947862626,1.918682399392128,2
0.7292365033179521,1.9186823993921283,0.7650044947862626,1.9530696332454685,2
0.6934685118496419,1.9530696332454682,0.7292365033179521,1.9874568670988086,2
0.6934685118496419,1.9874568670988086,0.7292365033179521,2.0218441009521486,2
0.7292365033179521,1.9530696332454682,0.7650044947862626,1.9874568670988086,2
0.7292365033179521,1.9874568670988086,0.7650044947862626,2.0218441009521486,2
0.7650044947862624,1.4716483592987064,0.8007724862545729,1.5060355931520464,2
0.7650044947862624,1.5060355931520464,0.8007724862545729,1.5404228270053864,2
0.8007724862545729,1.5060355931520464,0.836540477722883,1.5404228270053864,2
0.7650044947862624,1.5404228270053864,0.8007724862545729,1.5748100608587265,2
0.7650044947862624,1.5748100608587268,0.8007724862545729,1.609197294712067,2
0.8007724862545729,1.5404228270053864,0.836540477722883,1.5748100608587265,2
0.8007724862545729,1.5748100608587268,0.836540477722883,1.609197294712067,2
0.8365404777228832,1.5748100608587268,0.8723084691911936,1.609197294712067,2
0.7650044947862624,1.6091972947120667,0.8007724862545729,1.6435845285654072,2
0.7650044947862624,1.6435845285654072,0.8007724862545729,1.6779717624187471,2
0.8007724862545729,1.6091972947120667,0.836540477722883,1.6435845285654072,2
0.8007724862545729,1.6435845285654072,0.836540477722883,1.6779717624187471,2
0.7650044947862624,1.6779717624187471,0.8007724862545729,1.712358996272087,2
0.7650044947862624,1.712358996272087,0.8007724862545729,1.7467462301254273,2
0.8007724862545729,1.6779717624187471,0.836540477722883,1.712358996272087,2
0.8007724862545729,1.712358996272087,0.836540477722883,1.7467462301254273,2
0.8365404777228832,1.6091972947120667,0.8723084691911936,1.6435845285654072,2
0.8365404777228832,1.6435845285654072,0.8723084691911936,1.6779717624187471,2
0.8723084691911936,1.6435845285654072,0.9080764606595039,1.6779717624187471,2
0.8365404777228832,1.6779717624187471,0.8723084691911936,1.712358996272087,2
0.8365404777228832,1.712358996272087,0.8723084691911936,1.7467462301254273,2
0.8723084691911936,1.6779717624187471,0.9080764606595039,1.712358996272087,2
0.8723084691911936,1.712358996272087,0.9080764606595039,1.7467462301254273,2
0.9080764606595039,1.6779717624187471,0.9438444521278144,1.712358996272087,2
0.9080764606595039,1.712358996272087,0.9438444521278144,1.7467462301254273,2
0.9438444521278142,1.712358996272087,0.9796124435961246,1.7467462301254273,2
0.7650044947862624,1.7467462301254275,0.8007724862545729,1.7811334639787677,2
0.7650044947862624,1.7811334639787675,0.8007724862545729,1.815520697832108,2
0.8007724862545729,1.7467462301254275,0.836540477722883,1.7811334639787677,2
0.8007724862545729,1.7811334639787675,0.836540477722883,1.815520697832108,2
0.7650044947862624,1.815520697832108,0.8007724862545729,1.8499079316854479,2
0.7650044947862624,1.8499079316854479,0.8007724862545729,1.8842951655387878,2
0.8007724862545729,1.815520697832108,0.836540477722883,1.8499079316854479,2
0.8007724862545729,1.8499079316854479,0.836540477722883,1.8842951655387878,2
0.8365404777228832,1.7467462301254275,0.8723084691911936,1.7811334639787677,2
0.8365404777228832,1.7811334639787675,0.8723084691911936,1.815520697832108,2
0.8723084691911936,1.7467462301254275,0.9080764606595039,1.7811334639787677,2
0.8723084691911936,1.7811334639787675,0.9080764606595039,1.815520697832108,2
0.8365404777228832,1.815520697832108,0.8723084691911936,1.8499079316854479,2
0.8365404777228832,1.8499079316854479,0.8723084691911936,1.8842951655387878,2
0.8723084691911936,1.815520697832108,0.9080764606595039,1.8499079316854479,2
0.8723084691911936,1.8499079316854479,0.9080764606595039,1.8842951655387878,2
0.7650044947862624,1.8842951655387878,0.8007724862545729,1.918682399392128,2
0.7650044947862624,1.9186823993921283,0.8007724862545729,1.9530696332454685,2
0.8007724862545729,1.8842951655387878,0.836540477722883,1.918682399392128,2
0.8007724862545729,1.9186823993921283,0.836540477722883,1.9530696332454685,2
0.7650044947862624,1.9530696332454682,0.8007724862545729,1.9874568670988086,2
0.7650044947862624,1.9874568670988086,0.8007724862545729,2.0218441009521486,2
0.8007724862545729,1.9530696332454682,0.836540477722883,1.9874568670988086,2
0.8007724862545729,1.9874568670988086,0.836540477722883,2.0218441009521486,2
0.8365404777228832,1.8842951655387878,0.8723084691911936,1.918682399392128,2
0.8365404777228832,1.9186823993921283,0.8723084691911936,1.9530696332454685,2
0.8723084691911936,1.8842951655387878,0.9080764606595039,1.918682399392128,2
0.8723084691911936,1.9186823993921283,0.9080764606595039,1.9530696332454685,2
0.8365404777228832,1.9530696332454682,0.8723084691911936,1.9874568670988086,2
0.8365404777228832,1.9874568670988086,0.8723084691911936,2.0218441009521486,2
0.8723084691911936,1.9530696332454682,0.9080764606595039,1.9874568670988086,2
0.8723084691911936,1.9874568670988086,0.9080764606595039,2.0218441009521486,2
0.9080764606595039,1.7467462301254275,0.9438444521278144,1.7811334639787677,2
0.9080764606595039,1.7811334639787675,0.9438444521278144,1.815520697832108,2
0.9438444521278142,1.7467462301254275,0.9796124435961246,1.7811334639787677,2
0.9438444521278142,1.7811334639787675,0.9796124435961246,1.815520697832108,2
0.9080764606595039,1.815520697832108,0.9438444521278144,1.8499079316854479,2
0.9080764606595039,1.8499079316854479,0.9438444521278144,1.8842951655387878,2
0.9438444521278142,1.815520697832108,0.9796124435961246,1.8499079316854479,2
0.9438444521278142,1.8499079316854479,0.9796124435961246,1.8842951655387878,2
0.9796124435961246,1.815520697832108,1.0153804350644349,1.8499079316854479,2
0.9796124435961246,1.8499079316854479,1.0153804350644349,1.8842951655387878,2
1.015380435064435,1.8499079316854479,1.0511484265327455,1.8842951655387878,2
0.9080764606595039,1.8842951655387878,0.9438444521278144,1.918682399392128,2
0.9080764606595039,1.9186823993921283,0.9438444521278144,1.9530696332454685,2
0.9438444521278142,1.8842951655387878,0.9796124435961246,1.918682399392128,2
0.9438444521278142,1.9186823993921283,0.9796124435961246,1.9530696332454685,2
0.9080764606595039,1.9530696332454682,0.9438444521278144,1.9874568670988086,2
0.9080764606595039,1.9874568670988086,0.9438444521278144,2.0218441009521486,2
0.9438444521278142,1.9530696332454682,0.9796124435961246,1.9874568670988086,2
0.9438444521278142,1.9874568670988086,0.9796124435961246,2.0218441009521486,2
0.9796124435961246,1.8842951655387878,1.0153804350644349,1.918682399392128,2
0.9796124435961246,1.9186823993921283,1.0153804350644349,1.9530696332454685,2
1.015380435064435,1.8842951655387878,1.0511484265327455,1.918682399392128,2
1.015380435064435,1.9186823993921283,1.0511484265327455,1.9530696332454685,2
0.9796124435961246,1.9530696332454682,1.0153804350644349,1.9874568670988086,2
0.9796124435961246,1.9874568670988086,1.0153804350644349,2.0218441009521486,2
1.015380435064435,1.9530696332454682,1.0511484265327455,1.9874568670988086,2
1.015380435064435,1.9874568670988086,1.0511484265327455,2.0218441009521486,2
1.0511484265327455,1.9186823993921283,1.0869164180010555,1.9530696332454685,2
1.0511484265327455,1.9530696332454682,1.0869164180010555,1.9874568670988086,2
1.0511484265327455,1.9874568670988086,1.0869164180010555,2.0218441009521486,2
1.0869164180010555,1.9530696332454682,1.1226844094693662,1.9874568670988086,2
1.0869164180010555,1.9874568670988086,1.1226844094693662,2.0218441009521486,2
-0.09342730045318604,2.0218441009521486,-0.057659308984875854,2.0562313348054886,2
-0.09342730045318604,2.0562313348054886,-0.057659308984875854,2.0906185686588286,2
-0.057659308984875854,2.0218441009521486,-0.021891317516565235,2.0562313348054886,2
-0.057659308984875854,2.0562313348054886,-0.021891317516565235,2.0906185686588286,2
-0.09342730045318604,2.090618568658829,-0.057659308984875854,2.1250058025121694,2
-0.09342730045318604,2.125005802512169,-0.057659308984875854,2.1593930363655094,2
-0.057659308984875854,2.090618568658829,-0.021891317516565235,2.1250058025121694,2
-0.057659308984875854,2.125005802512169,-0.021891317516565235,2.1593930363655094,2
-0.021891317516565235,2.0218441009521486,0.013876673951744942,2.0562313348054886,2
-0.021891317516565235,2.0562313348054886,0.013876673951744942,2.0906185686588286,2
0.013876673951744942,2.0218441009521486,0.049644665420055564,2.0562313348054886,2
0.013876673951744942,2.0562313348054886,0.049644665420055564,2.0906185686588286,2
-0.021891317516565235,2.090618568658829,0.013876673951744942,2.1250058025121694,2
-0.021891317516565235,2.125005802512169,0.013876673951744942,2.1593930363655094,2
0.013876673951744942,2.090618568658829,0.049644665420055564,2.1250058025121694,2
0.013876673951744942,2.125005802512169,0.049644665420055564,2.1593930363655094,2
-0.09342730045318604,2.1593930363655094,-0.057659308984875854,2.1937802702188494,2
-0.09342730045318604,2.1937802702188494,-0.057659308984875854,2.2281675040721893,2
-0.057659308984875854,2.1593930363655094,-0.021891317516565235,2.1937802702188494,2
-0.057659308984875854,2.1937802702188494,-0.021891317516565235,2.2281675040721893,2
-0.09342730045318604,2.2281675040721893,-0.057659308984875854,2.2625547379255293,2
-0.057659308984875854,2.2281675040721893,-0.021891317516565235,2.2625547379255293,2
-0.021891317516565235,2.1593930363655094,0.013876673951744942,2.1937802702188494,2
-0.021891317516565235,2.1937802702188494,0.013876673951744942,2.2281675040721893,2
0.013876673951744942,2.1593930363655094,0.049644665420055564,2.1937802702188494,2
0.013876673951744942,2.1937802702188494,0.049644665420055564,2.2281675040721893,2
-0.021891317516565235,2.2281675040721893,0.013876673951744942,2.2625547379255293,2
-0.021891317516565235,2.2625547379255297,0.013876673951744942,2.29694197177887,2
0.013876673951744942,2.2281675040721893,0.049644665420055564,2.2625547379255293,2
0.013876673951744942,2.2625547379255297,0.049644665420055564,2.29694197177887,2
0.049644665420055564,2.0218441009521486,0.08541265688836575,2.0562313348054886,2
0.049644665420055564,2.0562313348054886,0.08541265688836575,2.0906185686588286,2
0.08541265688836575,2.0218441009521486,0.12118064835667591,2.0562313348054886,2
0.08541265688836575,2.0562313348054886,0.12118064835667591,2.0906185686588286,2
0.049644665420055564,2.090618568658829,0.08541265688836575,2.1250058025121694,2
0.049644665420055564,2.125005802512169,0.08541265688836575,2.1593930363655094,2
0.08541265688836575,2.090618568658829,0.12118064835667591,2.1250058025121694,2
0.08541265688836575,2.125005802512169,0.12118064835667591,2.1593930363655094,2
0.12118064835667591,2.0218441009521486,0.15694863982498655,2.0562313348054886,2
0.12118064835667591,2.0562313348054886,0.15694863982498655,2.0906185686588286,2
0.15694863982498655,2.0218441009521486,0.19271663129329672,2.0562313348054886,2
0.15694863982498655,2.0562313348054886,0.19271663129329672,2.0906185686588286,2
0.12118064835667591,2.090618568658829,0.15694863982498655,2.1250058025121694,2
0.12118064835667591,2.125005802512169,0.15694863982498655,2.1593930363655094,2
0.15694863982498655,2.090618568658829,0.19271663129329672,2.1250058025121694,2
0.15694863982498655,2.125005802512169,0.19271663129329672,2.1593930363655094,2
0.049644665420055564,2.1593930363655094,0.08541265688836575,2.1937802702188494,2
0.049644665420055564,2.1937802702188494,0.08541265688836575,2.2281675040721893,2
0.08541265688836575,2.1593930363655094,0.12118064835667591,2.1937802702188494,2
0.08541265688836575,2.1937802702188494,0.12118064835667591,2.2281675040721893,2
0.049644665420055564,2.2281675040721893,0.08541265688836575,2.2625547379255293,2
0.049644665420055564,2.2625547379255297,0.08541265688836575,2.29694197177887,2
0.08541265688836575,2.2281675040721893,0.12118064835667591,2.2625547379255293,2
0.08541265688836575,2.2625547379255297,0.12118064835667591,2.29694197177887,2
0.12118064835667591,2.1593930363655094,0.15694863982498655,2.1937802702188494,2
0.12118064835667591,2.1937802702188494,0.15694863982498655,2.2281675040721893,2
0.15694863982498655,2.1593930363655094,0.19271663129329672,2.1937802702188494,2
0.15694863982498655,2.1937802702188494,0.19271663129329672,2.2281675040721893,2
0.12118064835667591,2.2281675040721893,0.15694863982498655,2.2625547379255293,2
0.12118064835667591,2.2625547379255297,0.15694863982498655,2.29694197177887,2
0.15694863982498655,2.2281675040721893,0.19271663129329672,2.2625547379255293,2
0.15694863982498655,2.2625547379255297,0.19271663129329672,2.29694197177887,2
0.049644665420055564,2.2969419717788697,0.08541265688836575,2.33132920563221,2
0.08541265688836575,2.2969419717788697,0.12118064835667591,2.33132920563221,2
0.12118064835667591,2.2969419717788697,0.15694863982498655,2.33132920563221,2
0.12118064835667591,2.33132920563221,0.15694863982498655,2.36571643948555,2
0.15694863982498655,2.2969419717788697,0.19271663129329672,2.33132920563221,2
0.15694863982498655,2.33132920563221,0.19271663129329672,2.36571643948555,2
0.19271663129329672,2.0218441009521486,0.22848462276160733,2.0562313348054886,2
0.19271663129329672,2.0562313348054886,0.22848462276160733,2.0906185686588286,2
0.22848462276160733,2.0218441009521486,0.2642526142299175,2.0562313348054886,2
0.22848462276160733,2.0562313348054886,0.2642526142299175,2.0906185686588286,2
0.19271663129329672,2.090618568658829,0.22848462276160733,2.1250058025121694,2
0.19271663129329672,2.125005802512169,0.22848462276160733,2.1593930363655094,2
0.22848462276160733,2.090618568658829,0.2642526142299175,2.1250058025121694,2
0.22848462276160733,2.125005802512169,0.2642526142299175,2.1593930363655094,2
0.2642526142299175,2.0218441009521486,0.3000206056982277,2.0562313348054886,2
0.2642526142299175,2.0562313348054886,0.3000206056982277,2.0906185686588286,2
0.3000206056982277,2.0218441009521486,0.3357885971665383,2.0562313348054886,2
0.3000206056982277,2.0562313348054886,0.3357885971665383,2.0906185686588286,2
0.2642526142299175,2.090618568658829,0.3000206056982277,2.1250058025121694,2
0.2642526142299175,2.125005802512169,0.3000206056982277,2.1593930363655094,2
0.3000206056982277,2.090618568658829,0.3357885971665383,2.1250058025121694,2
0.3000206056982277,2.125005802512169,0.3357885971665383,2.1593930363655094,2
0.19271663129329672,2.1593930363655094,0.22848462276160733,2.1937802702188494,2
0.19271663129329672,2.1937802702188494,0.22848462276160733,2.2281675040721893,2
0.22848462276160733,2.1593930363655094,0.2642526142299175,2.1937802702188494,2
0.22848462276160733,2.1937802702188494,0.2642526142299175,2.2281675040721893,2
0.19271663129329672,2.2281675040721893,0.22848462276160733,2.2625547379255293,2
0.19271663129329672,2.2625547379255297,0.22848462276160733,2.29694197177887,2
0.22848462276160733,2.2281675040721893,0.2642526142299175,2.2625547379255293,2
0.22848462276160733,2.2625547379255297,0.2642526142299175,2.29694197177887,2
0.2642526142299175,2.1593930363655094,0.3000206056982277,2.1937802702188494,2
0.2642526142299175,2.1937802702188494,0.3000206056982277,2.2281675040721893,2
0.3000206056982277,2.1593930363655094,0.3357885971665383,2.1937802702188494,2
0.3000206056982277,2.1937802702188494,0.3357885971665383,2.2281675040721893,2
0.2642526142299175,2.2281675040721893,0.3000206056982277,2.2625547379255293,2
0.2642526142299175,2.2625547379255297,0.3000206056982277,2.29694197177887,2
0.3000206056982277,2.2281675040721893,0.3357885971665383,2.2625547379255293,2
0.3000206056982277,2.2625547379255297,0.3357885971665383,2.29694197177887,2
0.3357885971665383,2.0218441009521486,0.3715565886348485,2.0562313348054886,2
0.3357885971665383,2.0562313348054886,0.3715565886348485,2.0906185686588286,2
0.3715565886348485,2.0218441009521486,0.40732458010315914,2.0562313348054886,2
0.3715565886348485,2.0562313348054886,0.40732458010315914,2.0906185686588286,2
0.3357885971665383,2.090618568658829,0.3715565886348485,2.1250058025121694,2
0.3357885971665383,2.125005802512169,0.3715565886348485,2.1593930363655094,2
0.3715565886348485,2.090618568658829,0.40732458010315914,2.1250058025121694,2
0.3715565886348485,2.125005802512169,0.40732458010315914,2.1593930363655094,2
0.40732458010315914,2.0218441009521486,0.4430925715714693,2.0562313348054886,2
0.40732458010315914,2.0562313348054886,0.4430925715714693,2.0906185686588286,2
0.4430925715714693,2.0218441009521486,0.4788605630397795,2.0562313348054886,2
0.4430925715714693,2.0562313348054886,0.4788605630397795,2.0906185686588286,2
0.40732458010315914,2.090618568658829,0.4430925715714693,2.1250058025121694,2
0.40732458010315914,2.125005802512169,0.4430925715714693,2.1593930363655094,2
0.4430925715714693,2.090618568658829,0.4788605630397795,2.1250058025121694,2
0.4430925715714693,2.125005802512169,0.4788605630397795,2.1593930363655094,2
0.3357885971665383,2.1593930363655094,0.3715565886348485,2.1937802702188494,2
0.3357885971665383,2.1937802702188494,0.3715565886348485,2.2281675040721893,2
0.3715565886348485,2.1593930363655094,0.40732458010315914,2.1937802702188494,2
0.3715565886348485,2.1937802702188494,0.40732458010315914,2.2281675040721893,2
0.3357885971665383,2.2281675040721893,0.3715565886348485,2.2625547379255293,2
0.3357885971665383,2.2625547379255297,0.3715565886348485,2.29694197177887,2
0.3715565886348485,2.2281675040721893,0.40732458010315914,2.2625547379255293,2
0.3715565886348485,2.2625547379255297,0.40732458010315914,2.29694197177887,2
0.40732458010315914,2.1593930363655094,0.4430925715714693,2.1937802702188494,2
0.40732458010315914,2.1937802702188494,0.4430925715714693,2.2281675040721893,2
0.4430925715714693,2.1593930363655094,0.4788605630397795,2.1937802702188494,2
0.4430925715714693,2.1937802702188494,0.4788605630397795,2.2281675040721893,2
0.40732458010315914,2.2281675040721893,0.4430925715714693,2.2625547379255293,2
0.40732458010315914,2.2625547379255297,0.4430925715714693,2.29694197177887,2
0.4430925715714693,2.2281675040721893,0.4788605630397795,2.2625547379255293,2
0.4430925715714693,2.2625547379255297,0.4788605630397795,2.29694197177887,2
0.19271663129329672,2.2969419717788697,0.22848462276160733,2.33132920563221,2
0.19271663129329672,2.33132920563221,0.22848462276160733,2.36571643948555,2
0.22848462276160733,2.2969419717788697,0.2642526142299175,2.33132920563221,2
0.22848462276160733,2.33132920563221,0.2642526142299175,2.36571643948555,2
0.19271663129329672,2.36571643948555,0.22848462276160733,2.40010367333889,2
0.22848462276160733,2.36571643948555,0.2642526142299175,2.40010367333889,2
0.2642526142299175,2.2969419717788697,0.3000206056982277,2.33132920563221,2
0.2642526142299175,2.33132920563221,0.3000206056982277,2.36571643948555,2
0.3000206056982277,2.2969419717788697,0.3357885971665383,2.33132920563221,2
0.3000206056982277,2.33132920563221,0.3357885971665383,2.36571643948555,2
0.2642526142299175,2.36571643948555,0.3000206056982277,2.40010367333889,2
0.2642526142299175,2.40010367333889,0.3000206056982277,2.43449090719223,2
0.3000206056982277,2.36571643948555,0.3357885971665383,2.40010367333889,2
0.3000206056982277,2.40010367333889,0.3357885971665383,2.43449090719223,2
0.3357885971665383,2.2969419717788697,0.3715565886348485,2.33132920563221,2
0.3357885971665383,2.33132920563221,0.3715565886348485,2.36571643948555,2
0.3715565886348485,2.2969419717788697,0.40732458010315914,2.33132920563221,2
0.3715565886348485,2.33132920563221,0.40732458010315914,2.36571643948555,2
0.3357885971665383,2.36571643948555,0.3715565886348485,2.40010367333889,2
0.3357885971665383,2.40010367333889,0.3715565886348485,2.43449090719223,2
0.3715565886348485,2.36571643948555,0.40732458010315914,2.40010367333889,2
0.3715565886348485,2.40010367333889,0.40732458010315914,2.43449090719223,2
0.40732458010315914,2.2969419717788697,0.4430925715714693,2.33132920563221,2
0.40732458010315914,2.33132920563221,0.4430925715714693,2.36571643948555,2
0.4430925715714693,2.2969419717788697,0.4788605630397795,2.33132920563221,2
0.4430925715714693,2.33132920563221,0.4788605630397795,2.36571643948555,2
0.40732458010315914,2.36571643948555,0.4430925715714693,2.40010367333889,2
0.40732458010315914,2.40010367333889,0.4430925715714693,2.43449090719223,2
0.4430925715714693,2.36571643948555,0.4788605630397795,2.40010367333889,2
0.4430925715714693,2.40010367333889,0.4788605630397795,2.43449090719223,2
0.3715565886348485,2.4344909071922305,0.40732458010315914,2.468878141045571,2
0.40732458010315914,2.4344909071922305,0.4430925715714693,2.468878141045571,2
0.4430925715714693,2.4344909071922305,0.4788605630397795,2.468878141045571,2
0.4788605630397795,2.0218441009521486,0.5146285545080901,2.0562313348054886,2
0.4788605630397795,2.0562313348054886,0.5146285545080901,2.0906185686588286,2
0.5146285545080901,2.0218441009521486,0.5503965459764003,2.0562313348054886,2
0.5146285545080901,2.0562313348054886,0.5503965459764003,2.0906185686588286,2
0.4788605630397795,2.090618568658829,0.5146285545080901,2.1250058025121694,2
0.4788605630397795,2.125005802512169,0.5146285545080901,2.1593930363655094,2
0.5146285545080901,2.090618568658829,0.5503965459764003,2.1250058025121694,2
0.5146285545080901,2.125005802512169,0.5503965459764003,2.1593930363655094,2
0.5503965459764003,2.0218441009521486,0.5861645374447109,2.0562313348054886,2
0.5503965459764003,2.0562313348054886,0.5861645374447109,2.0906185686588286,2
0.5861645374447106,2.0218441009521486,0.6219325289130211,2.0562313348054886,2
0.5861645374447106,2.0562313348054886,0.6219325289130211,2.0906185686588286,2
0.5503965459764003,2.090618568658829,0.5861645374447109,2.1250058025121694,2
0.5503965459764003,2.125005802512169,0.5861645374447109,2.1593930363655094,2
0.5861645374447106,2.090618568658829,0.6219325289130211,2.1250058025121694,2
0.5861645374447106,2.125005802512169,0.6219325289130211,2.1593930363655094,2
0.4788605630397795,2.1593930363655094,0.5146285545080901,2.1937802702188494,2
0.4788605630397795,2.1937802702188494,0.5146285545080901,2.2281675040721893,2
0.5146285545080901,2.1593930363655094,0.5503965459764003,2.1937802702188494,2
0.5146285545080901,2.1937802702188494,0.5503965459764003,2.2281675040721893,2
0.4788605630397795,2.2281675040721893,0.5146285545080901,2.2625547379255293,2
0.4788605630397795,2.2625547379255297,0.5146285545080901,2.29694197177887,2
0.5146285545080901,2.2281675040721893,0.5503965459764003,2.2625547379255293,2
0.5146285545080901,2.2625547379255297,0.5503965459764003,2.29694197177887,2
0.5503965459764003,2.1593930363655094,0.5861645374447109,2.1937802702188494,2
0.5503965459764003,2.1937802702188494,0.5861645374447109,2.2281675040721893,2
0.5861645374447106,2.1593930363655094,0.6219325289130211,2.1937802702188494,2
0.5861645374447106,2.1937802702188494,0.6219325289130211,2.2281675040721893,2
0.5503965459764003,2.2281675040721893,0.5861645374447109,2.2625547379255293,2
0.5503965459764003,2.2625547379255297,0.5861645374447109,2.29694197177887,2
0.5861645374447106,2.2281675040721893,0.6219325289130211,2.2625547379255293,2
0.5861645374447106,2.2625547379255297,0.6219325289130211,2.29694197177887,2
0.6219325289130211,2.0218441009521486,0.6577005203813312,2.0562313348054886,2
0.6219325289130211,2.0562313348054886,0.6577005203813312,2.0906185686588286,2
0.6577005203813314,2.0218441009521486,0.6934685118496419,2.0562313348054886,2
0.6577005203813314,2.0562313348054886,0.6934685118496419,2.0906185686588286,2
0.6219325289130211,2.090618568658829,0.6577005203813312,2.1250058025121694,2
0.6219325289130211,2.125005802512169,0.6577005203813312,2.1593930363655094,2
0.6577005203813314,2.090618568658829,0.6934685118496419,2.1250058025121694,2
0.6577005203813314,2.125005802512169,0.6934685118496419,2.1593930363655094,2
0.6934685118496419,2.0218441009521486,0.7292365033179521,2.0562313348054886,2
0.6934685118496419,2.0562313348054886,0.7292365033179521,2.0906185686588286,2
0.7292365033179521,2.0218441009521486,0.7650044947862626,2.0562313348054886,2
0.7292365033179521,2.0562313348054886,0.7650044947862626,2.0906185686588286,2
0.6934685118496419,2.090618568658829,0.7292365033179521,2.1250058025121694,2
0.6934685118496419,2.125005802512169,0.7292365033179521,2.1593930363655094,2
0.7292365033179521,2.090618568658829,0.7650044947862626,2.1250058025121694,2
0.7292365033179521,2.125005802512169,0.7650044947862626,2.1593930363655094,2
0.6219325289130211,2.1593930363655094,0.6577005203813312,2.1937802702188494,2
0.6219325289130211,2.1937802702188494,0.6577005203813312,2.2281675040721893,2
0.6577005203813314,2.1593930363655094,0.6934685118496419,2.1937802702188494,2
0.6577005203813314,2.1937802702188494,0.6934685118496419,2.2281675040721893,2
0.6219325289130211,2.2281675040721893,0.6577005203813312,2.2625547379255293,2
0.6219325289130211,2.2625547379255297,0.6577005203813312,2.29694197177887,2
0.6577005203813314,2.2281675040721893,0.6934685118496419,2.2625547379255293,2
0.6577005203813314,2.2625547379255297,0.6934685118496419,2.29694197177887,2
0.6934685118496419,2.1593930363655094,0.7292365033179521,2.1937802702188494,2
0.6934685118496419,2.1937802702188494,0.7292365033179521,2.2281675040721893,2
0.7292365033179521,2.1593930363655094,0.7650044947862626,2.1937802702188494,2
0.7292365033179521,2.1937802702188494,0.7650044947862626,2.2281675040721893,2
0.6934685118496419,2.2281675040721893,0.7292365033179521,2.2625547379255293,2
0.6934685118496419,2.2625547379255297,0.7292365033179521,2.29694197177887,2
0.7292365033179521,2.2281675040721893,0.7650044947862626,2.2625547379255293,2
0.7292365033179521,2.2625547379255297,0.7650044947862626,2.29694197177887,2
0.4788605630397795,2.2969419717788697,0.5146285545080901,2.33132920563221,2
0.4788605630397795,2.33132920563221,0.5146285545080901,2.36571643948555,2
0.5146285545080901,2.2969419717788697,0.5503965459764003,2.33132920563221,2
0.5146285545080901,2.33132920563221,0.5503965459764003,2.36571643948555,2
0.4788605630397795,2.36571643948555,0.5146285545080901,2.40010367333889,2
0.4788605630397795,2.40010367333889,0.5146285545080901,2.43449090719223,2
0.5146285545080901,2.36571643948555,0.5503965459764003,2.40010367333889,2
0.5146285545080901,2.40010367333889,0.5503965459764003,2.43449090719223,2
0.5503965459764003,2.2969419717788697,0.5861645374447109,2.33132920563221,2
0.5503965459764003,2.33132920563221,0.5861645374447109,2.36571643948555,2
0.5861645374447106,2.2969419717788697,0.6219325289130211,2.33132920563221,2
0.5861645374447106,2.33132920563221,0.6219325289130211,2.36571643948555,2
0.5503965459764003,2.36571643948555,0.5861645374447109,2.40010367333889,2
0.5503965459764003,2.40010367333889,0.5861645374447109,2.43449090719223,2
0.5861645374447106,2.36571643948555,0.6219325289130211,2.40010367333889,2
0.5861645374447106,2.40010367333889,0.6219325289130211,2.43449090719223,2
0.4788605630397795,2.4344909071922305,0.5146285545080901,2.468878141045571,2
0.4788605630397795,2.4688781410455705,0.5146285545080901,2.503265374898911,2
0.5146285545080901,2.4344909071922305,0.5503965459764003,2.468878141045571,2
0.5146285545080901,2.4688781410455705,0.5503965459764003,2.503265374898911,2
0.5503965459764003,2.4344909071922305,0.5861645374447109,2.468878141045571,2
0.5503965459764003,2.4688781410455705,0.5861645374447109,2.503265374898911,2
0.5861645374447106,2.4344909071922305,0.6219325289130211,2.468878141045571,2
0.5861645374447106,2.4688781410455705,0.6219325289130211,2.503265374898911,2
0.6219325289130211,2.2969419717788697,0.6577005203813312,2.33132920563221,2
0.6219325289130211,2.33132920563221,0.6577005203813312,2.36571643948555,2
0.6577005203813314,2.2969419717788697,0.6934685118496419,2.33132920563221,2
0.6577005203813314,2.33132920563221,0.6934685118496419,2.36571643948555,2
0.6219325289130211,2.36571643948555,0.6577005203813312,2.40010367333889,2
0.6219325289130211,2.40010367333889,0.6577005203813312,2.43449090719223,2
0.6577005203813314,2.36571643948555,0.6934685118496419,2.40010367333889,2
0.6577005203813314,2.40010367333889,0.6934685118496419,2.43449090719223,2
0.6934685118496419,2.2969419717788697,0.7292365033179521,2.33132920563221,2
0.6934685118496419,2.33132920563221,0.7292365033179521,2.36571643948555,2
0.7292365033179521,2.2969419717788697,0.7650044947862626,2.33132920563221,2
0.7292365033179521,2.33132920563221,0.7650044947862626,2.36571643948555,2
0.6934685118496419,2.36571643948555,0.7292365033179521,2.40010367333889,2
0.6934685118496419,2.40010367333889,0.7292365033179521,2.43449090719223,2
0.7292365033179521,2.36571643948555,0.7650044947862626,2.40010367333889,2
0.7292365033179521,2.40010367333889,0.7650044947862626,2.43449090719223,2
0.6219325289130211,2.4344909071922305,0.6577005203813312,2.468878141045571,2
0.6219325289130211,2.4688781410455705,0.6577005203813312,2.503265374898911,2
0.6577005203813314,2.4344909071922305,0.6934685118496419,2.468878141045571,2
0.6577005203813314,2.4688781410455705,0.6934685118496419,2.503265374898911,2
0.6934685118496419,2.4344909071922305,0.7292365033179521,2.468878141045571,2
0.6934685118496419,2.4688781410455705,0.7292365033179521,2.503265374898911,2
0.7292365033179521,2.4344909071922305,0.7650044947862626,2.468878141045571,2
0.7292365033179521,2.4688781410455705,0.7650044947862626,2.503265374898911,2
0.7650044947862624,2.0218441009521486,0.8007724862545729,2.0562313348054886,2
0.7650044947862624,2.0562313348054886,0.8007724862545729,2.0906185686588286,2
0.8007724862545729,2.0218441009521486,0.836540477722883,2.0562313348054886,2
0.8007724862545729,2.0562313348054886,0.836540477722883,2.0906185686588286,2
0.7650044947862624,2.090618568658829,0.8007724862545729,2.1250058025121694,2
0.7650044947862624,2.125005802512169,0.8007724862545729,2.1593930363655094,2
0.8007724862545729,2.090618568658829,0.836540477722883,2.1250058025121694,2
0.8007724862545729,2.125005802512169,0.836540477722883,2.1593930363655094,2
0.8365404777228832,2.0218441009521486,0.8723084691911936,2.0562313348054886,2
0.8365404777228832,2.0562313348054886,0.8723084691911936,2.0906185686588286,2
0.8723084691911936,2.0218441009521486,0.9080764606595039,2.0562313348054886,2
0.8723084691911936,2.0562313348054886,0.9080764606595039,2.0906185686588286,2
0.8365404777228832,2.090618568658829,0.8723084691911936,2.1250058025121694,2
0.8365404777228832,2.125005802512169,0.8723084691911936,2.1593930363655094,2
0.8723084691911936,2.090618568658829,0.9080764606595039,2.1250058025121694,2
0.8723084691911936,2.125005802512169,0.9080764606595039,2.1593930363655094,2
0.7650044947862624,2.1593930363655094,0.8007724862545729,2.1937802702188494,2
0.7650044947862624,2.1937802702188494,0.8007724862545729,2.2281675040721893,2
0.8007724862545729,2.1593930363655094,0.836540477722883,2.1937802702188494,2
0.8007724862545729,2.1937802702188494,0.836540477722883,2.2281675040721893,2
0.7650044947862624,2.2281675040721893,0.8007724862545729,2.2625547379255293,2
0.7650044947862624,2.2625547379255297,0.8007724862545729,2.29694197177887,2
0.8007724862545729,2.2281675040721893,0.836540477722883,2.2625547379255293,2
0.8007724862545729,2.2625547379255297,0.836540477722883,2.29694197177887,2
0.8365404777228832,2.1593930363655094,0.8723084691911936,2.1937802702188494,2
0.8365404777228832,2.1937802702188494,0.8723084691911936,2.2281675040721893,2
0.8723084691911936,2.1593930363655094,0.9080764606595039,2.1937802702188494,2
0.8723084691911936,2.1937802702188494,0.9080764606595039,2.2281675040721893,2
0.8365404777228832,2.2281675040721893,0.8723084691911936,2.2625547379255293,2
0.8365404777228832,2.2625547379255297,0.8723084691911936,2.29694197177887,2
0.8723084691911936,2.2281675040721893,0.9080764606595039,2.2625547379255293,2
0.8723084691911936,2.2625547379255297,0.9080764606595039,2.29694197177887,2
0.9080764606595039,2.0218441009521486,0.9438444521278144,2.0562313348054886,2
0.9080764606595039,2.0562313348054886,0.9438444521278144,2.0906185686588286,2
0.9438444521278142,2.0218441009521486,0.9796124435961246,2.0562313348054886,2
0.9438444521278142,2.0562313348054886,0.9796124435961246,2.0906185686588286,2
0.9080764606595039,2.090618568658829,0.9438444521278144,2.1250058025121694,2
0.9080764606595039,2.125005802512169,0.9438444521278144,2.1593930363655094,2
0.9438444521278142,2.090618568658829,0.9796124435961246,2.1250058025121694,2
0.9438444521278142,2.125005802512169,0.9796124435961246,2.1593930363655094,2
0.9796124435961246,2.0218441009521486,1.0153804350644349,2.0562313348054886,2
0.9796124435961246,2.0562313348054886,1.0153804350644349,2.0906185686588286,2
1.015380435064435,2.0218441009521486,1.0511484265327455,2.0562313348054886,2
1.015380435064435,2.0562313348054886,1.0511484265327455,2.0906185686588286,2
0.9796124435961246,2.090618568658829,1.0153804350644349,2.1250058025121694,2
0.9796124435961246,2.125005802512169,1.0153804350644349,2.1593930363655094,2
1.015380435064435,2.090618568658829,1.0511484265327455,2.1250058025121694,2
1.015380435064435,2.125005802512169,1.0511484265327455,2.1593930363655094,2
0.9080764606595039,2.1593930363655094,0.9438444521278144,2.1937802702188494,2
0.9080764606595039,2.1937802702188494,0.9438444521278144,2.2281675040721893,2
0.9438444521278142,2.1593930363655094,0.9796124435961246,2.1937802702188494,2
0.9438444521278142,2.1937802702188494,0.9796124435961246,2.2281675040721893,2
0.9080764606595039,2.2281675040721893,0.9438444521278144,2.2625547379255293,2
0.9080764606595039,2.2625547379255297,0.9438444521278144,2.29694197177887,2
0.9438444521278142,2.2281675040721893,0.9796124435961246,2.2625547379255293,2
0.9438444521278142,2.2625547379255297,0.9796124435961246,2.29694197177887,2
0.9796124435961246,2.1593930363655094,1.0153804350644349,2.1937802702188494,2
0.9796124435961246,2.1937802702188494,1.0153804350644349,2.2281675040721893,2
1.015380435064435,2.1593930363655094,1.0511484265327455,2.1937802702188494,2
1.015380435064435,2.1937802702188494,1.0511484265327455,2.2281675040721893,2
0.9796124435961246,2.2281675040721893,1.0153804350644349,2.2625547379255293,2
0.9796124435961246,2.2625547379255297,1.0153804350644349,2.29694197177887,2
1.015380435064435,2.2281675040721893,1.0511484265327455,2.2625547379255293,2
1.015380435064435,2.2625547379255297,1.0511484265327455,2.29694197177887,2
0.7650044947862624,2.2969419717788697,0.8007724862545729,2.33132920563221,2
0.7650044947862624,2.33132920563221,0.8007724862545729,2.36571643948555,2
0.8007724862545729,2.2969419717788697,0.836540477722883,2.33132920563221,2
0.8007724862545729,2.33132920563221,0.836540477722883,2.36571643948555,2
0.7650044947862624,2.36571643948555,0.8007724862545729,2.40010367333889,2
0.7650044947862624,2.40010367333889,0.8007724862545729,2.43449090719223,2
0.8007724862545729,2.36571643948555,0.836540477722883,2.40010367333889,2
0.8007724862545729,2.40010367333889,0.836540477722883,2.43449090719223,2
0.8365404777228832,2.2969419717788697,0.8723084691911936,2.33132920563221,2
0.8365404777228832,2.33132920563221,0.8723084691911936,2.36571643948555,2
0.8723084691911936,2.2969419717788697,0.9080764606595039,2.33132920563221,2
0.8723084691911936,2.33132920563221,0.9080764606595039,2.36571643948555,2
0.8365404777228832,2.36571643948555,0.8723084691911936,2.40010367333889,2
0.8365404777228832,2.40010367333889,0.8723084691911936,2.43449090719223,2
0.8723084691911936,2.36571643948555,0.9080764606595039,2.40010367333889,2
0.8723084691911936,2.40010367333889,0.9080764606595039,2.43449090719223,2
0.7650044947862624,2.4344909071922305,0.8007724862545729,2.468878141045571,2
0.7650044947862624,2.4688781410455705,0.8007724862545729,2.503265374898911,2
0.8007724862545729,2.4344909071922305,0.836540477722883,2.468878141045571,2
0.8007724862545729,2.4688781410455705,0.836540477722883,2.503265374898911,2
0.8365404777228832,2.4344909071922305,0.8723084691911936,2.468878141045571,2
0.8365404777228832,2.4688781410455705,0.8723084691911936,2.503265374898911,2
0.8723084691911936,2.4344909071922305,0.9080764606595039,2.468878141045571,2
0.8723084691911936,2.4688781410455705,0.9080764606595039,2.503265374898911,2
0.9080764606595039,2.2969419717788697,0.9438444521278144,2.33132920563221,2
0.9080764606595039,2.33132920563221,0.9438444521278144,2.36571643948555,2
0.9438444521278142,2.2969419717788697,0.9796124435961246,2.33132920563221,2
0.9438444521278142,2.33132920563221,0.9796124435961246,2.36571643948555,2
0.9080764606595039,2.36571643948555,0.9438444521278144,2.40010367333889,2
0.9080764606595039,2.40010367333889,0.9438444521278144,2.43449090719223,2
0.9438444521278142,2.36571643948555,0.9796124435961246,2.40010367333889,2
0.9438444521278142,2.40010367333889,0.9796124435961246,2.43449090719223,2
0.9796124435961246,2.2969419717788697,1.0153804350644349,2.33132920563221,2
0.9796124435961246,2.33132920563221,1.0153804350644349,2.36571643948555,2
1.015380435064435,2.2969419717788697,1.0511484265327455,2.33132920563221,2
1.015380435064435,2.33132920563221,1.0511484265327455,2.36571643948555,2
0.9796124435961246,2.36571643948555,1.0153804350644349,2.40010367333889,2
0.9796124435961246,2.40010367333889,1.0153804350644349,2.43449090719223,2
1.015380435064435,2.36571643948555,1.0511484265327455,2.40010367333889,2
1.015380435064435,2.40010367333889,1.0511484265327455,2.43449090719223,2
0.9080764606595039,2.4344909071922305,0.9438444521278144,2.468878141045571,2
0.9080764606595039,2.4688781410455705,0.9438444521278144,2.503265374898911,2
0.9438444521278142,2.4344909071922305,0.9796124435961246,2.468878141045571,2
0.9438444521278142,2.4688781410455705,0.9796124435961246,2.503265374898911,2
0.9796124435961246,2.4344909071922305,1.0153804350644349,2.468878141045571,2
0.9796124435961246,2.4688781410455705,1.0153804350644349,2.503265374898911,2
1.015380435064435,2.4344909071922305,1.0511484265327455,2.468878141045571,2
1.015380435064435,2.4688781410455705,1.0511484265327455,2.503265374898911,2
1.0511484265327455,2.0218441009521486,1.0869164180010555,2.0562313348054886,2
1.0511484265327455,2.0562313348054886,1.0869164180010555,2.0906185686588286,2
1.0869164180010555,2.0218441009521486,1.1226844094693662,2.0562313348054886,2
1.0869164180010555,2.0562313348054886,1.1226844094693662,2.0906185686588286,2
1.0511484265327455,2.090618568658829,1.0869164180010555,2.1250058025121694,2
1.0511484265327455,2.125005802512169,1.0869164180010555,2.1593930363655094,2
1.0869164180010555,2.090618568658829,1.1226844094693662,2.1250058025121694,2
1.0869164180010555,2.125005802512169,1.1226844094693662,2.1593930363655094,2
1.122684409469366,2.0218441009521486,1.1584524009376764,2.0562313348054886,2
1.122684409469366,2.0562313348054886,1.1584524009376764,2.0906185686588286,2
1.122684409469366,2.090618568658829,1.1584524009376764,2.1250058025121694,2
1.122684409469366,2.125005802512169,1.1584524009376764,2.1593930363655094,2
1.1584524009376764,2.090618568658829,1.1942203924059867,2.1250058025121694,2
1.1584524009376764,2.125005802512169,1.1942203924059867,2.1593930363655094,2
1.0511484265327455,2.1593930363655094,1.0869164180010555,2.1937802702188494,2
1.0511484265327455,2.1937802702188494,1.0869164180010555,2.2281675040721893,2
1.0869164180010555,2.1593930363655094,1.1226844094693662,2.1937802702188494,2
1.0869164180010555,2.1937802702188494,1.1226844094693662,2.2281675040721893,2
1.0511484265327455,2.2281675040721893,1.0869164180010555,2.2625547379255293,2
1.0511484265327455,2.2625547379255297,1.0869164180010555,2.29694197177887,2
1.0869164180010555,2.2281675040721893,1.1226844094693662,2.2625547379255293,2
1.0869164180010555,2.2625547379255297,1.1226844094693662,2.29694197177887,2
1.122684409469366,2.1593930363655094,1.1584524009376764,2.1937802702188494,2
1.122684409469366,2.1937802702188494,1.1584524009376764,2.2281675040721893,2
1.1584524009376764,2.1593930363655094,1.1942203924059867,2.1937802702188494,2
1.1584524009376764,2.1937802702188494,1.1942203924059867,2.2281675040721893,2
1.122684409469366,2.2281675040721893,1.1584524009376764,2.2625547379255293,2
1.122684409469366,2.2625547379255297,1.1584524009376764,2.29694197177887,2
1.1584524009376764,2.2281675040721893,1.1942203924059867,2.2625547379255293,2
1.1584524009376764,2.2625547379255297,1.1942203924059867,2.29694197177887,2
1.1942203924059869,2.1937802702188494,1.229988383874297,2.2281675040721893,2
1.1942203924059869,2.2281675040721893,1.229988383874297,2.2625547379255293,2
1.1942203924059869,2.2625547379255297,1.229988383874297,2.29694197177887,2
1.2299883838742969,2.2281675040721893,1.2657563753426073,2.2625547379255293,2
1.2299883838742969,2.2625547379255297,1.2657563753426073,2.29694197177887,2
1.2657563753426073,2.2625547379255297,1.301524366810918,2.29694197177887,2
1.0511484265327455,2.2969419717788697,1.0869164180010555,2.33132920563221,2
1.0511484265327455,2.33132920563221,1.0869164180010555,2.36571643948555,2
1.0869164180010555,2.2969419717788697,1.1226844094693662,2.33132920563221,2
1.0869164180010555,2.33132920563221,1.1226844094693662,2.36571643948555,2
1.0511484265327455,2.36571643948555,1.0869164180010555,2.40010367333889,2
1.0511484265327455,2.40010367333889,1.0869164180010555,2.43449090719223,2
1.0869164180010555,2.36571643948555,1.1226844094693662,2.40010367333889,2
1.0869164180010555,2.40010367333889,1.1226844094693662,2.43449090719223,2
1.122684409469366,2.2969419717788697,1.1584524009376764,2.33132920563221,2
1.122684409469366,2.33132920563221,1.1584524009376764,2.36571643948555,2
1.1584524009376764,2.2969419717788697,1.1942203924059867,2.33132920563221,2
1.1584524009376764,2.33132920563221,1.1942203924059867,2.36571643948555,2
1.122684409469366,2.36571643948555,1.1584524009376764,2.40010367333889,2
1.122684409469366,2.40010367333889,1.1584524009376764,2.43449090719223,2
1.1584524009376764,2.36571643948555,1.1942203924059867,2.40010367333889,2
1.0511484265327455,2.4344909071922305,1.0869164180010555,2.468878141045571,2
1.0511484265327455,2.4688781410455705,1.0869164180010555,2.503265374898911,2
1.0869164180010555,2.4344909071922305,1.1226844094693662,2.468878141045571,2
1.1942203924059869,2.2969419717788697,1.229988383874297,2.33132920563221,2
1.1942203924059869,2.33132920563221,1.229988383874297,2.36571643948555,2
1.2299883838742969,2.2969419717788697,1.2657563753426073,2.33132920563221,2
